symbol,entry_bar,exit_bar,entry_time,exit_time,direction,outcome,entry,tp1,tp2,sl,gross_r,net_r,cost_r,mtf_score,volume_ratio,rsi,eff_ratio,vol_atr_pct,vol_ratio_regime,adaptive_pack,adaptive_reason,risk_mult,size_mult,quality_score,trend_score,volatility_score,entry_quality_score,portfolio_risk_score,session,trend_1h,trend_4h,entry_source,bos_extension_atr,bos_candles_ago,overhead_atr,underfoot_atr,buy_pressure,accel_ratio,absorption,signals,score_tags,premium,knn_score,swing_trend
CRCLUSDT,128,138,1785296700,1785306600,SHORT,SL,63.275,62.325875,61.33,64.224125,-1.037797971816151,-1.171131305149484,0.13333333333333303,15,1.32,31.78,0.2492492492492478,0.005446341675867182,0.988744428814697,base,adaptive disabled,1.15,1.0,70.0,55,89,70,80,OFF,bearish,neutral,FVG,1.219,2,2.264,0.697,-0.1495,0.0,1.376,BOS bearish | Vol 1.3x | FVG | ChoCH | Engulfing | Zone:FVG | MTF 15 | Risk x1.15,BOS+2 | BodyStrong+1 | 1h+2 | 4hN+1 | Vol+1 | BTC+2 | FVG+1 | ChoCH+1 | Engulfing+1 | Zone:FVG+1 | Sess:OFF | NestedOB_1h+2 | QualityRisk:1.15,0,0.575,bear
MSFTUSDT,145,150,1785312000,1785317400,LONG,SL,396.26,399.98,400.67,394.67496,-1.9116236814212813,-2.4116236814212835,0.5000000000000024,17,2.54,58.28,0.24629878869448146,0.002689011658203264,1.5195989025033332,base,adaptive disabled,1.15,1.0,79.0,55,89,100,80,OFF,bullish,neutral,OB,0.135,3,4.001,4.21,-0.0741,4.903,1.302,BOS bullish | Vol 2.5x | FVG | OB | ChoCH | Zone:OB | MTF 17 | Risk x1.15,BOS+2 | BodyStrong+1 | 1h+2 | 4hN+1 | Vol+2 | RSI+1 | BTC+2 | FVG+1 | OB+1 | ChoCH+1 | Zone:OB+1 | Sess:OFF | NestedOB_1h+2 | QualityRisk:1.15,0,0.75,bull
BZUSDT,154,163,1785320100,1785329100,LONG,TRAIL,85.195,86.20591335,88.22774005,84.18408665,2.0749191470907746,1.9063685982232572,0.1685505488675174,13,1.4,63.94,0.2480417754569199,0.004571812620061007,1.1067705237091912,base,adaptive disabled,1.25,1.0,70.0,55,89,70,80,OFF,bullish,neutral,FVG,1.264,1,0.484,7.073,0.2711,4.278,2.081,BOS bullish | Vol 1.4x | FVG | ChoCH | BullWick | Zone:FVG | MTF 13 | Risk x1.25,BOS+2 | BodyStrong+1 | 1h+2 | 4hN+1 | Vol+1 | RSI+1 | BTCok+1 | FVG+1 | ChoCH+1 | BullWick+1 | Zone:FVG+1 | Sess:OFF | QualityRisk:1.15 | RelStrengthRisk:1.25,0,0.5,bear
GOOGLUSDT,160,162,1785325500,1785328200,LONG,TRAIL,335.17,336.99664033,340.64992098,333.34335967,1.053592409703222,0.6866126660773993,0.36697974362582275,14,2.05,67.1,0.3019480519480613,0.002902304086109545,1.3387683792763276,base,adaptive disabled,1.15,1.0,71.5,55,96,70,80,OFF,bullish,neutral,FVG,0.285,2,-1.0,7.113,0.1029,10.0,1.762,BOS bullish | Vol 2.0x | FVG | ChoCH | BullWick | Zone:FVG | MTF 14 | Risk x1.15,BOS+2 | 1h+2 | 4hN+1 | Vol+2 | RSI+1 | BTC+2 | FVG+1 | ChoCH+1 | BullWick+1 | Zone:FVG+1 | Sess:OFF | QualityRisk:1.15,0,0.75,bull
XAUUSDT,170,180,1785334500,1785344400,SHORT,SL,4017.75,3988.11542352,3928.84627055,4047.38457648,-1.0680091892442072,-1.3391620435940272,0.27115285434982,17,2.23,35.01,0.3507170795306388,0.0029155844950164516,2.6181300857582825,base,adaptive disabled,1.15,1.0,76.2,55,90,90,80,OPEN,bearish,neutral,FVG,0.373,2,5.61,-1.0,-0.1844,10.0,1.45,BOS bearish | Vol 2.2x | FVG | ChoCH | BearWick | Session:OPEN | Zone:FVG | MTF 17 | Risk x1.15,BOS+2 | BodyStrong+1 | 1h+2 | 4hN+1 | Vol+2 | RSI+1 | BTC+2 | FVG+1 | ChoCH+1 | BearWick+1 | Zone:FVG+1 | Sess:OPEN | NestedOB_1h+2 | QualityRisk:1.15,0,0.65,bear
GOOGLUSDT,185,196,1785348000,1785358800,LONG,SL,338.06,343.1309,353.2727,332.9891,-1.0037665897572385,-1.137099923090572,0.1333333333333335,15,2.39,68.83,0.23458213256484003,0.005383470230338896,1.6165445607881672,base,adaptive disabled,1.15,1.0,79.3,65,88,90,80,MIDDAY,bullish,neutral,FVG,2.641,7,-1.0,5.269,-0.1478,0.0,1.489,BOS bullish | Vol 2.4x | FVG | ChoCH | Engulfing | StrongTrend1h | Zone:FVG | MTF 15 | Risk x1.15,BOS+2 | BodyStrong+1 | 1h+2 | 4hN+1 | Vol+2 | BTC+2 | FVG+1 | ChoCH+1 | Engulfing+1 | Zone:FVG+1 | Sess:MIDDAY | Strong1h+1 | QualityRisk:1.15,0,0.6,range
CRCLUSDT,192,198,1785354300,1785360600,SHORT,TRAIL,61.78,60.8533,58.9999,62.7067,1.149789760143783,1.0164564268104492,0.1333333333333338,14,5.77,38.44,0.15813953488372168,0.016798585092411993,2.638607024275662,base,adaptive disabled,1.0,1.0,69.3,65,68,70,80,CLOSE,bearish,neutral,FVG,0.994,1,3.037,0.207,0.0071,1.194,5.81,BOS bearish | Vol 5.8x | FVG | ChoCH | Session:CLOSE | StrongTrend1h | Zone:FVG | MTF 14,BOS+2 | 1h+2 | 4hN+1 | Vol+2 | RSI+1 | BTC+2 | FVG+1 | ChoCH+1 | Zone:FVG+1 | Sess:CLOSE | Strong1h+1,0,0.5,range
SPYUSDT,192,304,1785354300,1785456000,SHORT,SL,734.085,723.8776228,703.46286841,744.2923772,-1.0399341370474693,-1.1837683435466668,0.14383420649919754,14,1.76,33.0,0.1910032131381666,0.0054260741539670435,3.9162956190285954,base,adaptive disabled,1.0,1.0,68.2,65,62,70,80,CLOSE,bearish,neutral,FVG,0.984,1,4.49,-1.0,-0.2616,0.0,1.675,BOS bearish | Vol 1.8x | FVG | ChoCH | Session:CLOSE | StrongTrend1h | Zone:FVG | MTF 14,BOS+2 | BodyStrong+1 | 1h+2 | 4hN+1 | Vol+1 | RSI+1 | BTC+2 | FVG+1 | ChoCH+1 | Zone:FVG+1 | Sess:CLOSE | Strong1h+1,0,0.4,bear
TSLAUSDT,192,195,1785354300,1785357900,SHORT,TRAIL,300.645,296.135325,287.115975,305.154675,1.3041130985289482,1.1707797651956153,0.13333333333333286,14,1.43,36.4,0.18216463414634115,0.011041889006279573,2.7004542419721154,base,adaptive disabled,1.15,1.0,64.0,65,71,50,80,CLOSE,bearish,neutral,FVG,0.62,1,4.996,-1.0,-0.2357,6.836,2.246,BOS bearish | Vol 1.4x | FVG | LiqSweep | ChoCH | Session:CLOSE | StrongTrend1h | Zone:FVG | MTF 14 | Risk x1.15,BOS+2 | 1h+2 | 4hN+1 | Vol+1 | RSI+1 | BTC+2 | FVG+1 | LiqSweep+1 | ChoCH+1 | Zone:FVG+1 | Sess:CLOSE | Strong1h+1 | QualityRisk:1.15,0,0.475,range
CLUSDT,237,240,1785394800,1785398400,LONG,TRAIL,84.38,85.62908687,88.12726062,83.13091313,0.9299885804706822,0.7948818844888407,0.13510669598184158,14,3.28,56.5,0.3454545454545468,0.005784732309226372,1.4194080306198493,base,adaptive disabled,1.15,1.0,81.8,65,100,90,80,OFF,bullish,neutral,FVG,0.717,6,1.387,2.152,0.2194,5.333,1.832,BOS bullish | Vol 3.3x | FVG | BullWick | StrongTrend1h | Zone:FVG | MTF 14 | Risk x1.15,BOS+2 | BodyStrong+1 | 1h+2 | 4hN+1 | Vol+2 | RSI+1 | BTCok+1 | FVG+1 | BullWick+1 | Zone:FVG+1 | Sess:OFF | Strong1h+1 | QualityRisk:1.15,0,0.4,bear
METAUSDT,239,325,1785396600,1785474900,SHORT,SL,540.22,519.36,517.38615464,547.83128179,-1.028736054719097,-1.1706884918788303,0.14195243715973327,13,1.56,31.93,0.5154716981132063,0.004750245559160939,1.0815454491520946,base,adaptive disabled,1.15,1.0,69.8,65,100,50,80,OFF,bearish,neutral,FVG,1.064,1,25.997,8.543,0.0615,0.738,2.068,BOS bearish | Vol 1.6x | FVG | ChoCH | Engulfing | StrongTrend1h | Zone:FVG | MTF 13 | Risk x1.15,BOS+2 | 1h+2 | 4hN+1 | Vol+1 | BTC+2 | FVG+1 | ChoCH+1 | Engulfing+1 | Zone:FVG+1 | Sess:OFF | Strong1h+1 | QualityRisk:1.15,0,0.6,bear
MSFTUSDT,244,256,1785401100,1785412800,LONG,TRAIL,422.585,428.923775,441.601325,416.246225,1.3356837982698826,1.2023504649365493,0.13333333333333336,15,3.44,68.08,0.2698650674662671,0.00542345553998671,1.1625663670333333,base,adaptive disabled,1.25,1.0,74.2,65,92,70,80,OFF,bullish,neutral,FVG,1.057,1,2.88,15.765,0.2442,0.0,3.113,BOS bullish | Vol 3.4x | FVG | LiqSweep | MACD_Div | ChoCH | StrongTrend1h | Zone:FVG | MTF 15 | Risk x1.25,BOS+2 | 1h+2 | 4hN+1 | Vol+2 | BTC+2 | FVG+1 | LiqSweep+1 | MACD_Div+1 | ChoCH+1 | Zone:FVG+1 | Sess:OFF | Strong1h+1 | QualityRisk:1.15 | RelStrengthRisk:1.25,0,0.675,bear
AMZNUSDT,245,248,1785402000,1785405600,LONG,TRAIL,231.035,234.41,237.3819797,228.9193401,1.5889952841599906,1.3705906152432141,0.21840466891677657,13,1.69,67.31,0.28405797101449365,0.0029945632536716358,1.56506764957871,base,adaptive disabled,1.15,1.0,71.0,55,94,70,80,OFF,bullish,neutral,FVG,2.525,4,0.106,2.782,0.3304,0.0,1.328,BOS bullish | Vol 1.7x | FVG | ChoCH | Zone:FVG | MTF 13 | Risk x1.15,BOS+2 | BodyStrong+1 | 1h+2 | 4hN+1 | Vol+1 | RSI+1 | BTC+2 | FVG+1 | ChoCH+1 | Zone:FVG+1 | Sess:OFF | RelStrengthRisk:1.15,0,0.525,bear
AAPLUSDT,251,260,1785407400,1785416400,SHORT,TRAIL,337.86,335.66801767,331.284053,340.05198233,1.198878599814532,0.8906096914606912,0.3082689083538407,13,10.23,35.22,0.15488721804510922,0.003438477826938343,2.65067566845356,base,adaptive disabled,1.0,1.0,69.3,65,68,70,80,OFF,bearish,neutral,FVG,0.497,1,1.838,2.682,0.1857,0.0,3.656,BOS bearish | Vol 10.2x | FVG | ChoCH | StrongTrend1h | Zone:FVG | MTF 13,BOS+2 | 1h+2 | 4hN+1 | Vol+2 | RSI+1 | BTCok+1 | FVG+1 | ChoCH+1 | Zone:FVG+1 | Sess:OFF | Strong1h+1,0,0.225,range
MSFTUSDT,256,262,1785411900,1785418200,LONG,TP2,428.05,434.47075,447.31225,421.62925,3.0,2.8666666666666667,0.1333333333333334,13,2.99,71.93,0.5075757575757568,0.0050268097049141125,1.3104458485060646,base,adaptive disabled,1.0,1.0,75.8,65,100,70,80,OFF,bullish,neutral,FVG,3.541,9,0.473,6.456,0.1152,1.345,2.195,BOS bullish | Vol 3.0x | FVG | ChoCH | StrongTrend1h | Zone:FVG | MTF 13,BOS+2 | 1h+2 | 4hN+1 | Vol+2 | BTC+2 | FVG+1 | ChoCH+1 | Zone:FVG+1 | Sess:OFF | Strong1h+1,0,0.65,bear
METAUSDT,257,287,1785412800,1785440700,SHORT,SL,530.715,519.36,506.832825,538.675725,-1.1500208837762822,-1.283354217109615,0.13333333333333292,14,2.7,31.86,0.36002320858717934,0.008133188670486702,2.0394249125108246,base,adaptive disabled,1.15,1.0,73.8,65,90,70,80,OFF,bearish,neutral,FVG,0.622,2,19.72,2.856,-0.0799,1.114,2.6,BOS bearish | Vol 2.7x | FVG | ChoCH | Engulfing | StrongTrend1h | Zone:FVG | MTF 14 | Risk x1.15,BOS+2 | 1h+2 | 4hN+1 | Vol+2 | BTC+2 | FVG+1 | ChoCH+1 | Engulfing+1 | Zone:FVG+1 | Sess:OFF | Strong1h+1 | QualityRisk:1.15,0,0.625,bull
XAGUSDT,258,274,1785413700,1785429000,LONG,TRAIL,57.915,58.783725,60.521175,57.046275,1.3012572264152764,1.1679238930819427,0.1333333333333337,15,1.53,60.41,0.31578947368421223,0.003943979743919734,0.9921681216677664,base,adaptive disabled,1.15,1.0,78.2,65,97,80,80,OFF,bullish,neutral,OB,0.438,1,0.219,5.301,0.0846,1.0,1.243,BOS bullish | Vol 1.5x | FVG | OB | ChoCH | BullWick | StrongTrend1h | Zone:OB | MTF 15 | Risk x1.15,BOS+2 | BodyStrong+1 | 1h+2 | 4hN+1 | Vol+1 | RSI+1 | BTCok+1 | FVG+1 | OB+1 | ChoCH+1 | BullWick+1 | Zone:OB+1 | Sess:OFF | Strong1h+1 | QualityRisk:1.15,0,0.4,bull
MSTRUSDT,288,310,1785440700,1785461400,LONG,TRAIL,96.985,98.439775,101.349325,95.530225,1.2321476779262086,1.098814344592875,0.13333333333333353,15,3.22,61.87,0.2647554806070842,0.006105705341583248,1.0974440008419886,base,adaptive disabled,1.25,1.0,82.7,90,91,70,80,CLOSE,bullish,bullish,FVG,0.24,1,1.04,3.407,-0.1639,0.524,2.754,BOS bullish | Vol 3.2x | FVG | ChoCH | Session:CLOSE | StrongTrend1h | Zone:FVG | MTF 15 | Risk x1.25,BOS+2 | 1h+2 | 4h+2 | Vol+2 | RSI+1 | BTC+2 | FVG+1 | ChoCH+1 | Zone:FVG+1 | Sess:CLOSE | Strong1h+1 | QualityRisk:1.15 | TrendPairRisk:1.25,0,0.475,bull
EWYUSDT,305,308,1785456000,1785459600,LONG,TRAIL,161.635,164.059525,168.908575,159.210475,1.5417409299388989,1.408407596605565,0.13333333333333397,17,7.69,59.58,0.1561461794019927,0.015387977097202543,2.2561572238530125,base,adaptive disabled,1.25,1.0,81.1,90,68,80,80,OFF,bullish,bullish,OB,0.081,8,-1.0,10.078,0.0973,0.08,2.323,BOS bullish | Vol 7.7x | FVG | OB | ChoCH | BullWick | StrongTrend1h | Zone:OB | MTF 17 | Risk x1.25,BOS+2 | 1h+2 | 4h+2 | Vol+2 | RSI+1 | BTC+2 | FVG+1 | OB+1 | ChoCH+1 | BullWick+1 | Zone:OB+1 | Sess:OFF | Strong1h+1 | QualityRisk:1.15 | TrendPairRisk:1.25,0,0.6,bull
GOOGLUSDT,307,338,1785457800,1785486600,LONG,TRAIL,336.33,342.83,345.43381741,333.2953942,2.4859293974335492,2.2642663399122074,0.22166305752134202,15,1.85,68.75,0.42992125984251334,0.0029075623425924534,0.8574993153032351,base,adaptive disabled,1.25,1.0,84.5,90,100,70,80,OFF,bullish,bullish,FVG,1.087,2,1.174,3.88,0.0512,2.412,1.495,BOS bullish | Vol 1.9x | FVG | ChoCH | BullWick | StrongTrend1h | Zone:FVG | MTF 15 | Risk x1.25,BOS+2 | BodyStrong+1 | 1h+2 | 4h+2 | Vol+1 | BTC+2 | FVG+1 | ChoCH+1 | BullWick+1 | Zone:FVG+1 | Sess:OFF | Strong1h+1 | QualityRisk:1.15 | TrendPairRisk:1.25,0,0.6,bull
SKHYNIXUSDT,327,330,1785475800,1785479400,LONG,TRAIL,1182.71,1200.45065,1235.93195,1164.96935,0.0,-0.13333333333333366,0.13333333333333366,14,1.4,68.54,0.1557835820895518,0.013059007395852465,1.0868541953741306,base,adaptive disabled,1.25,1.0,80.1,90,78,70,80,OFF,bullish,bullish,FVG,0.38,1,-1.0,7.402,0.1742,0.0,1.205,BOS bullish | Vol 1.4x | FVG | ChoCH | StrongTrend1h | Zone:FVG | MTF 14 | Risk x1.25,BOS+2 | BodyStrong+1 | 1h+2 | 4h+2 | Vol+1 | BTC+2 | FVG+1 | ChoCH+1 | Zone:FVG+1 | Sess:OFF | Strong1h+1 | QualityRisk:1.15 | TrendPairRisk:1.25,0,0.425,bull
AAPLUSDT,328,359,1785476700,1785505500,SHORT,TRAIL,314.28,306.38,300.2524,316.77637645,5.347008037213383,5.0952190892764655,0.25178894793691736,14,2.08,32.46,0.20784313725489467,0.0026634297521402318,0.8674543580375099,base,adaptive disabled,1.15,1.0,81.3,90,84,70,80,OFF,bearish,bearish,FVG,1.373,6,23.665,5.71,-0.1457,0.0,3.852,BOS bearish | Vol 2.1x | FVG | ChoCH | StrongTrend1h | Zone:FVG | MTF 14 | Risk x1.15,BOS+2 | 1h+2 | 4h+2 | Vol+2 | RSI+1 | BTCok+1 | FVG+1 | ChoCH+1 | Zone:FVG+1 | Sess:OFF | Strong1h+1 | QualityRisk:1.15,0,0.45,bull
GOOGLUSDT,329,360,1785477600,1785506400,LONG,TRAIL,341.565,344.95885238,351.74655713,338.17114762,1.0637604411552646,0.8624759056151536,0.201284535540111,16,3.68,65.82,0.392523364485974,0.0024761428915522866,1.2624577015267155,base,adaptive disabled,1.25,1.0,90.5,90,100,90,80,OFF,bullish,bullish,FVG,1.03,1,1.627,9.841,0.2626,0.5,1.75,BOS bullish | Vol 3.7x | FVG | ChoCH | Engulfing | StrongTrend1h | Zone:FVG | MTF 16 | Risk x1.25,BOS+2 | BodyStrong+1 | 1h+2 | 4h+2 | Vol+2 | RSI+1 | BTCok+1 | FVG+1 | ChoCH+1 | Engulfing+1 | Zone:FVG+1 | Sess:OFF | Strong1h+1 | QualityRisk:1.15 | TrendPairRisk:1.25,0,0.65,bull
EWYUSDT,330,342,1785478500,1785490200,LONG,SL,167.205,169.713075,174.729225,164.696925,-1.0665550272619402,-1.1998883605952726,0.13333333333333233,13,1.76,69.46,0.23849372384937392,0.007216928227852492,0.9969500440382296,base,adaptive disabled,1.25,1.0,76.1,90,88,50,80,OFF,bullish,bullish,FVG,1.323,4,-1.0,6.315,0.2338,0.0,2.467,BOS bullish | Vol 1.8x | FVG | ChoCH | BullWick | StrongTrend1h | Zone:FVG | MTF 13 | Risk x1.25,BOS+2 | 1h+2 | 4h+2 | Vol+1 | BTCok+1 | FVG+1 | ChoCH+1 | BullWick+1 | Zone:FVG+1 | Sess:OFF | Strong1h+1 | QualityRisk:1.15 | TrendPairRisk:1.25,0,0.625,range
MRVLUSDT,338,359,1785485700,1785505500,LONG,TRAIL,195.97,200.92,204.78865,193.03045,0.0,-0.13333333333333347,0.13333333333333347,17,1.93,63.14,0.3036354326676906,0.01042898681258878,1.1152814870289631,base,adaptive disabled,1.25,1.0,80.7,90,96,60,80,OFF,bullish,bullish,OB,0.241,1,0.895,4.124,0.3792,0.309,2.75,BOS bullish | Vol 1.9x | FVG | OB | ChoCH | Engulfing | BullWick | StrongTrend1h | Zone:OB | MTF 17 | Risk x1.25,BOS+2 | 1h+2 | 4h+2 | Vol+1 | RSI+1 | BTC+2 | FVG+1 | OB+1 | ChoCH+1 | Engulfing+1 | BullWick+1 | Zone:OB+1 | Sess:OFF | Strong1h+1 | QualityRisk:1.15 | TrendPairRisk:1.25,0,0.525,range
AAPLUSDT,340,359,1785487500,1785505500,SHORT,TRAIL,311.78,306.38,300.56077387,315.51974204,2.8996679990873475,2.732929225842977,0.16673877324437017,15,1.31,35.66,0.3530326594090201,0.005666582702255081,1.5987931267502622,base,adaptive disabled,1.15,1.0,87.5,90,100,80,80,OFF,bearish,bearish,OB,1.731,6,21.932,2.77,-0.3246,1.402,1.194,BOS bearish | Vol 1.3x | FVG | OB | ChoCH | StrongTrend1h | Zone:OB | MTF 15 | Risk x1.15,BOS+2 | BodyStrong+1 | 1h+2 | 4h+2 | Vol+1 | RSI+1 | BTCok+1 | FVG+1 | OB+1 | ChoCH+1 | Zone:OB+1 | Sess:OFF | Strong1h+1 | QualityRisk:1.15,0,0.425,bear
MSFTUSDT,340,358,1785487500,1785504600,LONG,TRAIL,447.37,452.65,457.2,445.04653344,2.2717182284139636,1.8866298370406849,0.38508839137327866,20,2.09,57.93,0.15760111576010935,0.002933930357233538,1.4115675258503848,base,adaptive disabled,1.25,1.0,86.1,90,78,90,80,OFF,bullish,bullish,FVG,0.156,2,9.513,2.907,0.0662,0.0,3.066,BOS bullish | Vol 2.1x | FVG | LiqSweep | MACD_Div | Engulfing | StrongTrend1h | Zone:FVG | MTF 20 | Risk x1.25,BOS+2 | BodyStrong+1 | 1h+2 | 4h+2 | Vol+2 | RSI+1 | BTC+2 | FVG+1 | LiqSweep+1 | MACD_Div+1 | Engulfing+1 | Zone:FVG+1 | Sess:OFF | Strong1h+1 | NestedOB_1h+2 | QualityRisk:1.15 | TrendPairRisk:1.25,0,0.7,bear
INTCUSDT,342,359,1785489300,1785505500,LONG,TRAIL,95.21,97.45,99.49445,93.78185,0.0,-0.13333333333333444,0.13333333333333444,15,1.31,59.91,0.17417783191230274,0.007035651932754378,1.0885652941214137,base,adaptive disabled,1.25,1.0,83.5,90,80,80,80,OFF,bullish,bullish,OB,0.057,1,1.269,7.87,0.1031,0.0,1.673,BOS bullish | Vol 1.3x | FVG | OB | ChoCH | StrongTrend1h | Zone:OB | MTF 15 | Risk x1.25,BOS+2 | BodyStrong+1 | 1h+2 | 4h+2 | Vol+1 | RSI+1 | BTCok+1 | FVG+1 | OB+1 | ChoCH+1 | Zone:OB+1 | Sess:OFF | Strong1h+1 | QualityRisk:1.15 | TrendPairRisk:1.25,0,0.55,range
AMZNUSDT,347,352,1785493800,1785499200,LONG,SL,265.525,269.507875,277.473625,261.542125,-1.105984998273859,-1.239318331607193,0.13333333333333403,14,1.92,71.77,0.5177993527508115,0.005731151181996408,1.7583717650293231,base,adaptive disabled,1.15,1.0,78.5,90,100,50,80,OFF,bullish,bullish,FVG,4.441,9,-1.0,25.28,0.1663,0.201,1.691,BOS bullish | Vol 1.9x | FVG | ChoCH | Engulfing | StrongTrend1h | Zone:FVG | MTF 14 | Risk x1.15,BOS+2 | 1h+2 | 4h+2 | Vol+1 | BTC+2 | FVG+1 | ChoCH+1 | Engulfing+1 | Zone:FVG+1 | Sess:OFF | Strong1h+1 | TrendPairRisk:1.15,0,0.675,bear
AAPLUSDT,353,359,1785499200,1785505500,SHORT,TRAIL,309.79,306.08840329,298.68520986,313.49159671,2.3917073698327824,2.224325548272864,0.1673818215599186,16,1.63,33.21,0.31311706629054975,0.004173438216953223,1.1992317283783178,base,adaptive disabled,1.15,1.0,86.9,90,97,80,80,OFF,bearish,bearish,OB,0.64,4,22.707,1.191,-0.2252,1.085,1.351,BOS bearish | Vol 1.6x | FVG | OB | BearWick | StrongTrend1h | Zone:OB | MTF 16 | Risk x1.15,BOS+2 | BodyStrong+1 | 1h+2 | 4h+2 | Vol+1 | RSI+1 | BTC+2 | FVG+1 | OB+1 | BearWick+1 | Zone:OB+1 | Sess:OFF | Strong1h+1 | QualityRisk:1.15,0,0.625,bear
MSFTUSDT,353,358,1785499200,1785504600,LONG,TRAIL,447.37,452.65,457.2,445.00783331,2.233844611761773,1.855065246280158,0.37877936548161517,16,1.4,57.9,0.22170900692840476,0.0035049494754769684,1.8244892228920973,base,adaptive disabled,1.25,1.0,73.7,90,76,50,80,OFF,bullish,bullish,FVG,0.369,1,8.211,3.384,0.0016,1.4,0.963,BOS bullish | Vol 1.4x | FVG | ChoCH | Engulfing | StrongTrend1h | Zone:FVG | MTF 16 | Risk x1.25,BOS+2 | 1h+2 | 4h+2 | Vol+1 | RSI+1 | BTCok+1 | FVG+1 | ChoCH+1 | Engulfing+1 | Zone:FVG+1 | Sess:OFF | Strong1h+1 | NestedOB_1h+2 | QualityRisk:1.15 | TrendPairRisk:1.25,0,0.675,range
GOOGLUSDT,384,595,1785527100,1785717900,LONG,TRAIL,355.785,361.121775,371.795325,350.448225,1.0218353742435105,0.8885020409101783,0.1333333333333322,16,2.71,69.27,0.20418271876719737,0.00539774161944142,1.8264929498933864,base,adaptive disabled,1.25,1.0,88.3,90,74,100,80,CLOSE,bullish,bullish,OB,1.508,9,-1.0,11.788,-0.1927,1.027,1.762,BOS bullish | Vol 2.7x | FVG | OB | ChoCH | Session:CLOSE | StrongTrend1h | Zone:OB | MTF 16 | Risk x1.25,BOS+2 | BodyStrong+1 | 1h+2 | 4h+2 | Vol+2 | BTC+2 | FVG+1 | OB+1 | ChoCH+1 | Zone:OB+1 | Sess:CLOSE | Strong1h+1 | QualityRisk:1.15 | TrendPairRisk:1.25,0,0.75,range
NVDAUSDT,384,611,1785527100,1785732300,LONG,TRAIL,199.71,202.70565,208.69695,196.71435,1.0381499062520518,0.904816572918719,0.1333333333333328,14,2.47,66.0,0.24767225325884426,0.007700502327264024,2.467762592588577,base,adaptive disabled,1.25,1.0,71.5,65,79,70,80,CLOSE,bullish,neutral,FVG,0.917,2,-1.0,5.671,-0.0493,1.354,2.116,BOS bullish | Vol 2.5x | FVG | ChoCH | Session:CLOSE | StrongTrend1h | Zone:FVG | MTF 14 | Risk x1.25,BOS+2 | 1h+2 | 4hN+1 | Vol+2 | RSI+1 | BTC+2 | FVG+1 | ChoCH+1 | Zone:FVG+1 | Sess:CLOSE | Strong1h+1 | QualityRisk:1.15 | RelStrengthRisk:1.25,0,0.525,bull
SPYUSDT,384,386,1785527100,1785529800,LONG,TRAIL,740.955,743.91882,749.84646,737.99118,2.177879062401391,1.6778790624014004,0.49999999999999073,17,2.21,58.44,0.32885906040268226,0.0018814538988078209,2.123106697295629,base,adaptive disabled,1.25,1.0,91.3,90,89,100,80,CLOSE,bullish,bullish,OB,0.238,3,-1.0,7.808,0.195,0.107,1.115,BOS bullish | Vol 2.2x | FVG | OB | ChoCH | Session:CLOSE | StrongTrend1h | Zone:OB | MTF 17 | Risk x1.25,BOS+2 | BodyStrong+1 | 1h+2 | 4h+2 | Vol+2 | RSI+1 | BTC+2 | FVG+1 | OB+1 | ChoCH+1 | Zone:OB+1 | Sess:CLOSE | Strong1h+1 | QualityRisk:1.15 | TrendPairRisk:1.25,0,0.45,bull
BZUSDT,619,626,1785738600,1785745800,SHORT,SL,83.385,82.0,81.12515514,84.13828162,-1.373988124122825,-1.5953794279488773,0.2213913038260524,17,1.34,34.37,0.2701754385964944,0.0043353027661824665,1.258732734182722,base,adaptive disabled,1.15,1.0,82.9,90,92,70,80,OFF,bearish,bearish,FVG,1.012,1,8.531,1.045,0.0197,4.5,0.943,BOS bearish | Vol 1.3x | FVG | ChoCH | Engulfing | BearWick | StrongTrend1h | Zone:FVG | MTF 17 | Risk x1.15,BOS+2 | BodyStrong+1 | 1h+2 | 4h+2 | Vol+1 | RSI+1 | BTC+2 | FVG+1 | ChoCH+1 | Engulfing+1 | BearWick+1 | Zone:FVG+1 | Sess:OFF | Strong1h+1 | QualityRisk:1.15,0,0.55,range
CLUSDT,619,691,1785738600,1785804300,SHORT,SL,79.655,78.50888811,76.21666433,80.80111189,-1.2433341041423074,-1.3823344944096136,0.13900039026730626,17,2.27,30.17,0.37583892617450304,0.004581343837848952,1.2392535081396807,base,adaptive disabled,1.15,1.0,93.5,90,100,100,80,OFF,bearish,bearish,OB,1.614,7,7.355,1.179,-0.1319,2.027,1.745,BOS bearish | Vol 2.3x | FVG | OB | ChoCH | BearWick | StrongTrend1h | Zone:OB | MTF 17 | Risk x1.15,BOS+2 | BodyStrong+1 | 1h+2 | 4h+2 | Vol+2 | BTC+2 | FVG+1 | OB+1 | ChoCH+1 | BearWick+1 | Zone:OB+1 | Sess:OFF | Strong1h+1 | QualityRisk:1.15,0,0.475,range
AAPLUSDT,626,632,1785744900,1785751200,SHORT,SL,308.94,306.9,305.23272,310.17576,-1.50514663041365,-2.2551466304136336,0.7499999999999832,14,5.08,36.18,0.3732970027247895,0.002776559090737715,2.3848328790205264,base,adaptive disabled,1.0,1.5,72.0,60,90,70,80,OFF,neutral,bearish,FVG,1.398,1,0.894,0.458,-0.1825,1.246,3.311,BOS bearish | Vol 5.1x | FVG | ChoCH | Engulfing | Zone:FVG | MTF 14,BOS+2 | 1hN+1 | 4h+2 | Vol+2 | RSI+1 | BTC+2 | FVG+1 | ChoCH+1 | Engulfing+1 | Zone:FVG+1 | Sess:OFF,0,0.5,range
GOOGLUSDT,633,646,1785751200,1785763800,LONG,TP2,361.325,365.12836904,372.73510713,357.52163096,4.5000000039438754,4.2149961064519825,0.28500389749189264,18,7.36,66.72,0.316326530612245,0.002646978453075929,1.3460444654694084,base,adaptive disabled,1.25,1.5,89.9,90,97,90,80,OFF,bullish,bullish,FVG,1.271,1,-1.0,9.445,0.3951,2.333,4.961,BOS bullish | Vol 7.4x | FVG | ChoCH | Engulfing | BullWick | StrongTrend1h | Zone:FVG | MTF 18 | Risk x1.25,BOS+2 | BodyStrong+1 | 1h+2 | 4h+2 | Vol+2 | RSI+1 | BTC+2 | FVG+1 | ChoCH+1 | Engulfing+1 | BullWick+1 | Zone:FVG+1 | Sess:OFF | Strong1h+1 | QualityRisk:1.15 | TrendPairRisk:1.25,0,0.6,range
MSFTUSDT,636,638,1785753900,1785756600,LONG,TRAIL,470.34,474.157068,481.791204,466.522932,0.9664269224561828,0.719986460824372,0.24644046163181071,18,2.44,61.64,0.2791282481139995,0.0030455801653141968,1.437606128336635,base,adaptive disabled,1.25,1.0,86.1,90,93,80,80,OFF,bullish,bullish,OB,0.237,2,-1.0,10.539,0.0416,0.708,1.724,BOS bullish | Vol 2.4x | FVG | OB | ChoCH | StrongTrend1h | Zone:OB | MTF 18 | Risk x1.25,BOS+2 | 1h+2 | 4h+2 | Vol+2 | RSI+1 | BTC+2 | FVG+1 | OB+1 | ChoCH+1 | Zone:OB+1 | Sess:OFF | Strong1h+1 | NestedOB_1h+2 | QualityRisk:1.15 | TrendPairRisk:1.25,0,0.675,range
METAUSDT,640,642,1785757500,1785760200,LONG,TRAIL,564.8,567.14483692,571.83451077,562.45516308,2.0224035550453747,1.5406642961803965,0.4817392588649782,15,2.42,60.82,0.1943198804185369,0.0026397482965492256,1.1730667292313164,base,adaptive disabled,1.25,1.0,84.1,90,83,80,80,OFF,bullish,bullish,OB,0.324,1,0.36,6.75,0.141,0.0,2.624,BOS bullish | Vol 2.4x | FVG | OB | ChoCH | StrongTrend1h | Zone:OB | MTF 15 | Risk x1.25,BOS+2 | 1h+2 | 4h+2 | Vol+2 | RSI+1 | BTCok+1 | FVG+1 | OB+1 | ChoCH+1 | Zone:OB+1 | Sess:OFF | Strong1h+1 | QualityRisk:1.15 | TrendPairRisk:1.25,0,0.475,bear
CRCLUSDT,643,647,1785760200,1785764700,SHORT,TRAIL,59.27,58.38095,56.60285,60.15905,0.0,-0.13333333333333372,0.13333333333333372,13,2.17,29.39,0.49722735674676516,0.006040171213881149,1.6269069856544989,base,adaptive disabled,1.15,1.0,87.5,90,100,80,80,OFF,bearish,bearish,OB,6.125,9,6.409,0.543,-0.172,0.18,1.954,BOS bearish | Vol 2.2x | FVG | OB | StrongTrend1h | Zone:OB | MTF 13 | Risk x1.15,BOS+2 | 1h+2 | 4h+2 | Vol+2 | BTCok+1 | FVG+1 | OB+1 | Zone:OB+1 | Sess:OFF | Strong1h+1 | QualityRisk:1.15,0,0.575,range
XAGUSDT,643,646,1785760200,1785763800,SHORT,TRAIL,57.865,57.10387469,55.58162407,58.62612531,2.190614947968689,1.9625381809511784,0.22807676701751078,14,2.01,29.31,0.3414634146341418,0.004150355129204052,1.4223511166343568,base,adaptive disabled,1.15,1.5,81.8,65,100,90,80,OFF,bearish,neutral,FVG,1.626,1,1.161,0.232,-0.1064,0.0,1.505,BOS bearish | Vol 2.0x | FVG | ChoCH | Engulfing | StrongTrend1h | Zone:FVG | MTF 14 | Risk x1.15,BOS+2 | BodyStrong+1 | 1h+2 | 4hN+1 | Vol+2 | BTCok+1 | FVG+1 | ChoCH+1 | Engulfing+1 | Zone:FVG+1 | Sess:OFF | Strong1h+1 | QualityRisk:1.15,0,0.475,range
AMZNUSDT,644,648,1785761100,1785765600,LONG,TRAIL,277.245,280.63863021,287.42589062,273.85136979,2.994390715208392,2.8309993125841224,0.16339140262426993,16,2.53,71.49,0.48457350272234173,0.0026895817553554903,1.3695449912413704,base,adaptive disabled,1.15,1.0,84.5,90,100,70,80,OFF,bullish,bullish,FVG,1.263,2,-1.0,5.538,0.1353,1.697,2.135,BOS bullish | Vol 2.5x | FVG | ChoCH | Engulfing | BullWick | StrongTrend1h | Zone:FVG | MTF 16 | Risk x1.15,BOS+2 | 1h+2 | 4h+2 | Vol+2 | BTC+2 | FVG+1 | ChoCH+1 | Engulfing+1 | BullWick+1 | Zone:FVG+1 | Sess:OFF | Strong1h+1 | TrendPairRisk:1.15,0,0.675,bear
XAUUSDT,647,734,1785763800,1785843000,SHORT,SL,4045.7,4016.58707647,3958.36122941,4074.81292353,-2.0678101921975114,-2.623673294826971,0.5558631026294598,13,5.81,30.71,0.3682678311499218,0.003091104880351107,1.9380752045204939,base,adaptive disabled,1.15,2.0,73.8,65,90,70,80,OPEN,bearish,neutral,FVG,1.813,4,2.214,1.55,0.0511,1.942,2.78,BOS bearish | Vol 5.8x | FVG | ChoCH | Engulfing | Session:OPEN | StrongTrend1h | Zone:FVG | MTF 13 | Risk x1.15,BOS+2 | 1h+2 | 4hN+1 | Vol+2 | BTCok+1 | FVG+1 | ChoCH+1 | Engulfing+1 | Zone:FVG+1 | Sess:OPEN | Strong1h+1 | QualityRisk:1.15,0,0.5,bear
TSLAUSDT,653,714,1785769200,1785825000,LONG,TRAIL,321.24,326.0586,335.6958,316.4214,1.057466276824248,0.9241329434909147,0.13333333333333325,14,1.47,71.9,0.36510962821734805,0.006219244735361531,3.111300576578619,base,adaptive disabled,1.25,1.0,74.5,90,80,50,80,MIDDAY,bullish,bullish,FVG,3.937,6,-1.0,5.81,0.3787,0.0,2.589,BOS bullish | Vol 1.5x | FVG | ChoCH | BullWick | StrongTrend1h | Zone:FVG | MTF 14 | Risk x1.25,BOS+2 | 1h+2 | 4h+2 | Vol+1 | BTC+2 | FVG+1 | ChoCH+1 | BullWick+1 | Zone:FVG+1 | Sess:MIDDAY | Strong1h+1 | QualityRisk:1.15 | TrendPairRisk:1.25,0,0.6,bear
CBRSUSDT,657,659,1785772800,1785775500,LONG,TRAIL,211.05,214.21575,220.54725,207.88425,1.0340767037054917,0.9007433703721585,0.13333333333333322,15,1.71,70.72,0.4326797385620918,0.02058164900885623,2.8792567433882987,base,adaptive disabled,1.25,1.0,82.5,90,90,70,80,MIDDAY,bullish,bullish,FVG,0.865,1,0.331,5.035,0.2835,0.0,1.38,BOS bullish | Vol 1.7x | FVG | ChoCH | Engulfing | StrongTrend1h | Zone:FVG | MTF 15 | Risk x1.25,BOS+2 | BodyStrong+1 | 1h+2 | 4h+2 | Vol+1 | BTC+2 | FVG+1 | ChoCH+1 | Engulfing+1 | Zone:FVG+1 | Sess:MIDDAY | Strong1h+1 | TrendPairRisk:1.15 | RelStrengthRisk:1.25,0,0.35,range
GOOGLUSDT,695,720,1785807000,1785830400,LONG,SL,373.385,376.51082444,382.76247333,370.25917556,-1.1820881405610943,-1.4209915128822879,0.23890337232119352,18,1.7,63.73,0.21861777150916673,0.002500402555986082,1.0471067827436369,base,adaptive disabled,1.25,1.0,81.7,90,86,70,80,OFF,bullish,bullish,FVG,1.093,1,3.576,19.034,0.2411,0.0,2.606,BOS bullish | Vol 1.7x | FVG | LiqSweep | MACD_Div | ChoCH | BullWick | StrongTrend1h | Zone:FVG | MTF 18 | Risk x1.25,BOS+2 | BodyStrong+1 | 1h+2 | 4h+2 | Vol+1 | RSI+1 | BTC+2 | FVG+1 | LiqSweep+1 | MACD_Div+1 | ChoCH+1 | BullWick+1 | Zone:FVG+1 | Sess:OFF | Strong1h+1 | QualityRisk:1.15 | TrendPairRisk:1.25,0,0.7,bear
SPCXUSDT,705,734,1785816000,1785843000,LONG,TRAIL,115.815,117.552225,121.026675,114.077775,0.9389532797785153,0.8056199464451815,0.13333333333333372,16,4.86,64.91,0.17193947730398942,0.00980987287802968,1.6896762860233345,base,adaptive disabled,1.15,1.0,86.5,90,80,90,80,OFF,bullish,bullish,FVG,1.418,3,2.068,4.556,0.0456,0.0,2.351,BOS bullish | Vol 4.9x | FVG | ChoCH | StrongTrend1h | Zone:FVG | MTF 16 | Risk x1.15,BOS+2 | BodyStrong+1 | 1h+2 | 4h+2 | Vol+2 | RSI+1 | BTC+2 | FVG+1 | ChoCH+1 | Zone:FVG+1 | Sess:OFF | Strong1h+1 | TrendPairRisk:1.15,0,0.475,range
CBRSUSDT,710,712,1785820500,1785823200,LONG,TRAIL,219.635,222.37,226.81460061,217.2417998,1.162908139454981,0.9793589319962815,0.18354920745869938,16,1.35,58.81,0.20195667365478667,0.004151529426924503,0.8144851921637414,base,adaptive disabled,1.25,1.0,84.3,90,84,80,80,OFF,bullish,bullish,OB,0.365,2,1.085,3.092,0.0317,1.125,1.324,BOS bullish | Vol 1.4x | FVG | OB | ChoCH | StrongTrend1h | Zone:OB | MTF 16 | Risk x1.25,BOS+2 | BodyStrong+1 | 1h+2 | 4h+2 | Vol+1 | RSI+1 | BTC+2 | FVG+1 | OB+1 | ChoCH+1 | Zone:OB+1 | Sess:OFF | Strong1h+1 | QualityRisk:1.15 | TrendPairRisk:1.25,0,0.5,bear
TSLAUSDT,710,715,1785820500,1785825900,LONG,TRAIL,323.53,326.30767186,331.86301558,320.75232814,1.414688230456559,1.065262506713942,0.3494257237426168,14,1.43,68.51,0.45584045584045907,0.00119000081535465,0.6414501061702363,base,adaptive disabled,1.25,1.5,82.5,90,90,70,80,OFF,bullish,bullish,FVG,1.669,5,-1.0,8.092,0.2037,0.778,1.395,BOS bullish | Vol 1.4x | FVG | ChoCH | StrongTrend1h | Zone:FVG | MTF 14 | Risk x1.25,BOS+2 | BodyStrong+1 | 1h+2 | 4h+2 | Vol+1 | BTC+2 | FVG+1 | ChoCH+1 | Zone:FVG+1 | Sess:OFF | Strong1h+1 | QualityRisk:1.15 | TrendPairRisk:1.25,0,0.6,range
METAUSDT,713,720,1785823200,1785830400,LONG,SL,592.95,598.31,605.43734258,588.78755247,-1.3934109579034277,-1.6783154501409545,0.28490449223752684,15,2.81,66.05,0.3632653061224423,0.0009718671037716696,0.7459395562716462,base,adaptive disabled,1.25,1.0,88.5,90,90,90,80,OFF,bullish,bullish,FVG,0.745,2,6.471,5.478,0.237,2.814,2.793,BOS bullish | Vol 2.8x | FVG | ChoCH | StrongTrend1h | Zone:FVG | MTF 15 | Risk x1.25,BOS+2 | BodyStrong+1 | 1h+2 | 4h+2 | Vol+2 | RSI+1 | BTCok+1 | FVG+1 | ChoCH+1 | Zone:FVG+1 | Sess:OFF | Strong1h+1 | QualityRisk:1.15 | TrendPairRisk:1.25,0,0.65,range
AAPLUSDT,714,734,1785824100,1785843000,SHORT,TRAIL,304.335,303.09720394,300.61,305.57279606,1.2186887696279864,0.7269518675085832,0.49173690211940324,16,1.34,34.57,0.2367491166077713,0.0015105329181198557,1.6446466622079112,base,adaptive disabled,1.0,1.0,76.1,90,88,50,80,OFF,bearish,bearish,FVG,2.089,2,11.64,3.931,-0.3112,0.0,0.597,BOS bearish | Vol 1.3x | FVG | ChoCH | StrongTrend1h | Zone:FVG | MTF 16,BOS+2 | 1h+2 | 4h+2 | Vol+1 | RSI+1 | BTC+2 | FVG+1 | ChoCH+1 | Zone:FVG+1 | Sess:OFF | Strong1h+1 | NestedOB_1h+2,0,0.6,range
MUUSDT,715,722,1785825000,1785832200,LONG,TRAIL,842.78,855.4217,880.7051,830.1383,1.7624903079095076,1.6291569745761745,0.13333333333333316,13,2.24,64.29,0.1737967914438509,0.0069081321173631366,0.9761558009615244,base,adaptive disabled,1.25,1.0,68.2,55,80,70,80,OFF,bullish,neutral,FVG,1.058,3,0.404,1.679,-0.0074,0.0,3.088,BOS bullish | Vol 2.2x | FVG | ChoCH | BullWick | Zone:FVG | MTF 13 | Risk x1.25,BOS+2 | 1h+2 | 4hN+1 | Vol+2 | RSI+1 | BTCok+1 | FVG+1 | ChoCH+1 | BullWick+1 | Zone:FVG+1 | Sess:OFF | QualityRisk:1.15 | RelStrengthRisk:1.25,0,0.45,range
INTCUSDT,717,722,1785826800,1785832200,LONG,TRAIL,92.665,94.12,96.834925,91.275025,1.3853858979257039,1.2520525645923712,0.1333333333333327,15,3.59,60.47,0.22920203735144565,0.0040202631731400835,0.8698126536753332,base,adaptive disabled,1.25,1.0,81.9,90,87,70,80,OFF,bullish,bullish,FVG,1.562,6,2.803,2.653,0.1133,10.0,3.162,BOS bullish | Vol 3.6x | FVG | BullWick | StrongTrend1h | Zone:FVG | MTF 15 | Risk x1.25,BOS+2 | 1h+2 | 4h+2 | Vol+2 | RSI+1 | BTC+2 | FVG+1 | BullWick+1 | Zone:FVG+1 | Sess:OFF | Strong1h+1 | QualityRisk:1.15 | TrendPairRisk:1.25,0,0.525,bear
CBRSUSDT,722,743,1785831300,1785851100,LONG,TRAIL,222.65,225.98975,232.66925,219.31025,0.0,-0.13333333333333297,0.13333333333333297,18,3.63,63.14,0.3327510917030573,0.005687639884424035,1.3013438548065988,base,adaptive disabled,1.25,1.0,93.3,90,99,100,80,OFF,bullish,bullish,OB,2.611,9,-1.0,5.369,0.0952,0.581,3.392,BOS bullish | Vol 3.6x | FVG | OB | ChoCH | StrongTrend1h | Zone:OB | MTF 18 | Risk x1.25,BOS+2 | BodyStrong+1 | 1h+2 | 4h+2 | Vol+2 | RSI+1 | BTCok+1 | FVG+1 | OB+1 | ChoCH+1 | Zone:OB+1 | Sess:OFF | Strong1h+1 | NestedOB_1h+2 | QualityRisk:1.15 | TrendPairRisk:1.25,0,0.625,bear
SAMSUNGUSDT,722,734,1785831300,1785843000,LONG,TRAIL,168.605,171.134075,176.192225,166.075925,1.733585083641052,1.6002517503077174,0.13333333333333452,14,1.59,63.63,0.4245777518928362,0.0060344336231413125,0.6021768762454477,base,adaptive disabled,1.0,1.0,66.0,60,90,50,80,OFF,neutral,bullish,FVG,0.477,1,0.02,1.345,0.2021,0.509,3.983,BOS bullish | Vol 1.6x | FVG | LiqSweep | ChoCH | Zone:FVG | MTF 14,BOS+2 | 1hN+1 | 4h+2 | Vol+1 | RSI+1 | BTCok+1 | FVG+1 | LiqSweep+1 | ChoCH+1 | Zone:FVG+1 | Sess:OFF | NestedOB_1h+2,0,0.6,bear
SNDKUSDT,723,732,1785832200,1785841200,LONG,TRAIL,1326.265,1346.158975,1385.946925,1306.371025,1.1417961141898492,1.008462780856517,0.1333333333333321,14,1.35,59.75,0.33559125217727975,0.013590605784802277,1.6660658914420003,base,adaptive disabled,1.25,1.0,84.5,90,100,70,80,OFF,bullish,bullish,FVG,0.768,7,0.844,4.618,0.0643,0.457,1.078,BOS bullish | Vol 1.4x | FVG | ChoCH | StrongTrend1h | Zone:FVG | MTF 14 | Risk x1.25,BOS+2 | BodyStrong+1 | 1h+2 | 4h+2 | Vol+1 | RSI+1 | BTCok+1 | FVG+1 | ChoCH+1 | Zone:FVG+1 | Sess:OFF | Strong1h+1 | QualityRisk:1.15 | TrendPairRisk:1.25,0,0.525,bear
INTCUSDT,730,737,1785838500,1785845700,LONG,TRAIL,94.475,95.892125,98.726375,93.057875,1.3507848944194787,1.2174515610861452,0.13333333333333344,14,1.68,70.87,0.4897637795275605,0.005797202402708381,1.0497574110835932,base,adaptive disabled,1.25,1.0,78.5,90,100,50,80,OFF,bullish,bullish,FVG,0.91,1,5.367,6.537,0.2537,1.658,1.173,BOS bullish | Vol 1.7x | FVG | ChoCH | BullWick | StrongTrend1h | Zone:FVG | MTF 14 | Risk x1.25,BOS+2 | 1h+2 | 4h+2 | Vol+1 | BTC+2 | FVG+1 | ChoCH+1 | BullWick+1 | Zone:FVG+1 | Sess:OFF | Strong1h+1 | QualityRisk:1.15 | TrendPairRisk:1.25,0,0.575,bull
MUUSDT,734,744,1785842100,1785852000,LONG,TRAIL,865.1,878.0765,904.0295,852.1235,1.8696019633499492,1.7362686300166157,0.13333333333333347,15,1.52,66.95,0.29261136303014007,0.009091103222334378,1.1425268116446639,base,adaptive disabled,1.25,1.0,77.5,90,95,50,80,OFF,bullish,bullish,FVG,0.43,1,8.97,4.783,0.2846,1.507,1.471,BOS bullish | Vol 1.5x | FVG | ChoCH | BullWick | StrongTrend1h | Zone:FVG | MTF 15 | Risk x1.25,BOS+2 | 1h+2 | 4h+2 | Vol+1 | RSI+1 | BTC+2 | FVG+1 | ChoCH+1 | BullWick+1 | Zone:FVG+1 | Sess:OFF | Strong1h+1 | QualityRisk:1.15 | TrendPairRisk:1.25,0,0.525,bull
DRAMUSDT,735,742,1785843000,1785850200,LONG,TRAIL,53.055,53.850825,55.442475,52.259175,1.2156672958615522,1.082333962528219,0.13333333333333322,14,1.43,70.62,0.41207349081365197,0.008187250054441363,1.0395810678903228,base,adaptive disabled,1.25,1.0,78.5,90,100,50,80,OFF,bullish,bullish,FVG,1.512,2,6.736,6.179,0.2391,10.0,1.256,BOS bullish | Vol 1.4x | FVG | ChoCH | BullWick | StrongTrend1h | Zone:FVG | MTF 14 | Risk x1.25,BOS+2 | 1h+2 | 4h+2 | Vol+1 | BTC+2 | FVG+1 | ChoCH+1 | BullWick+1 | Zone:FVG+1 | Sess:OFF | Strong1h+1 | QualityRisk:1.15 | TrendPairRisk:1.25,0,0.55,bull
SKHYNIXUSDT,735,754,1785843000,1785861000,LONG,TRAIL,1128.96,1162.47,1179.7632,1112.0256,2.0908093746847696,1.957476041351437,0.13333333333333258,14,1.63,69.79,0.422939068100365,0.009642953258237568,0.8099356791480512,base,adaptive disabled,1.25,1.0,78.5,90,100,50,80,OFF,bullish,bullish,FVG,1.897,2,0.212,4.429,0.2867,0.0,1.825,BOS bullish | Vol 1.6x | FVG | ChoCH | BullWick | StrongTrend1h | Zone:FVG | MTF 14 | Risk x1.25,BOS+2 | 1h+2 | 4h+2 | Vol+1 | BTC+2 | FVG+1 | ChoCH+1 | BullWick+1 | Zone:FVG+1 | Sess:OFF | Strong1h+1 | QualityRisk:1.15 | TrendPairRisk:1.25,0,0.475,bull
SAMSUNGUSDT,738,744,1785845700,1785852000,LONG,TRAIL,171.17,176.73,178.87265,168.60245,2.793155055389877,2.659821722056543,0.13333333333333422,16,1.5,66.36,0.34419551934827053,0.008651077932418908,0.8689822023778015,base,adaptive disabled,1.25,1.0,84.5,90,100,70,80,OFF,bullish,bullish,FVG,2.293,5,2.631,3.974,0.2543,0.0,1.639,BOS bullish | Vol 1.5x | FVG | ChoCH | Engulfing | StrongTrend1h | Zone:FVG | MTF 16 | Risk x1.25,BOS+2 | BodyStrong+1 | 1h+2 | 4h+2 | Vol+1 | RSI+1 | BTC+2 | FVG+1 | ChoCH+1 | Engulfing+1 | Zone:FVG+1 | Sess:OFF | Strong1h+1 | QualityRisk:1.15 | TrendPairRisk:1.25,0,0.6,bull
CRCLUSDT,744,748,1785851100,1785855600,LONG,TRAIL,60.94,62.16,63.6823,60.0259,2.886167926783155,2.6861679267831544,0.2000000000000005,15,5.76,58.92,0.19634703196347017,0.02914406078402323,9.776213278568001,base,adaptive disabled,1.25,1.5,70.8,55,63,90,80,OPEN,bullish,neutral,FVG,1.2,5,0.537,0.143,0.1146,9.75,2.09,BOS bullish | Vol 5.8x | FVG | LiqSweep | ChoCH | Session:OPEN | Zone:FVG | MTF 15 | Risk x1.25,BOS+2 | BodyStrong+1 | 1h+2 | 4hN+1 | Vol+2 | RSI+1 | BTC+2 | FVG+1 | LiqSweep+1 | ChoCH+1 | Zone:FVG+1 | Sess:OPEN | QualityRisk:1.15 | RelStrengthRisk:1.25,0,0.45,range
INTCUSDT,744,746,1785851100,1785853800,LONG,TRAIL,96.505,97.952575,100.847725,95.057425,3.5516156683576585,3.351615668357659,0.1999999999999999,14,3.32,68.29,0.3466509988249131,0.02182251528359941,3.8600672226684933,base,adaptive disabled,1.25,1.5,80.5,90,80,70,80,OPEN,bullish,bullish,FVG,0.948,1,0.856,6.464,0.1521,1.287,1.841,BOS bullish | Vol 3.3x | FVG | ChoCH | Session:OPEN | StrongTrend1h | Zone:FVG | MTF 14 | Risk x1.25,BOS+2 | 1h+2 | 4h+2 | Vol+2 | BTC+2 | FVG+1 | ChoCH+1 | Zone:FVG+1 | Sess:OPEN | Strong1h+1 | QualityRisk:1.15 | TrendPairRisk:1.25,0,0.625,range
MSTRUSDT,745,750,1785852000,1785857400,LONG,TRAIL,94.0,95.95,97.41359618,92.86213461,1.6779536499342105,1.5127319974854971,0.1652216524487134,17,2.16,54.43,0.15459882583170143,0.015077926942776146,5.252702993477974,base,adaptive disabled,1.25,1.0,76.1,90,58,70,80,OPEN,bullish,bullish,FVG,0.093,2,0.448,1.773,-0.028,0.068,1.204,BOS bullish | Vol 2.2x | FVG | LiqSweep | ChoCH | Engulfing | Session:OPEN | StrongTrend1h | Zone:FVG | MTF 17 | Risk x1.25,BOS+2 | 1h+2 | 4h+2 | Vol+2 | RSI+1 | BTC+2 | FVG+1 | LiqSweep+1 | ChoCH+1 | Engulfing+1 | Zone:FVG+1 | Sess:OPEN | Strong1h+1 | QualityRisk:1.15 | TrendPairRisk:1.25,0,0.625,range
BZUSDT,747,752,1785853800,1785859200,SHORT,TRAIL,81.295,80.075575,77.636725,82.514425,1.9360990747666085,1.8027657414332752,0.13333333333333322,16,1.98,33.11,0.5317073170731703,0.008267341504885154,1.9191404374470373,base,adaptive disabled,1.15,1.0,85.5,90,90,80,80,OPEN,bearish,bearish,OB,0.156,5,5.557,-1.0,-0.1316,0.342,1.958,BOS bearish | Vol 2.0x | FVG | OB | ChoCH | Engulfing | Session:OPEN | StrongTrend1h | Zone:OB | MTF 16 | Risk x1.15,BOS+2 | BodyStrong+1 | 1h+2 | 4h+2 | Vol+1 | RSI+1 | BTCok+1 | FVG+1 | OB+1 | ChoCH+1 | Engulfing+1 | Zone:OB+1 | Sess:OPEN | Strong1h+1 | QualityRisk:1.15,0,0.4,range
EWYUSDT,752,763,1785858300,1785869100,LONG,TRAIL,169.72,172.2658,177.3574,167.1742,1.1457158687262274,1.0123825353928932,0.13333333333333408,16,1.74,66.87,0.43416102332581363,0.005423955652151004,0.8990617399176908,base,adaptive disabled,1.25,1.0,84.5,90,100,70,80,MIDDAY,bullish,bullish,FVG,0.25,2,-1.0,8.676,0.2035,1.384,2.104,BOS bullish | Vol 1.7x | FVG | ChoCH | BullWick | StrongTrend1h | Zone:FVG | MTF 16 | Risk x1.25,BOS+2 | BodyStrong+1 | 1h+2 | 4h+2 | Vol+1 | RSI+1 | BTC+2 | FVG+1 | ChoCH+1 | BullWick+1 | Zone:FVG+1 | Sess:MIDDAY | Strong1h+1 | QualityRisk:1.15 | TrendPairRisk:1.25,0,0.55,bull
SPCXUSDT,766,767,1785870900,1785872700,LONG,TRAIL,123.82,125.6773,129.3919,121.9627,0.0,-0.1333333333333337,0.1333333333333337,15,1.3,63.68,0.44427001569858754,0.014293538022574276,1.6589943235082443,base,adaptive disabled,1.25,1.0,87.5,90,100,80,80,CLOSE,bullish,bullish,OB,1.652,9,-1.0,7.6,0.1548,0.919,0.667,BOS bullish | Vol 1.3x | FVG | OB | ChoCH | Session:CLOSE | StrongTrend1h | Zone:OB | MTF 15 | Risk x1.25,BOS+2 | BodyStrong+1 | 1h+2 | 4h+2 | Vol+1 | RSI+1 | BTCok+1 | FVG+1 | OB+1 | ChoCH+1 | Zone:OB+1 | Sess:CLOSE | Strong1h+1 | QualityRisk:1.15 | TrendPairRisk:1.25,0,0.55,range
MSTRUSDT,767,835,1785871800,1785933900,LONG,TRAIL,97.165,98.622475,101.537425,95.707525,1.3333345971861323,1.2000012638527993,0.13333333333333314,13,1.36,68.07,0.29819277108433667,0.00474558347274517,1.1597019611532708,base,adaptive disabled,1.25,1.0,83.5,90,95,70,80,CLOSE,bullish,bullish,FVG,1.624,9,1.778,7.386,0.1613,3.5,1.994,BOS bullish | Vol 1.4x | FVG | ChoCH | Session:CLOSE | StrongTrend1h | Zone:FVG | MTF 13 | Risk x1.25,BOS+2 | BodyStrong+1 | 1h+2 | 4h+2 | Vol+1 | BTCok+1 | FVG+1 | ChoCH+1 | Zone:FVG+1 | Sess:CLOSE | Strong1h+1 | QualityRisk:1.15 | TrendPairRisk:1.25,0,0.575,bull
XAGUSDT,792,796,1785894300,1785898800,LONG,TRAIL,59.855,60.29529151,61.17587454,59.41470849,3.8237905365703746,3.4159584618615018,0.40783207470887245,16,1.79,65.87,0.327102803738319,0.003451267036551447,1.7138416892370854,base,adaptive disabled,1.25,1.5,78.3,90,99,50,80,OFF,bullish,bullish,FVG,2.297,6,1.149,9.802,-0.2597,0.0,1.668,BOS bullish | Vol 1.8x | FVG | MACD_Div | ChoCH | Engulfing | StrongTrend1h | Zone:FVG | MTF 16 | Risk x1.25,BOS+2 | 1h+2 | 4h+2 | Vol+1 | RSI+1 | BTC+2 | FVG+1 | MACD_Div+1 | ChoCH+1 | Engulfing+1 | Zone:FVG+1 | Sess:OFF | Strong1h+1 | QualityRisk:1.15 | TrendPairRisk:1.25,0,0.5,range
XAUUSDT,792,796,1785894300,1785898800,LONG,TRAIL,4095.9,4122.88565916,4176.85697747,4068.91434084,2.444441325651273,1.989099474368513,0.45534185128276,16,5.55,69.61,0.31025299600532713,0.002357411248966705,1.8540586124807128,base,adaptive disabled,1.25,1.5,87.9,90,87,90,80,OFF,bullish,bullish,FVG,2.771,3,0.486,7.049,0.2585,0.0,2.805,BOS bullish | Vol 5.5x | FVG | MACD_Div | ChoCH | StrongTrend1h | Zone:FVG | MTF 16 | Risk x1.25,BOS+2 | BodyStrong+1 | 1h+2 | 4h+2 | Vol+2 | BTC+2 | FVG+1 | MACD_Div+1 | ChoCH+1 | Zone:FVG+1 | Sess:OFF | Strong1h+1 | QualityRisk:1.15 | TrendPairRisk:1.25,0,0.525,bear
INTCUSDT,806,818,1785906900,1785918600,LONG,SL,100.47,101.97705,104.99115,98.96295,-1.3138250223947538,-1.4471583557280878,0.133333333333334,14,1.63,68.84,0.3915574963609921,0.007044750886926544,1.22481496454893,base,adaptive disabled,1.25,1.0,84.5,90,100,70,80,OFF,bullish,bullish,FVG,3.685,7,1.129,6.836,0.1868,0.0,1.551,BOS bullish | Vol 1.6x | FVG | ChoCH | StrongTrend1h | Zone:FVG | MTF 14 | Risk x1.25,BOS+2 | BodyStrong+1 | 1h+2 | 4h+2 | Vol+1 | BTC+2 | FVG+1 | ChoCH+1 | Zone:FVG+1 | Sess:OFF | Strong1h+1 | QualityRisk:1.15 | TrendPairRisk:1.25,0,0.5,range
MRVLUSDT,806,817,1785906900,1785917700,LONG,SL,223.25,226.59875,233.29625,219.90125,-1.4602463605823048,-1.5935796939156384,0.13333333333333353,14,1.44,68.29,0.2161862527716197,0.008397829456228257,1.3364281097149289,base,adaptive disabled,1.25,1.0,75.5,90,85,50,80,OFF,bullish,bullish,FVG,2.46,7,-1.0,7.57,-0.0256,0.0,1.69,BOS bullish | Vol 1.4x | FVG | ChoCH | Engulfing | StrongTrend1h | Zone:FVG | MTF 14 | Risk x1.25,BOS+2 | 1h+2 | 4h+2 | Vol+1 | BTC+2 | FVG+1 | ChoCH+1 | Engulfing+1 | Zone:FVG+1 | Sess:OFF | Strong1h+1 | QualityRisk:1.15 | TrendPairRisk:1.25,0,0.45,range
MUUSDT,806,816,1785906900,1785916800,LONG,SL,902.325,915.859875,942.929625,888.790125,-1.353909807072468,-1.4872431404058009,0.13333333333333278,14,1.55,71.36,0.20293847566575074,0.009483157617355312,1.6203194052375587,base,adaptive disabled,1.25,1.0,75.3,90,84,50,80,OFF,bullish,bullish,FVG,1.633,2,4.239,5.306,0.0139,0.0,1.698,BOS bullish | Vol 1.6x | FVG | ChoCH | Engulfing | StrongTrend1h | Zone:FVG | MTF 14 | Risk x1.25,BOS+2 | 1h+2 | 4h+2 | Vol+1 | BTC+2 | FVG+1 | ChoCH+1 | Engulfing+1 | Zone:FVG+1 | Sess:OFF | Strong1h+1 | QualityRisk:1.15 | TrendPairRisk:1.25,0,0.5,range
TSLAUSDT,807,818,1785907800,1785918600,LONG,SL,326.895,329.84,332.64204098,324.97931967,-2.039745326403163,-2.55167050757366,0.5119251811704967,17,2.49,64.88,0.3890214797135977,0.001179508057340677,0.6991265939875831,base,adaptive disabled,1.25,1.5,88.5,90,90,90,80,OFF,bullish,bullish,FVG,2.389,7,4.28,8.019,0.1667,2.976,2.726,BOS bullish | Vol 2.5x | FVG | ChoCH | BullWick | StrongTrend1h | Zone:FVG | MTF 17 | Risk x1.25,BOS+2 | BodyStrong+1 | 1h+2 | 4h+2 | Vol+2 | RSI+1 | BTC+2 | FVG+1 | ChoCH+1 | BullWick+1 | Zone:FVG+1 | Sess:OFF | Strong1h+1 | QualityRisk:1.15 | TrendPairRisk:1.25,0,0.5,range
CRCLUSDT,818,821,1785917700,1785921300,LONG,TRAIL,63.465,64.05209396,64.42,62.87790604,0.9015869308145092,0.6853864439282209,0.21620048688628835,18,1.87,52.57,0.2,0.0068381481713995496,1.9849279192102145,base,adaptive disabled,1.25,1.0,82.3,90,74,80,80,OFF,bullish,bullish,OB,1.056,1,2.569,4.011,0.1529,0.0,1.21,BOS bullish | Vol 1.9x | FVG | OB | ChoCH | Engulfing | StrongTrend1h | Zone:OB | MTF 18 | Risk x1.25,BOS+2 | BodyStrong+1 | 1h+2 | 4h+2 | Vol+1 | RSI+1 | BTCok+1 | FVG+1 | OB+1 | ChoCH+1 | Engulfing+1 | Zone:OB+1 | Sess:OFF | Strong1h+1 | NestedOB_1h+2 | QualityRisk:1.15 | TrendPairRisk:1.25,0,0.5,bull
MSFTUSDT,818,834,1785917700,1785933000,LONG,TRAIL,491.05,497.8,499.41,489.0858,3.2982154006722535,2.798215400672255,0.4999999999999987,15,7.22,61.07,0.19761668321747536,0.004507209331718218,2.636449172785849,base,adaptive disabled,1.15,1.0,85.1,90,73,90,80,OFF,bullish,bullish,FVG,1.026,3,5.646,3.668,0.0338,0.0,2.873,BOS bullish | Vol 7.2x | FVG | ChoCH | StrongTrend1h | Zone:FVG | MTF 15 | Risk x1.15,BOS+2 | BodyStrong+1 | 1h+2 | 4h+2 | Vol+2 | RSI+1 | BTCok+1 | FVG+1 | ChoCH+1 | Zone:FVG+1 | Sess:OFF | Strong1h+1 | TrendPairRisk:1.15,0,0.55,bear
XAUUSDT,881,885,1785974400,1785978900,LONG,TRAIL,4270.1,4298.38707551,4354.96122653,4241.81292449,1.2000009321426859,0.8980891987441305,0.30191173339855537,16,2.22,65.83,0.18614718614718284,0.003396665777613951,1.5846379002507724,base,adaptive disabled,1.25,1.0,86.9,90,82,90,80,OFF,bullish,bullish,FVG,1.955,4,0.064,15.294,0.2196,0.0,1.239,BOS bullish | Vol 2.2x | FVG | ChoCH | BullWick | StrongTrend1h | Zone:FVG | MTF 16 | Risk x1.25,BOS+2 | BodyStrong+1 | 1h+2 | 4h+2 | Vol+2 | RSI+1 | BTCok+1 | FVG+1 | ChoCH+1 | BullWick+1 | Zone:FVG+1 | Sess:OFF | Strong1h+1 | QualityRisk:1.15 | TrendPairRisk:1.25,0,0.5,range
XAGUSDT,883,884,1785976200,1785978000,LONG,TP2,62.145,62.86,62.89074,61.89642,2.9999999999999427,2.4999999999999507,0.49999999999999195,17,6.92,61.76,0.2631578947368449,0.003634516338500414,1.3295915946571257,base,adaptive disabled,1.25,1.0,91.7,90,91,100,80,OFF,bullish,bullish,OB,1.364,4,2.524,9.073,0.2603,4.0,4.41,BOS bullish | Vol 6.9x | FVG | OB | StrongTrend1h | Zone:OB | MTF 17 | Risk x1.25,BOS+2 | BodyStrong+1 | 1h+2 | 4h+2 | Vol+2 | RSI+1 | BTCok+1 | FVG+1 | OB+1 | Zone:OB+1 | Sess:OFF | Strong1h+1 | NestedOB_1h+2 | QualityRisk:1.15 | TrendPairRisk:1.25,0,0.575,range
AAPLUSDT,913,915,1786003200,1786005900,LONG,TRAIL,313.59,314.84436,317.35308,312.33564,1.0291477877193795,0.5291477877193648,0.5000000000000148,19,3.06,65.83,0.23929471032745483,0.0019092169038126836,1.4562668349501897,base,adaptive disabled,1.15,1.0,88.1,90,88,90,80,OFF,bullish,bullish,FVG,1.432,5,56.113,13.747,0.3692,0.0,1.137,BOS bullish | Vol 3.1x | FVG | ChoCH | BullWick | StrongTrend1h | Zone:FVG | MTF 19 | Risk x1.15,BOS+2 | BodyStrong+1 | 1h+2 | 4h+2 | Vol+2 | RSI+1 | BTC+2 | FVG+1 | ChoCH+1 | BullWick+1 | Zone:FVG+1 | Sess:OFF | Strong1h+1 | NestedOB_1h+2 | TrendPairRisk:1.15,0,0.375,bear
METAUSDT,923,1029,1786012200,1786108500,LONG,SL,594.19,601.42901181,615.90703544,586.95098819,-1.0995975982528408,-1.2637608889327032,0.16416329067986246,15,1.57,67.02,0.16444444444444647,0.002529196289489097,2.0225709300421584,base,adaptive disabled,1.25,1.0,72.3,90,69,50,80,OFF,bullish,bullish,FVG,1.722,3,3.242,3.954,-0.0368,0.0,0.799,BOS bullish | Vol 1.6x | FVG | ChoCH | StrongTrend1h | Zone:FVG | MTF 15 | Risk x1.25,BOS+2 | 1h+2 | 4h+2 | Vol+1 | RSI+1 | BTCok+1 | FVG+1 | ChoCH+1 | Zone:FVG+1 | Sess:OFF | Strong1h+1 | NestedOB_1h+2 | QualityRisk:1.15 | TrendPairRisk:1.25,0,0.575,range
DRAMUSDT,924,935,1786013100,1786023900,SHORT,TRAIL,50.445,49.56,48.43,51.201675,0.0,-0.1333333333333331,0.1333333333333331,15,1.4,35.77,0.25294117647058767,0.004901608109746718,0.8933180780030864,base,adaptive disabled,1.15,1.0,76.5,90,90,50,80,OFF,bearish,bearish,FVG,0.107,1,7.414,1.791,-0.1722,1.389,1.774,BOS bearish | Vol 1.4x | FVG | ChoCH | Engulfing | StrongTrend1h | Zone:FVG | MTF 15 | Risk x1.15,BOS+2 | 1h+2 | 4h+2 | Vol+1 | RSI+1 | BTC+2 | FVG+1 | ChoCH+1 | Engulfing+1 | Zone:FVG+1 | Sess:OFF | Strong1h+1 | QualityRisk:1.15,0,0.575,bear
AAPLUSDT,926,936,1786014900,1786024800,LONG,TRAIL,314.445,316.17843436,319.64530308,312.71156564,1.2379255165901832,0.875125508402966,0.36280000818721725,14,1.64,59.51,0.2614259597806242,0.0020533317526562657,1.6507207805398634,base,adaptive disabled,1.25,1.0,82.7,90,91,70,80,OFF,bullish,bullish,FVG,0.044,1,55.158,4.071,0.2566,0.538,1.318,BOS bullish | Vol 1.6x | FVG | ChoCH | StrongTrend1h | Zone:FVG | MTF 14 | Risk x1.25,BOS+2 | BodyStrong+1 | 1h+2 | 4h+2 | Vol+1 | RSI+1 | BTCok+1 | FVG+1 | ChoCH+1 | Zone:FVG+1 | Sess:OFF | Strong1h+1 | QualityRisk:1.15 | TrendPairRisk:1.25,0,0.375,range
NVDAUSDT,928,942,1786016700,1786030200,LONG,SL,221.23,224.2124234,230.17727021,218.2475766,-1.2372488761991383,-1.3856047400915694,0.14835586389243116,15,5.8,68.83,0.31758530183727207,0.00548895689374409,2.4593887469837576,base,adaptive disabled,1.25,1.0,82.1,90,88,70,80,OFF,bullish,bullish,FVG,2.977,2,0.496,4.838,0.1809,0.0,5.122,BOS bullish | Vol 5.8x | FVG | LiqSweep | ChoCH | BullWick | StrongTrend1h | Zone:FVG | MTF 15 | Risk x1.25,BOS+2 | 1h+2 | 4h+2 | Vol+2 | BTCok+1 | FVG+1 | LiqSweep+1 | ChoCH+1 | BullWick+1 | Zone:FVG+1 | Sess:OFF | Strong1h+1 | QualityRisk:1.15 | TrendPairRisk:1.25,0,0.575,range
GOOGLUSDT,931,954,1786019400,1786041000,SHORT,TRAIL,363.175,357.52,348.58620161,368.0379328,1.1378077624508247,0.98844316502106,0.1493645974297647,15,1.44,35.82,0.23750960799385765,0.00447493372413565,2.6290957392807863,base,adaptive disabled,1.15,1.0,80.1,90,78,70,80,OFF,bearish,bearish,FVG,2.172,3,3.568,3.632,-0.2497,10.0,0.954,BOS bearish | Vol 1.4x | FVG | ChoCH | StrongTrend1h | Zone:FVG | MTF 15 | Risk x1.15,BOS+2 | BodyStrong+1 | 1h+2 | 4h+2 | Vol+1 | RSI+1 | BTC+2 | FVG+1 | ChoCH+1 | Zone:FVG+1 | Sess:OFF | Strong1h+1 | QualityRisk:1.15,0,0.55,bear
XAGUSDT,984,1001,1786067100,1786083300,LONG,TRAIL,61.92,62.69170659,64.23511978,61.14829341,2.068573415099569,1.9080979162444929,0.16047549885507634,17,2.36,66.83,0.29100529100529426,0.004672501368090689,1.6966677026629562,base,adaptive disabled,1.25,1.0,78.8,60,94,90,80,OFF,neutral,bullish,FVG,2.29,2,0.872,3.108,0.3172,10.0,1.548,BOS bullish | Vol 2.4x | FVG | LiqSweep | ChoCH | Engulfing | Zone:FVG | MTF 17 | Risk x1.25,BOS+2 | BodyStrong+1 | 1hN+1 | 4h+2 | Vol+2 | RSI+1 | BTCok+1 | FVG+1 | LiqSweep+1 | ChoCH+1 | Engulfing+1 | Zone:FVG+1 | Sess:OFF | NestedOB_1h+2 | QualityRisk:1.15 | RelStrengthRisk:1.25,0,0.6,range
XAUUSDT,984,1002,1786067100,1786084200,LONG,TRAIL,4255.4,4287.1,4304.3,4229.21301354,1.4755619399219584,1.1505608172078101,0.3250011227141482,16,2.53,59.19,0.21196358907672888,0.0026148496560811623,1.637280421420932,base,adaptive disabled,1.25,1.0,71.0,60,85,70,80,OFF,neutral,bullish,FVG,0.326,1,1.543,1.191,0.2625,2.019,3.302,BOS bullish | Vol 2.5x | FVG | ChoCH | Engulfing | BullWick | Zone:FVG | MTF 16 | Risk x1.25,BOS+2 | 1hN+1 | 4h+2 | Vol+2 | RSI+1 | BTCok+1 | FVG+1 | ChoCH+1 | Engulfing+1 | BullWick+1 | Zone:FVG+1 | Sess:OFF | NestedOB_1h+2 | QualityRisk:1.15 | RelStrengthRisk:1.25,0,0.575,range
BZUSDT,995,1012,1786077000,1786093200,LONG,SL,83.42,85.29,86.33,82.8144448,-1.2880741507958384,-1.563589908896835,0.27551575810099665,16,1.39,63.07,0.2296296296296258,0.006435371721202845,2.127791305901083,base,adaptive disabled,1.25,1.0,82.9,90,77,80,80,OFF,bullish,bullish,OB,0.55,1,2.302,2.542,-0.0276,0.0,0.624,BOS bullish | Vol 1.4x | FVG | OB | ChoCH | StrongTrend1h | Zone:OB | MTF 16 | Risk x1.25,BOS+2 | BodyStrong+1 | 1h+2 | 4h+2 | Vol+1 | RSI+1 | BTC+2 | FVG+1 | OB+1 | ChoCH+1 | Zone:OB+1 | Sess:OFF | Strong1h+1 | QualityRisk:1.15 | TrendPairRisk:1.25,0,0.575,bull
XAUUSDT,999,1012,1786080600,1786093200,LONG,TRAIL,4255.4,4304.3,4332.73850528,4229.62049824,2.325755574635315,1.9956173089995612,0.3301382656357536,16,2.02,63.95,0.44250000000002193,0.0019502409121312416,1.3430868784868413,base,adaptive disabled,1.25,1.0,90.5,90,100,90,80,OFF,bullish,bullish,FVG,1.159,7,0.405,3.311,0.1654,0.825,1.325,BOS bullish | Vol 2.0x | FVG | ChoCH | StrongTrend1h | Zone:FVG | MTF 16 | Risk x1.25,BOS+2 | BodyStrong+1 | 1h+2 | 4h+2 | Vol+2 | RSI+1 | BTC+2 | FVG+1 | ChoCH+1 | Zone:FVG+1 | Sess:OFF | Strong1h+1 | QualityRisk:1.15 | TrendPairRisk:1.25,0,0.65,bull
MRVLUSDT,1003,1010,1786084200,1786091400,LONG,TRAIL,214.63,218.2,224.28835,211.41055,1.472048712553918,1.3387153792205844,0.13333333333333355,16,1.65,61.37,0.32064128256513036,0.004194345982632857,0.9045382497904566,base,adaptive disabled,1.25,1.0,87.1,90,98,80,80,OFF,bullish,bullish,OB,0.826,5,0.106,2.018,0.1759,2.441,1.532,BOS bullish | Vol 1.6x | FVG | OB | ChoCH | StrongTrend1h | Zone:OB | MTF 16 | Risk x1.25,BOS+2 | BodyStrong+1 | 1h+2 | 4h+2 | Vol+1 | RSI+1 | BTC+2 | FVG+1 | OB+1 | ChoCH+1 | Zone:OB+1 | Sess:OFF | Strong1h+1 | QualityRisk:1.15 | TrendPairRisk:1.25,0,0.65,range
MUUSDT,1003,1010,1786084200,1786091400,LONG,TRAIL,885.305,896.18298847,917.93896542,874.42701153,1.8308973682010377,1.668127385048077,0.16276998315296076,16,2.06,46.55,0.1579223504721921,0.00507726825098829,1.1080450150507652,base,adaptive disabled,1.15,1.0,78.6,60,78,100,80,OFF,neutral,bullish,OB,1.545,1,2.949,1.539,0.0545,0.149,1.035,BOS bullish | Vol 2.1x | FVG | OB | ChoCH | Discount | Zone:OB | MTF 16 | Risk x1.15,BOS+2 | BodyStrong+1 | 1hN+1 | 4h+2 | Vol+2 | RSI+1 | BTC+2 | FVG+1 | OB+1 | ChoCH+1 | Discount+1 | Zone:OB+1 | Sess:OFF | QualityRisk:1.15,0,0.325,range
INTCUSDT,1011,1028,1786091400,1786107600,LONG,TRAIL,100.75,102.23358106,105.20074319,99.26641894,1.5723150021306185,1.4364949883593459,0.13582001377127262,17,1.53,64.64,0.3805309734513234,0.005263710900926155,1.7601849252714774,base,adaptive disabled,1.25,1.0,87.5,90,100,80,80,OFF,bullish,bullish,OB,2.451,9,1.28,2.833,0.2439,1.804,1.441,BOS bullish | Vol 1.5x | FVG | OB | ChoCH | BullWick | StrongTrend1h | Zone:OB | MTF 17 | Risk x1.25,BOS+2 | BodyStrong+1 | 1h+2 | 4h+2 | Vol+1 | RSI+1 | BTC+2 | FVG+1 | OB+1 | ChoCH+1 | BullWick+1 | Zone:OB+1 | Sess:OFF | Strong1h+1 | QualityRisk:1.15 | TrendPairRisk:1.25,0,0.625,bear
MSTRUSDT,1011,1016,1786091400,1786096800,LONG,TRAIL,97.255,98.32,100.10761347,96.30412884,2.320133182570137,2.013293505152639,0.30683967741749857,15,2.67,71.73,0.3198380566801626,0.0031093714677805045,1.5900343779466757,base,adaptive disabled,1.15,1.5,79.6,60,98,90,80,OFF,neutral,bullish,FVG,2.645,1,1.558,2.928,0.3541,8.875,1.177,BOS bullish | Vol 2.7x | FVG | ChoCH | Engulfing | BullWick | Zone:FVG | MTF 15 | Risk x1.15,BOS+2 | BodyStrong+1 | 1hN+1 | 4h+2 | Vol+2 | BTC+2 | FVG+1 | ChoCH+1 | Engulfing+1 | BullWick+1 | Zone:FVG+1 | Sess:OFF | RelStrengthRisk:1.15,0,0.475,range
CBRSUSDT,1013,1031,1786093200,1786110300,LONG,SL,213.805,219.22,219.91,210.597925,-3.6645541498094056,-3.864554149809406,0.19999999999999984,14,1.85,66.33,0.5509065550906527,0.0041499053768910285,1.3335029277749528,base,adaptive disabled,1.15,1.5,77.0,60,100,80,80,OFF,neutral,bullish,OB,3.458,9,5.737,0.013,0.2957,0.863,1.439,BOS bullish | Vol 1.9x | FVG | OB | ChoCH | Zone:OB | MTF 14 | Risk x1.15,BOS+2 | BodyStrong+1 | 1hN+1 | 4h+2 | Vol+1 | RSI+1 | BTC+2 | FVG+1 | OB+1 | ChoCH+1 | Zone:OB+1 | Sess:OFF | QualityRisk:1.15,0,0.5,bear
CRCLUSDT,1020,1030,1786099500,1786109400,LONG,TP2,63.83,65.53,65.98,63.26011408,5.6590273365589105,5.323012718054208,0.3360146185047016,18,2.17,61.81,0.36410256410256236,0.0023346668409843854,0.8220621354545781,base,adaptive disabled,1.25,1.5,90.5,90,100,90,80,OFF,bullish,bullish,FVG,2.703,9,0.651,4.555,-0.024,9.143,2.278,BOS bullish | Vol 2.2x | FVG | ChoCH | Engulfing | StrongTrend1h | Zone:FVG | MTF 18 | Risk x1.25,BOS+2 | BodyStrong+1 | 1h+2 | 4h+2 | Vol+2 | RSI+1 | BTCok+1 | FVG+1 | ChoCH+1 | Engulfing+1 | Zone:FVG+1 | Sess:OFF | Strong1h+1 | NestedOB_1h+2 | QualityRisk:1.15 | TrendPairRisk:1.25,0,0.425,range
MSTRUSDT,1023,1028,1786102200,1786107600,LONG,TRAIL,98.67,100.15005,103.11015,97.18995,1.9286094514429823,1.7952761181096495,0.13333333333333283,15,1.31,66.36,0.42787286063569646,0.004617073401530758,2.233509257992781,base,adaptive disabled,1.15,1.0,82.5,90,90,70,80,OFF,bullish,bullish,FVG,0.144,2,0.072,5.718,0.4399,1.134,0.85,BOS bullish | Vol 1.3x | FVG | ChoCH | StrongTrend1h | Zone:FVG | MTF 15 | Risk x1.15,BOS+2 | BodyStrong+1 | 1h+2 | 4h+2 | Vol+1 | RSI+1 | BTC+2 | FVG+1 | ChoCH+1 | Zone:FVG+1 | Sess:OFF | Strong1h+1 | TrendPairRisk:1.15,0,0.525,bull
CRCLUSDT,1032,1416,1786110300,1786456800,LONG,TRAIL,65.81,69.52,70.9104,64.82285,7.168983481149987,6.968983481149987,0.20000000000000007,16,5.79,67.0,0.3399999999999987,0.026778220159463257,8.499407078626907,base,adaptive disabled,1.25,1.5,86.5,90,80,90,80,OPEN,bullish,bullish,FVG,2.332,5,5.607,4.78,0.1625,3.163,2.258,BOS bullish | Vol 5.8x | FVG | ChoCH | Engulfing | Session:OPEN | StrongTrend1h | Zone:FVG | MTF 16 | Risk x1.25,BOS+2 | BodyStrong+1 | 1h+2 | 4h+2 | Vol+2 | RSI+1 | BTCok+1 | FVG+1 | ChoCH+1 | Engulfing+1 | Zone:FVG+1 | Sess:OPEN | Strong1h+1 | TrendPairRisk:1.15 | RelStrengthRisk:1.25,0,0.625,bull
GOOGLUSDT,1032,1034,1786110300,1786113000,SHORT,TRAIL,358.91,357.47436,354.60308,360.34564,3.3937301449109447,2.6437301449109336,0.7500000000000115,16,3.03,33.47,0.35248041775456657,0.0077085171797766335,5.876678278056829,base,adaptive disabled,1.15,1.5,83.5,90,80,80,80,OPEN,bearish,bearish,OB,1.718,8,2.184,5.886,-0.1379,10.0,1.753,BOS bearish | Vol 3.0x | FVG | OB | ChoCH | Session:OPEN | StrongTrend1h | Zone:OB | MTF 16 | Risk x1.15,BOS+2 | 1h+2 | 4h+2 | Vol+2 | RSI+1 | BTC+2 | FVG+1 | OB+1 | ChoCH+1 | Zone:OB+1 | Sess:OPEN | Strong1h+1 | QualityRisk:1.15,0,0.525,bull
NVDAUSDT,1033,1038,1786111200,1786116600,LONG,TRAIL,221.12,223.77,227.60323985,218.95892005,2.5156566757214938,2.2086990363245826,0.3069576393969114,18,4.03,58.26,0.17073170731707069,0.00812053883051604,6.362442173712191,base,adaptive disabled,1.25,1.5,85.5,90,60,100,80,OPEN,bullish,bullish,OB,1.47,6,1.112,3.286,0.0919,1.66,1.802,BOS bullish | Vol 4.0x | FVG | OB | ChoCH | Engulfing | Session:OPEN | StrongTrend1h | Zone:OB | MTF 18 | Risk x1.25,BOS+2 | BodyStrong+1 | 1h+2 | 4h+2 | Vol+2 | RSI+1 | BTC+2 | FVG+1 | OB+1 | ChoCH+1 | Engulfing+1 | Zone:OB+1 | Sess:OPEN | Strong1h+1 | QualityRisk:1.15 | TrendPairRisk:1.25,0,0.55,bull
SAMSUNGUSDT,1034,1036,1786112100,1786114800,SHORT,TRAIL,162.79,160.34815,155.46445,165.23185,1.031059840064759,0.8977265067314266,0.13333333333333242,18,2.25,38.15,0.2120181405895679,0.025888419643237886,4.496047347618281,base,adaptive disabled,1.0,1.0,83.5,90,65,90,80,OPEN,bearish,bearish,FVG,1.808,2,3.721,0.303,-0.122,10.0,1.113,BOS bearish | Vol 2.2x | FVG | LiqSweep | MACD_Div | ChoCH | Engulfing | Session:OPEN | StrongTrend1h | Zone:FVG | MTF 18,BOS+2 | BodyStrong+1 | 1h+2 | 4h+2 | Vol+2 | RSI+1 | BTCok+1 | FVG+1 | LiqSweep+1 | MACD_Div+1 | ChoCH+1 | Engulfing+1 | Zone:FVG+1 | Sess:OPEN | Strong1h+1,0,0.475,bull
TSLAUSDT,1034,1037,1786112100,1786115700,LONG,TRAIL,324.53,329.84,336.46531888,320.55156037,2.6163256428467294,2.371609098033906,0.2447165448128234,16,2.68,67.17,0.3081534772182255,0.01238477819395061,10.491862621573334,base,adaptive disabled,1.25,1.5,85.7,90,76,90,80,OPEN,bullish,bullish,FVG,3.305,7,0.82,2.375,0.2036,0.0,0.74,BOS bullish | Vol 2.7x | FVG | ChoCH | Session:OPEN | StrongTrend1h | Zone:FVG | MTF 16 | Risk x1.25,BOS+2 | BodyStrong+1 | 1h+2 | 4h+2 | Vol+2 | RSI+1 | BTC+2 | FVG+1 | ChoCH+1 | Zone:FVG+1 | Sess:OPEN | Strong1h+1 | QualityRisk:1.15 | TrendPairRisk:1.25,0,0.525,range
AAPLUSDT,1035,1306,1786113000,1786357800,LONG,SL,313.295,316.6,321.52403008,310.55198997,-2.963897292056207,-3.420760368127424,0.4568630760712177,15,2.83,68.96,0.33633633633633364,0.004322234729834946,4.826238172439948,base,adaptive disabled,1.15,2.0,70.0,60,80,70,80,OPEN,neutral,bullish,FVG,2.218,8,2.843,1.642,-0.0022,2.556,2.43,BOS bullish | Vol 2.8x | FVG | LiqSweep | ChoCH | Session:OPEN | Zone:FVG | MTF 15 | Risk x1.15,BOS+2 | 1hN+1 | 4h+2 | Vol+2 | BTC+2 | FVG+1 | LiqSweep+1 | ChoCH+1 | Zone:FVG+1 | Sess:OPEN | NestedOB_1h+2 | RelStrengthRisk:1.15,0,0.45,bear
MSTRUSDT,1037,1039,1786114800,1786117500,LONG,TRAIL,101.575,103.098625,106.145875,100.051375,0.0,-0.13333333333333247,0.13333333333333247,14,1.75,57.44,0.19866444073455786,0.018098039409050776,7.639733244463128,base,adaptive disabled,1.25,1.0,71.1,90,63,50,80,MIDDAY,bullish,bullish,FVG,2.534,9,-1.0,3.724,-0.0662,1.1,1.741,BOS bullish | Vol 1.8x | FVG | ChoCH | StrongTrend1h | Zone:FVG | MTF 14 | Risk x1.25,BOS+2 | 1h+2 | 4h+2 | Vol+1 | RSI+1 | BTC+2 | FVG+1 | ChoCH+1 | Zone:FVG+1 | Sess:MIDDAY | Strong1h+1 | QualityRisk:1.15 | TrendPairRisk:1.25,0,0.55,bull
AAPLUSDT,1056,1268,1786131900,1786323600,LONG,TRAIL,311.99,314.96,315.3,310.74204,0.7990474225513396,0.2990474225513535,0.4999999999999861,16,2.95,57.65,0.15373352855051448,0.0024145163563462197,1.4551640017607879,base,adaptive disabled,1.15,1.0,72.6,60,78,80,80,CLOSE,neutral,bullish,OB,0.109,2,0.608,0.686,-0.1455,0.0,1.276,BOS bullish | Vol 3.0x | FVG | OB | ChoCH | Session:CLOSE | Zone:OB | MTF 16 | Risk x1.15,BOS+2 | 1hN+1 | 4h+2 | Vol+2 | RSI+1 | BTC+2 | FVG+1 | OB+1 | ChoCH+1 | Zone:OB+1 | Sess:CLOSE | NestedOB_1h+2 | QualityRisk:1.15,0,0.575,range
SOXLUSDT,1073,1097,1786147200,1786169700,LONG,SL,141.03,143.64,144.49,138.91455,-1.0257864756907407,-1.1591198090240733,0.13333333333333272,14,1.31,62.39,0.1778058007566192,0.006896960868070782,0.6093333971991771,base,adaptive disabled,1.15,1.0,72.7,90,71,50,80,OFF,bullish,bullish,FVG,0.643,1,1.798,9.07,-0.0936,0.0,1.116,BOS bullish | Vol 1.3x | FVG | ChoCH | Discount | StrongTrend1h | Zone:FVG | MTF 14 | Risk x1.15,BOS+2 | 1h+2 | 4h+2 | Vol+1 | RSI+1 | BTCok+1 | FVG+1 | ChoCH+1 | Discount+1 | Zone:FVG+1 | Sess:OFF | Strong1h+1 | TrendPairRisk:1.15,0,0.475,range
XAGUSDT,1074,1268,1786148100,1786323600,LONG,SL,64.03,64.75,65.25,63.41900267,-1.1293011705959397,-1.3388929211850942,0.20959175058915439,16,2.0,66.39,0.33766233766233994,0.0027545757225442957,0.8358169763847489,base,adaptive disabled,1.25,1.0,90.5,90,100,90,80,OFF,bullish,bullish,FVG,1.049,1,6.235,6.605,0.1831,10.0,1.476,BOS bullish | Vol 2.0x | FVG | ChoCH | Engulfing | StrongTrend1h | Zone:FVG | MTF 16 | Risk x1.25,BOS+2 | BodyStrong+1 | 1h+2 | 4h+2 | Vol+2 | RSI+1 | BTCok+1 | FVG+1 | ChoCH+1 | Engulfing+1 | Zone:FVG+1 | Sess:OFF | Strong1h+1 | QualityRisk:1.15 | TrendPairRisk:1.25,0,0.425,bull
MSFTUSDT,1288,1318,1786340700,1786368600,LONG,TP2,499.76,505.44,505.75712,497.76096,4.500000000000043,3.7500000000000346,0.7500000000000077,14,1.59,67.23,0.47916666666666174,0.0009723255969352729,1.5175875605919675,base,adaptive disabled,1.0,1.5,74.0,60,100,70,80,OFF,neutral,bullish,FVG,1.328,2,0.972,1.613,-0.0614,1.323,1.558,BOS bullish | Vol 1.6x | FVG | ChoCH | Engulfing | Zone:FVG | MTF 14,BOS+2 | BodyStrong+1 | 1hN+1 | 4h+2 | Vol+1 | RSI+1 | BTC+2 | FVG+1 | ChoCH+1 | Engulfing+1 | Zone:FVG+1 | Sess:OFF,0,0.7,bull
XAUUSDT,1291,1340,1786343400,1786388400,LONG,TRAIL,4340.0,4368.90591788,4426.71775364,4311.09408212,2.052646976077949,1.602220179252078,0.4504267968258711,15,1.35,66.04,0.45410036719706687,0.0017768309293084833,1.2013598120787943,base,adaptive disabled,1.15,1.5,74.0,60,100,70,80,OFF,neutral,bullish,FVG,3.051,9,0.666,0.763,0.3493,1.594,1.027,BOS bullish | Vol 1.4x | FVG | LiqSweep | ChoCH | Engulfing | BullWick | Zone:FVG | MTF 15 | Risk x1.15,BOS+2 | BodyStrong+1 | 1hN+1 | 4h+2 | Vol+1 | RSI+1 | BTCok+1 | FVG+1 | LiqSweep+1 | ChoCH+1 | Engulfing+1 | BullWick+1 | Zone:FVG+1 | Sess:OFF | QualityRisk:1.15,0,0.575,range
SPYUSDT,1294,1297,1786346100,1786349700,LONG,TRAIL,771.87,774.95748,781.13244,768.78252,1.4494365831338223,0.699436583133829,0.7499999999999933,14,6.22,60.75,0.35204081632657397,0.0006413725965995552,1.9103036107952966,base,adaptive disabled,1.0,1.5,78.0,60,90,90,80,OFF,neutral,bullish,FVG,4.791,9,2.092,2.577,0.5005,0.533,2.473,BOS bullish | Vol 6.2x | FVG | BullWick | Zone:FVG | MTF 14,BOS+2 | BodyStrong+1 | 1hN+1 | 4h+2 | Vol+2 | RSI+1 | BTC+2 | FVG+1 | BullWick+1 | Zone:FVG+1 | Sess:OFF,0,0.55,range
SPCXUSDT,1298,1302,1786349700,1786354200,LONG,TRAIL,135.305,137.334575,141.393725,133.275425,1.0362643435150782,0.9029310101817445,0.13333333333333372,19,1.35,52.01,0.3257403189066085,0.0062667463633025375,1.8492351116420673,base,adaptive disabled,1.15,1.0,68.8,60,89,60,80,OFF,neutral,bullish,OB,0.744,3,3.535,0.152,-0.003,0.233,1.285,BOS bullish | Vol 1.4x | FVG | OB | LiqSweep | ChoCH | Discount | Zone:OB | 💎PREMIUM | MTF 19 | Risk x1.15,BOS+2 | 1hN+1 | 4h+2 | Vol+1 | RSI+1 | BTCok+1 | FVG+1 | OB+1 | LiqSweep+1 | ChoCH+1 | Discount+1 | Zone:OB+1 | Sess:OFF | NestedOB_1h+2 | 💎Premium+3 | QualityRisk:1.15,1,0.525,bull
EWYUSDT,1302,1373,1786353300,1786418100,SHORT,SL,164.465,161.96,160.12049871,165.9131671,-1.34307705236501,-1.5702124430253823,0.2271353906603724,15,2.19,37.3,0.1741682974559721,0.0023937047052371503,0.7893959376935861,base,adaptive disabled,1.0,1.0,78.5,90,70,70,80,OFF,bearish,bearish,FVG,0.637,1,0.185,1.46,-0.0327,1.967,3.435,BOS bearish | Vol 2.2x | FVG | ChoCH | StrongTrend1h | Zone:FVG | MTF 15,BOS+2 | 1h+2 | 4h+2 | Vol+2 | RSI+1 | BTC+2 | FVG+1 | ChoCH+1 | Zone:FVG+1 | Sess:OFF | Strong1h+1,0,0.525,bull
TSLAUSDT,1303,1305,1786354200,1786356900,LONG,TRAIL,331.21,332.53484,335.18452,329.88516,0.6867721647451015,0.1867721647450995,0.500000000000002,13,1.83,57.22,0.19039451114924028,0.0012122307944565285,0.8529462206954721,base,adaptive disabled,1.15,1.0,70.4,60,82,70,80,OFF,neutral,bullish,FVG,0.987,8,0.059,5.011,0.2461,1.523,1.492,BOS bullish | Vol 1.8x | FVG | ChoCH | BullWick | Zone:FVG | MTF 13 | Risk x1.15,BOS+2 | BodyStrong+1 | 1hN+1 | 4h+2 | Vol+1 | RSI+1 | BTCok+1 | FVG+1 | ChoCH+1 | BullWick+1 | Zone:FVG+1 | Sess:OFF | QualityRisk:1.15,0,0.525,bull
BZUSDT,1308,1321,1786358700,1786371300,LONG,TRAIL,84.04,85.3006,87.8218,82.7794,1.3666775064256826,1.2333441730923504,0.1333333333333322,15,1.51,63.98,0.3853658536585348,0.006097752969090826,2.045430255954266,base,adaptive disabled,1.25,1.0,76.5,90,90,50,80,OFF,bullish,bullish,FVG,0.447,1,5.303,4.103,0.1948,1.508,1.26,BOS bullish | Vol 1.5x | FVG | LiqSweep | ChoCH | Engulfing | StrongTrend1h | Zone:FVG | MTF 15 | Risk x1.25,BOS+2 | 1h+2 | 4h+2 | Vol+1 | RSI+1 | BTCok+1 | FVG+1 | LiqSweep+1 | ChoCH+1 | Engulfing+1 | Zone:FVG+1 | Sess:OFF | Strong1h+1 | QualityRisk:1.15 | TrendPairRisk:1.25,0,0.575,bull
CLUSDT,1310,1321,1786360500,1786371300,LONG,TRAIL,78.82,80.0023,82.3669,77.6377,1.507900608311846,1.3745672749785125,0.13333333333333358,15,1.46,55.55,0.25699745547074154,0.004554992140474425,1.3261775265301352,base,adaptive disabled,1.25,1.0,82.5,90,90,70,80,OFF,bullish,bullish,FVG,0.749,3,1.026,0.86,0.0955,0.0,1.462,BOS bullish | Vol 1.5x | FVG | ChoCH | Engulfing | StrongTrend1h | Zone:FVG | MTF 15 | Risk x1.25,BOS+2 | BodyStrong+1 | 1h+2 | 4h+2 | Vol+1 | RSI+1 | BTCok+1 | FVG+1 | ChoCH+1 | Engulfing+1 | Zone:FVG+1 | Sess:OFF | Strong1h+1 | QualityRisk:1.15 | TrendPairRisk:1.25,0,0.425,bull
DRAMUSDT,1310,1316,1786360500,1786366800,SHORT,TRAIL,50.28,49.53593295,48.85,51.02406705,1.0695774233464437,0.9344283127924953,0.1351491105539484,16,2.4,33.42,0.24705882352941236,0.006804948524168363,1.8079673763194926,base,adaptive disabled,1.15,1.0,83.3,90,79,80,80,OFF,bearish,bearish,OB,0.24,1,3.603,5.285,-0.0035,0.0,1.667,BOS bearish | Vol 2.4x | FVG | OB | ChoCH | StrongTrend1h | Zone:OB | MTF 16 | Risk x1.15,BOS+2 | 1h+2 | 4h+2 | Vol+2 | RSI+1 | BTC+2 | FVG+1 | OB+1 | ChoCH+1 | Zone:OB+1 | Sess:OFF | Strong1h+1 | QualityRisk:1.15,0,0.55,range
MUUSDT,1310,1319,1786360500,1786369500,SHORT,TRAIL,873.175,860.077375,848.52,886.272625,0.0,-0.1333333333333334,0.1333333333333334,13,4.02,29.51,0.3310179000801517,0.009032619078158168,2.447117160654889,base,adaptive disabled,1.15,1.0,73.5,65,89,70,80,OFF,bearish,neutral,FVG,1.858,1,3.088,4.519,-0.118,0.0,2.529,BOS bearish | Vol 4.0x | FVG | ChoCH | StrongTrend1h | Zone:FVG | MTF 13 | Risk x1.15,BOS+2 | 1h+2 | 4hN+1 | Vol+2 | BTC+2 | FVG+1 | ChoCH+1 | Zone:FVG+1 | Sess:OFF | Strong1h+1 | QualityRisk:1.15,0,0.5,bull
SAMSUNGUSDT,1311,1364,1786361400,1786410000,SHORT,SL,162.31,159.14,155.00605,164.74465,-1.5320477275994424,-1.6653810609327755,0.13333333333333308,15,1.98,31.16,0.31891891891892177,0.0070115309122162975,1.638594774185977,base,adaptive disabled,1.0,1.0,84.1,90,98,70,80,OFF,bearish,bearish,FVG,1.753,2,7.938,3.24,0.0325,10.0,1.56,BOS bearish | Vol 2.0x | FVG | ChoCH | Engulfing | StrongTrend1h | Zone:FVG | MTF 15,BOS+2 | BodyStrong+1 | 1h+2 | 4h+2 | Vol+1 | BTC+2 | FVG+1 | ChoCH+1 | Engulfing+1 | Zone:FVG+1 | Sess:OFF | Strong1h+1,0,0.35,range
AAPLUSDT,1320,1435,1786369500,1786473900,SHORT,TRAIL,308.45,303.82325,294.56975,313.07675,1.0633807739142878,0.9300474405809549,0.1333333333333329,14,1.36,28.62,0.49761526232113784,0.007787437280722026,9.75298645037938,base,adaptive disabled,1.0,1.0,80.5,90,80,70,80,OPEN,bearish,bearish,FVG,1.12,2,5.239,2.28,-0.1502,0.597,0.797,BOS bearish | Vol 1.4x | FVG | ChoCH | Engulfing | Session:OPEN | StrongTrend1h | Zone:FVG | MTF 14,BOS+2 | BodyStrong+1 | 1h+2 | 4h+2 | Vol+1 | BTCok+1 | FVG+1 | ChoCH+1 | Engulfing+1 | Zone:FVG+1 | Sess:OPEN | Strong1h+1,0,0.475,bear
GOOGLUSDT,1320,1416,1786369500,1786456800,SHORT,TRAIL,355.435,351.8643568,344.7230704,359.0056432,2.2042979281955417,1.9056668580286882,0.2986310701668535,15,2.73,32.5,0.26943556975505933,0.006375633886691833,5.832070228404352,base,adaptive disabled,1.15,1.5,68.4,60,72,70,80,OPEN,neutral,bearish,FVG,2.435,4,2.401,0.359,-0.381,0.0,1.388,BOS bearish | Vol 2.7x | FVG | LiqSweep | ChoCH | Engulfing | BearWick | Session:OPEN | Zone:FVG | MTF 15 | Risk x1.15,BOS+2 | 1hN+1 | 4h+2 | Vol+2 | RSI+1 | BTCok+1 | FVG+1 | LiqSweep+1 | ChoCH+1 | Engulfing+1 | BearWick+1 | Zone:FVG+1 | Sess:OPEN | QualityRisk:1.15,0,0.5,bull
AMZNUSDT,1322,1328,1786371300,1786377600,LONG,TRAIL,276.615,280.0749046,286.9947138,273.1550954,1.5643800479111536,1.3245338394347708,0.2398462084763829,17,3.61,69.25,0.26385809312638253,0.005270452870945171,4.993481485590759,base,adaptive disabled,1.25,1.5,84.7,90,71,90,80,OPEN,bullish,bullish,FVG,1.314,1,0.723,3.097,0.3501,4.174,2.323,BOS bullish | Vol 3.6x | FVG | LiqSweep | ChoCH | BullWick | Session:OPEN | StrongTrend1h | Zone:FVG | MTF 17 | Risk x1.25,BOS+2 | BodyStrong+1 | 1h+2 | 4h+2 | Vol+2 | BTC+2 | FVG+1 | LiqSweep+1 | ChoCH+1 | BullWick+1 | Zone:FVG+1 | Sess:OPEN | Strong1h+1 | TrendPairRisk:1.15 | RelStrengthRisk:1.25,0,0.5,range
XAGUSDT,1323,1329,1786372200,1786378500,LONG,TRAIL,64.36,65.13027734,66.67083201,63.58972266,1.3179524488344174,1.1508438071599785,0.167108641674439,16,1.72,67.64,0.23206751054851738,0.0066144184944998624,2.8128917050987443,base,adaptive disabled,1.25,1.0,79.9,90,77,70,80,OPEN,bullish,bullish,FVG,2.453,1,1.829,4.157,0.1352,0.0,1.659,BOS bullish | Vol 1.7x | FVG | LiqSweep | ChoCH | Session:OPEN | StrongTrend1h | Zone:FVG | MTF 16 | Risk x1.25,BOS+2 | BodyStrong+1 | 1h+2 | 4h+2 | Vol+1 | RSI+1 | BTC+2 | FVG+1 | LiqSweep+1 | ChoCH+1 | Zone:FVG+1 | Sess:OPEN | Strong1h+1 | QualityRisk:1.15 | TrendPairRisk:1.25,0,0.6,range
BZUSDT,1328,1336,1786376700,1786384800,LONG,TRAIL,85.445,86.726675,89.290025,84.163325,1.1761076626366922,1.042774329303358,0.13333333333333408,16,1.37,67.98,0.34012219959266965,0.004523057769793197,1.1255762291254436,base,adaptive disabled,1.25,1.0,87.5,90,100,80,80,MIDDAY,bullish,bullish,OB,0.736,3,0.604,8.539,0.2503,4.964,1.627,BOS bullish | Vol 1.4x | FVG | OB | ChoCH | StrongTrend1h | Zone:OB | MTF 16 | Risk x1.25,BOS+2 | BodyStrong+1 | 1h+2 | 4h+2 | Vol+1 | RSI+1 | BTC+2 | FVG+1 | OB+1 | ChoCH+1 | Zone:OB+1 | Sess:MIDDAY | Strong1h+1 | QualityRisk:1.15 | TrendPairRisk:1.25,0,0.5,bull
SKHYNIXUSDT,1362,1364,1786407300,1786410000,SHORT,TRAIL,991.995,979.98988251,955.97964752,1004.00011749,0.8522195062884043,0.6869574835174798,0.16526202277092453,15,3.91,38.26,0.3180093729078318,0.0150145088263577,3.4672098826878672,base,adaptive disabled,1.0,1.0,86.1,90,78,90,80,OFF,bearish,bearish,FVG,0.666,5,4.435,0.582,0.331,3.425,1.494,BOS bearish | Vol 3.9x | FVG | ChoCH | StrongTrend1h | Zone:FVG | MTF 15,BOS+2 | BodyStrong+1 | 1h+2 | 4h+2 | Vol+2 | RSI+1 | BTCok+1 | FVG+1 | ChoCH+1 | Zone:FVG+1 | Sess:OFF | Strong1h+1,0,0.55,bear
TSLAUSDT,1362,1406,1786407300,1786447800,LONG,TRAIL,330.875,333.13,336.30060228,329.06646591,1.27443471983201,0.9085306411314579,0.3659040787005522,14,1.31,61.63,0.27649769585251904,0.0015995208939443208,0.6750388306009378,base,adaptive disabled,1.15,1.0,64.6,60,83,50,80,OFF,neutral,bullish,FVG,1.124,1,2.307,2.761,0.1153,3.0,1.654,BOS bullish | Vol 1.3x | FVG | ChoCH | Engulfing | BullWick | Zone:FVG | MTF 14 | Risk x1.15,BOS+2 | 1hN+1 | 4h+2 | Vol+1 | RSI+1 | BTC+2 | FVG+1 | ChoCH+1 | Engulfing+1 | BullWick+1 | Zone:FVG+1 | Sess:OFF | QualityRisk:1.15,0,0.5,range
XAUUSDT,1364,1369,1786409100,1786414500,LONG,TRAIL,4405.9,4428.40657179,4473.41971538,4383.39342821,1.9039597008472267,1.3166779005211113,0.5872818003261154,13,1.56,70.3,0.43346007604565034,0.002242653898273548,1.5926886807724476,base,adaptive disabled,1.25,1.5,78.5,90,100,50,80,OFF,bullish,bullish,FVG,2.404,9,-1.0,9.088,0.2507,3.851,0.971,BOS bullish | Vol 1.6x | FVG | ChoCH | StrongTrend1h | Zone:FVG | MTF 13 | Risk x1.25,BOS+2 | 1h+2 | 4h+2 | Vol+1 | BTC+2 | FVG+1 | ChoCH+1 | Zone:FVG+1 | Sess:OFF | Strong1h+1 | QualityRisk:1.15 | TrendPairRisk:1.25,0,0.575,bull
XAGUSDT,1365,1367,1786410000,1786412700,LONG,TRAIL,65.865,66.12846,66.65538,65.60154,1.9382946147555362,1.4382946147555267,0.5000000000000095,20,10.63,61.17,0.16279069767441398,0.006862651262000884,2.789238822303833,base,adaptive disabled,1.25,1.0,81.3,90,69,80,80,OFF,bullish,bullish,OB,0.231,3,0.231,10.699,0.4489,3.0,3.548,BOS bullish | Vol 10.6x | FVG | OB | LiqSweep | BullWick | StrongTrend1h | Zone:OB | 💎PREMIUM | MTF 20 | Risk x1.25,BOS+2 | 1h+2 | 4h+2 | Vol+2 | RSI+1 | BTC+2 | FVG+1 | OB+1 | LiqSweep+1 | BullWick+1 | Zone:OB+1 | Sess:OFF | Strong1h+1 | 💎Premium+3 | QualityRisk:1.15 | TrendPairRisk:1.25,1,0.55,range
INTCUSDT,1394,1415,1786436100,1786455900,SHORT,TRAIL,97.56,96.0966,93.1698,99.0234,0.0,-0.133333333333334,0.133333333333334,16,7.01,29.75,0.45368171021377995,0.010758324419964022,4.40956822163733,base,adaptive disabled,1.15,1.0,80.5,90,80,70,80,OFF,bearish,bearish,FVG,0.686,1,4.964,1.513,-0.2856,4.162,6.174,BOS bearish | Vol 7.0x | FVG | LiqSweep | ChoCH | Engulfing | BearWick | StrongTrend1h | Zone:FVG | MTF 16 | Risk x1.15,BOS+2 | 1h+2 | 4h+2 | Vol+2 | BTCok+1 | FVG+1 | LiqSweep+1 | ChoCH+1 | Engulfing+1 | BearWick+1 | Zone:FVG+1 | Sess:OFF | Strong1h+1 | QualityRisk:1.15,0,0.45,bear
MUUSDT,1395,1417,1786437000,1786457700,SHORT,TRAIL,870.42,858.98898419,836.12695257,881.85101581,1.4531306441809289,1.300839716678486,0.15229092750244289,19,1.99,39.14,0.2782319103844964,0.006515735571295612,2.054746655503345,base,adaptive disabled,1.15,1.0,78.1,90,83,60,80,OFF,bearish,bearish,OB,0.069,1,4.018,1.525,-0.2024,4.374,1.651,BOS bearish | Vol 2.0x | FVG | OB | LiqSweep | ChoCH | BearWick | StrongTrend1h | Zone:OB | 💎PREMIUM | MTF 19 | Risk x1.15,BOS+2 | 1h+2 | 4h+2 | Vol+1 | RSI+1 | BTCok+1 | FVG+1 | OB+1 | LiqSweep+1 | ChoCH+1 | BearWick+1 | Zone:OB+1 | Sess:OFF | Strong1h+1 | 💎Premium+3 | QualityRisk:1.15,1,0.475,range
TSLAUSDT,1402,1406,1786443300,1786447800,LONG,TRAIL,331.58,332.90632,335.55896,330.25368,1.206996690400367,0.7069966904003707,0.49999999999999634,16,2.87,65.13,0.20816326530612406,0.0017152769848476186,1.497120835696284,base,adaptive disabled,1.25,1.0,87.3,90,84,90,80,OFF,bullish,bullish,FVG,1.773,3,0.701,5.932,0.1797,0.0,1.261,BOS bullish | Vol 2.9x | FVG | ChoCH | StrongTrend1h | Zone:FVG | MTF 16 | Risk x1.25,BOS+2 | BodyStrong+1 | 1h+2 | 4h+2 | Vol+2 | RSI+1 | BTC+2 | FVG+1 | ChoCH+1 | Zone:FVG+1 | Sess:OFF | Strong1h+1 | QualityRisk:1.15 | TrendPairRisk:1.25,0,0.525,bear
METAUSDT,1405,1417,1786446000,1786457700,LONG,TP2,597.05,608.79,611.04,594.06635439,4.688894670704639,4.2886795794760175,0.40021509122862087,17,3.93,66.08,0.23516949152542527,0.0011140657044789151,1.2546692044274816,base,adaptive disabled,1.15,1.0,71.6,60,88,70,80,OFF,neutral,bullish,FVG,1.979,5,0.233,4.394,0.501,8.25,2.846,BOS bullish | Vol 3.9x | FVG | MACD_Div | ChoCH | BullWick | Zone:FVG | MTF 17 | Risk x1.15,BOS+2 | 1hN+1 | 4h+2 | Vol+2 | RSI+1 | BTC+2 | FVG+1 | MACD_Div+1 | ChoCH+1 | BullWick+1 | Zone:FVG+1 | Sess:OFF | NestedOB_1h+2 | QualityRisk:1.15,0,0.525,bear
XAUUSDT,1405,1508,1786446000,1786539600,LONG,TRAIL,4374.1,4436.0,4524.72,4356.6036,3.706523473822441,3.2065234738224406,0.5000000000000002,17,1.92,60.04,0.2358620689655341,0.0017925234458583742,1.0145912514256579,base,adaptive disabled,1.15,1.0,71.6,60,88,70,80,OFF,neutral,bullish,FVG,1.662,3,5.631,4.263,0.0344,4.029,1.338,BOS bullish | Vol 1.9x | FVG | LiqSweep | ChoCH | Engulfing | Zone:FVG | MTF 17 | Risk x1.15,BOS+2 | BodyStrong+1 | 1hN+1 | 4h+2 | Vol+1 | RSI+1 | BTC+2 | FVG+1 | LiqSweep+1 | ChoCH+1 | Engulfing+1 | Zone:FVG+1 | Sess:OFF | NestedOB_1h+2 | QualityRisk:1.15,0,0.55,bear
CRCLUSDT,1409,1414,1786449600,1786455000,LONG,TRAIL,67.295,68.17,69.75138021,66.4762066,3.2074909200077073,2.9609268905467965,0.2465640294609104,15,2.05,67.78,0.3284132841328423,0.003003652671369395,1.185912748838895,base,adaptive disabled,1.25,1.5,86.8,80,99,90,80,OFF,bullish,bullish,FVG,3.276,4,1.927,1.782,0.1589,4.933,1.121,BOS bullish | Vol 2.0x | FVG | ChoCH | Zone:FVG | MTF 15 | Risk x1.25,BOS+2 | BodyStrong+1 | 1h+2 | 4h+2 | Vol+2 | RSI+1 | BTC+2 | FVG+1 | ChoCH+1 | Zone:FVG+1 | Sess:OFF | QualityRisk:1.15 | TrendPairRisk:1.25,0,0.55,range
SAMSUNGUSDT,1416,1458,1786455900,1786494600,LONG,TRAIL,170.515,173.072725,178.188175,167.957275,2.458104233908739,2.3247709005754045,0.13333333333333455,16,2.08,65.09,0.3887323943661978,0.010010298285463308,2.1895602442101203,base,adaptive disabled,1.25,1.0,85.5,90,90,80,80,OPEN,bullish,bullish,OB,0.448,2,0.359,4.068,0.0947,1.339,0.993,BOS bullish | Vol 2.1x | FVG | OB | ChoCH | BullWick | Session:OPEN | StrongTrend1h | Zone:OB | MTF 16 | Risk x1.25,BOS+2 | 1h+2 | 4h+2 | Vol+2 | RSI+1 | BTCok+1 | FVG+1 | OB+1 | ChoCH+1 | BullWick+1 | Zone:OB+1 | Sess:OPEN | Strong1h+1 | QualityRisk:1.15 | TrendPairRisk:1.25,0,0.525,range
SNDKUSDT,1417,1421,1786456800,1786461300,LONG,TRAIL,1250.19,1268.94285,1306.44855,1231.43715,1.887112766014724,1.6871127660147247,0.19999999999999918,20,2.67,48.77,0.19721455787675746,0.020930542107604037,5.267254643547405,base,adaptive disabled,1.25,1.5,80.1,90,63,80,80,OPEN,bullish,bullish,OB,0.833,4,1.544,1.894,-0.0855,0.04,1.5,BOS bullish | Vol 2.7x | FVG | OB | LiqSweep | ChoCH | Engulfing | Session:OPEN | StrongTrend1h | Zone:OB | 💎PREMIUM | MTF 20 | Risk x1.25,BOS+2 | 1h+2 | 4h+2 | Vol+2 | RSI+1 | BTCok+1 | FVG+1 | OB+1 | LiqSweep+1 | ChoCH+1 | Engulfing+1 | Zone:OB+1 | Sess:OPEN | Strong1h+1 | 💎Premium+3 | QualityRisk:1.15 | TrendPairRisk:1.25,1,0.55,bear
MSTRUSDT,1422,1435,1786461300,1786473900,SHORT,TRAIL,97.065,95.609025,92.697075,98.520975,1.168595983675822,1.0352626503424895,0.13333333333333247,15,1.34,35.38,0.21377331420373075,0.010351203586721239,4.187061850832896,base,adaptive disabled,1.0,1.0,71.5,90,65,50,80,MIDDAY,bearish,bearish,FVG,0.649,1,2.228,0.03,0.1866,10.0,1.424,BOS bearish | Vol 1.3x | FVG | LiqSweep | ChoCH | StrongTrend1h | Zone:FVG | MTF 15,BOS+2 | 1h+2 | 4h+2 | Vol+1 | RSI+1 | BTC+2 | FVG+1 | LiqSweep+1 | ChoCH+1 | Zone:FVG+1 | Sess:MIDDAY | Strong1h+1,0,0.375,range
CBRSUSDT,1438,1441,1786475700,1786479300,LONG,TRAIL,232.78,236.2717,243.2551,229.2883,0.8722664409004718,0.7389331075671388,0.133333333333333,15,3.73,64.66,0.21761929732564061,0.01056274146147796,1.5693796256041117,base,adaptive disabled,1.25,1.0,81.7,90,86,70,80,CLOSE,bullish,bullish,FVG,0.781,1,-1.0,3.674,0.1233,0.0,3.382,BOS bullish | Vol 3.7x | FVG | ChoCH | Session:CLOSE | StrongTrend1h | Zone:FVG | MTF 15 | Risk x1.25,BOS+2 | 1h+2 | 4h+2 | Vol+2 | RSI+1 | BTC+2 | FVG+1 | ChoCH+1 | Zone:FVG+1 | Sess:CLOSE | Strong1h+1 | TrendPairRisk:1.15 | RelStrengthRisk:1.25,0,0.625,bull
BZUSDT,1439,1553,1786476600,1786580100,LONG,SL,87.285,88.97,89.4760516,86.55464947,-1.03375019115821,-1.2727724042317066,0.23902221307349647,15,1.98,58.44,0.2907348242811495,0.0022014173705238857,0.5837758608932315,base,adaptive disabled,1.25,1.0,78.3,90,84,60,80,CLOSE,bullish,bullish,OB,0.193,1,3.669,3.959,0.1687,0.492,2.201,BOS bullish | Vol 2.0x | FVG | OB | ChoCH | Session:CLOSE | StrongTrend1h | Zone:OB | MTF 15 | Risk x1.25,BOS+2 | 1h+2 | 4h+2 | Vol+1 | RSI+1 | BTC+2 | FVG+1 | OB+1 | ChoCH+1 | Zone:OB+1 | Sess:CLOSE | Strong1h+1 | QualityRisk:1.15 | TrendPairRisk:1.25,0,0.65,range
EWYUSDT,1457,1459,1786492800,1786495500,LONG,TRAIL,167.11,167.95055842,169.63167527,166.26944158,2.3693506788326735,1.9717340563021457,0.3976166225305279,17,8.25,59.33,0.4080459770115052,0.0033701096632250513,1.1436363975538533,base,adaptive disabled,1.25,1.0,87.5,90,100,80,80,OFF,bullish,bullish,OB,0.142,3,1.591,5.248,0.4011,0.303,4.289,BOS bullish | Vol 8.2x | FVG | OB | ChoCH | Engulfing | BullWick | StrongTrend1h | Zone:OB | MTF 17 | Risk x1.25,BOS+2 | 1h+2 | 4h+2 | Vol+2 | RSI+1 | BTCok+1 | FVG+1 | OB+1 | ChoCH+1 | Engulfing+1 | BullWick+1 | Zone:OB+1 | Sess:OFF | Strong1h+1 | QualityRisk:1.15 | TrendPairRisk:1.25,0,0.475,range
SKHYNIXUSDT,1457,1467,1786492800,1786502700,LONG,TRAIL,1029.83,1057.43,1073.7894281,1015.1768573,2.919447054320878,2.7788860810083054,0.14056097331257256,16,11.32,58.67,0.3022236141559706,0.006580513288159767,1.5059741795568913,base,adaptive disabled,1.25,1.0,86.7,90,96,80,80,OFF,bullish,bullish,OB,0.262,7,0.22,2.985,0.1631,1.354,5.106,BOS bullish | Vol 11.3x | FVG | OB | ChoCH | BullWick | StrongTrend1h | Zone:OB | MTF 16 | Risk x1.25,BOS+2 | 1h+2 | 4h+2 | Vol+2 | RSI+1 | BTCok+1 | FVG+1 | OB+1 | ChoCH+1 | BullWick+1 | Zone:OB+1 | Sess:OFF | Strong1h+1 | QualityRisk:1.15 | TrendPairRisk:1.25,0,0.475,bull
DRAMUSDT,1459,1464,1786494600,1786500000,LONG,TRAIL,51.35,51.87481763,52.9244529,50.82518237,1.8021637242051662,1.6064767005051435,0.19568702370002275,16,1.36,60.65,0.26984126984127044,0.008591696231111645,2.4371778308967804,base,adaptive disabled,1.15,1.0,80.9,90,82,70,80,OFF,bullish,bullish,FVG,0.763,1,0.191,2.48,0.323,2.0,0.79,BOS bullish | Vol 1.4x | FVG | ChoCH | Engulfing | BullWick | StrongTrend1h | Zone:FVG | MTF 16 | Risk x1.15,BOS+2 | BodyStrong+1 | 1h+2 | 4h+2 | Vol+1 | RSI+1 | BTCok+1 | FVG+1 | ChoCH+1 | Engulfing+1 | BullWick+1 | Zone:FVG+1 | Sess:OFF | Strong1h+1 | TrendPairRisk:1.15,0,0.45,range
XAGUSDT,1461,1489,1786496400,1786522500,LONG,TRAIL,64.855,66.18,66.36,64.59558,8.164306300358563,7.414306300358579,0.7499999999999835,14,6.48,66.54,0.4230769230769241,0.0036334158037770532,1.3903158708003427,base,adaptive disabled,1.15,1.5,80.0,60,100,90,80,OFF,neutral,bullish,FVG,1.727,4,0.066,5.182,0.3899,1.588,2.501,BOS bullish | Vol 6.5x | FVG | ChoCH | BullWick | Zone:FVG | MTF 14 | Risk x1.15,BOS+2 | BodyStrong+1 | 1hN+1 | 4h+2 | Vol+2 | RSI+1 | BTCok+1 | FVG+1 | ChoCH+1 | BullWick+1 | Zone:FVG+1 | Sess:OFF | QualityRisk:1.15,0,0.55,bull
SNDKUSDT,1465,1468,1786500000,1786503600,LONG,TRAIL,1285.985,1304.70145102,1342.13435306,1267.26854898,1.3794785096577096,1.2420608978865637,0.13741761177114592,16,3.41,64.44,0.31648886393411496,0.00807842953905341,1.4896742003293808,base,adaptive disabled,1.25,1.0,83.9,90,97,70,80,OFF,bullish,bullish,FVG,1.02,1,6.086,9.345,0.1726,2.783,2.198,BOS bullish | Vol 3.4x | FVG | ChoCH | Engulfing | StrongTrend1h | Zone:FVG | MTF 16 | Risk x1.25,BOS+2 | 1h+2 | 4h+2 | Vol+2 | RSI+1 | BTC+2 | FVG+1 | ChoCH+1 | Engulfing+1 | Zone:FVG+1 | Sess:OFF | Strong1h+1 | TrendPairRisk:1.15 | RelStrengthRisk:1.25,0,0.6,range
AMZNUSDT,1471,1478,1786505400,1786512600,SHORT,TRAIL,272.68,271.58928,269.40784,273.77072,1.0229229701679985,0.5229229701679875,0.500000000000011,17,2.37,34.12,0.2631578947368295,0.0008577006721838502,1.0166736272067407,base,adaptive disabled,1.15,1.0,88.7,90,91,90,80,OFF,bearish,bearish,FVG,1.449,1,16.458,1.122,-0.6126,0.0,1.584,BOS bearish | Vol 2.4x | FVG | ChoCH | BearWick | StrongTrend1h | Zone:FVG | MTF 17 | Risk x1.15,BOS+2 | BodyStrong+1 | 1h+2 | 4h+2 | Vol+2 | RSI+1 | BTC+2 | FVG+1 | ChoCH+1 | BearWick+1 | Zone:FVG+1 | Sess:OFF | Strong1h+1 | QualityRisk:1.15,0,0.375,range
XAUUSDT,1471,1508,1786505400,1786539600,LONG,TRAIL,4399.75,4436.55232465,4510.15697396,4362.94767535,1.5982104685032938,1.2395578527914193,0.3586526157118747,16,1.81,61.38,0.3324432576768912,0.0016336143595581853,1.0859080179173373,base,adaptive disabled,1.25,1.5,84.3,90,99,70,80,OFF,bullish,bullish,FVG,2.955,9,0.724,5.677,0.2195,0.617,1.641,BOS bullish | Vol 1.8x | FVG | ChoCH | StrongTrend1h | Zone:FVG | MTF 16 | Risk x1.25,BOS+2 | BodyStrong+1 | 1h+2 | 4h+2 | Vol+1 | RSI+1 | BTCok+1 | FVG+1 | ChoCH+1 | Zone:FVG+1 | Sess:OFF | Strong1h+1 | NestedOB_1h+2 | QualityRisk:1.15 | TrendPairRisk:1.25,0,0.575,bull
CLUSDT,1472,1493,1786506300,1786526100,LONG,SL,83.075,84.05,84.78735836,82.50421388,-2.9564489059404178,-3.393083559915529,0.4366346539751115,13,1.75,71.9,0.5211267605633865,0.002680030039712379,1.1060483973906232,base,adaptive disabled,1.25,1.5,84.5,90,100,70,80,OFF,bullish,bullish,FVG,1.409,3,3.028,9.553,0.1423,0.947,1.767,BOS bullish | Vol 1.8x | FVG | ChoCH | StrongTrend1h | Zone:FVG | MTF 13 | Risk x1.25,BOS+2 | BodyStrong+1 | 1h+2 | 4h+2 | Vol+1 | BTCok+1 | FVG+1 | ChoCH+1 | Zone:FVG+1 | Sess:OFF | Strong1h+1 | QualityRisk:1.15 | TrendPairRisk:1.25,0,0.525,bull
AAPLUSDT,1490,1512,1786522500,1786543200,SHORT,TRAIL,305.32,303.27,301.65616,306.54128,1.7644616510679547,1.264461651067946,0.5000000000000087,13,1.7,34.43,0.15646258503402308,0.0015513582238702644,2.962124608703845,base,adaptive disabled,1.0,1.0,72.1,90,68,50,80,OFF,bearish,bearish,FVG,0.078,1,13.534,7.14,0.0769,0.0,1.034,BOS bearish | Vol 1.7x | FVG | ChoCH | StrongTrend1h | Zone:FVG | MTF 13,BOS+2 | 1h+2 | 4h+2 | Vol+1 | RSI+1 | BTCok+1 | FVG+1 | ChoCH+1 | Zone:FVG+1 | Sess:OFF | Strong1h+1,0,0.425,range
XAGUSDT,1492,1495,1786524300,1786527900,LONG,TRAIL,65.91,66.88690431,68.84071293,64.93309569,1.0995813308607894,0.8971766552175823,0.20240467564320708,14,1.48,70.84,0.4117647058823529,0.002513501447905747,1.0214241508942905,base,adaptive disabled,1.25,1.5,84.5,90,100,70,80,OFF,bullish,bullish,FVG,3.87,9,1.909,9.081,0.1069,10.0,2.616,BOS bullish | Vol 1.5x | FVG | ChoCH | StrongTrend1h | Zone:FVG | MTF 14 | Risk x1.25,BOS+2 | BodyStrong+1 | 1h+2 | 4h+2 | Vol+1 | BTC+2 | FVG+1 | ChoCH+1 | Zone:FVG+1 | Sess:OFF | Strong1h+1 | QualityRisk:1.15 | TrendPairRisk:1.25,0,0.65,range
XAUUSDT,1494,1508,1786526100,1786539600,LONG,TRAIL,4410.65,4438.4103907,4493.93117211,4382.8896093,1.020071535658562,0.702305835048296,0.31776570061026593,16,3.32,64.3,0.21978021978022746,0.002061787883366833,1.4883742531814539,base,adaptive disabled,1.25,1.0,81.7,90,86,70,80,OFF,bullish,bullish,FVG,0.529,1,0.196,7.96,-0.1307,1.807,1.98,BOS bullish | Vol 3.3x | FVG | ChoCH | Engulfing | StrongTrend1h | Zone:FVG | MTF 16 | Risk x1.25,BOS+2 | 1h+2 | 4h+2 | Vol+2 | RSI+1 | BTC+2 | FVG+1 | ChoCH+1 | Engulfing+1 | Zone:FVG+1 | Sess:OFF | Strong1h+1 | QualityRisk:1.15 | TrendPairRisk:1.25,0,0.55,bull
CRCLUSDT,1496,1511,1786527900,1786542300,LONG,SL,71.22,73.4,74.868,70.70078225,-2.5230262255094575,-2.797361993113707,0.27433576760424927,16,1.49,67.47,0.3442622950819728,0.003912225017328105,1.8635231832564918,base,adaptive disabled,1.25,1.0,79.5,90,90,60,80,OFF,bullish,bullish,OB,0.504,1,0.824,17.351,0.0076,10.0,1.55,BOS bullish | Vol 1.5x | FVG | OB | ChoCH | BullWick | StrongTrend1h | Zone:OB | MTF 16 | Risk x1.25,BOS+2 | 1h+2 | 4h+2 | Vol+1 | RSI+1 | BTC+2 | FVG+1 | OB+1 | ChoCH+1 | BullWick+1 | Zone:OB+1 | Sess:OFF | Strong1h+1 | QualityRisk:1.15 | TrendPairRisk:1.25,0,0.625,bull
AAPLUSDT,1508,1512,1786538700,1786543200,SHORT,TRAIL,304.85,303.6306,301.1918,306.0694,1.379485653671833,0.8794856536718126,0.5000000000000203,16,2.71,36.73,0.21904761904762937,0.002526552359363658,3.3565797344667425,base,adaptive disabled,1.0,1.0,77.7,90,66,70,80,OFF,bearish,bearish,FVG,1.222,1,3.208,3.208,-0.0292,0.0,3.128,BOS bearish | Vol 2.7x | FVG | ChoCH | Engulfing | BearWick | StrongTrend1h | Zone:FVG | MTF 16,BOS+2 | 1h+2 | 4h+2 | Vol+2 | RSI+1 | BTCok+1 | FVG+1 | ChoCH+1 | Engulfing+1 | BearWick+1 | Zone:FVG+1 | Sess:OFF | Strong1h+1,0,0.525,range
MRVLUSDT,1511,1535,1786541400,1786563900,LONG,SL,221.705,226.88,230.34,218.379425,-1.9913849484675588,-2.191384948467558,0.19999999999999912,16,12.53,62.13,0.24619640387275293,0.016618794483553936,5.005026938632643,base,adaptive disabled,1.25,1.5,84.3,90,69,90,80,OPEN,bullish,bullish,FVG,1.475,5,0.306,1.295,0.14,0.0,3.372,BOS bullish | Vol 12.5x | FVG | ChoCH | BullWick | Session:OPEN | StrongTrend1h | Zone:FVG | MTF 16 | Risk x1.25,BOS+2 | BodyStrong+1 | 1h+2 | 4h+2 | Vol+2 | RSI+1 | BTCok+1 | FVG+1 | ChoCH+1 | BullWick+1 | Zone:FVG+1 | Sess:OPEN | Strong1h+1 | QualityRisk:1.15 | TrendPairRisk:1.25,0,0.475,range
SKHYNIXUSDT,1511,1513,1786541400,1786544100,LONG,TRAIL,1088.76,1105.0914,1137.7542,1072.4286,1.9624391211281682,1.7624391211281687,0.19999999999999962,16,9.6,63.65,0.2847981893625007,0.011907552928798025,1.8885834904392385,base,adaptive disabled,1.25,1.5,81.3,90,84,70,80,OPEN,bullish,bullish,FVG,1.238,5,0.196,10.452,0.3823,10.0,2.694,BOS bullish | Vol 9.6x | FVG | LiqSweep | ChoCH | BullWick | Session:OPEN | StrongTrend1h | Zone:FVG | MTF 16 | Risk x1.25,BOS+2 | 1h+2 | 4h+2 | Vol+2 | RSI+1 | BTCok+1 | FVG+1 | LiqSweep+1 | ChoCH+1 | BullWick+1 | Zone:FVG+1 | Sess:OPEN | Strong1h+1 | TrendPairRisk:1.15 | RelStrengthRisk:1.25,0,0.525,bear
SNDKUSDT,1511,1513,1786541400,1786544100,LONG,TRAIL,1331.775,1351.751625,1391.704875,1311.798375,3.263740601799104,3.0637406017991045,0.1999999999999999,16,10.76,58.96,0.1573498964803333,0.02063091685560888,4.463884218967351,base,adaptive disabled,1.25,1.5,76.1,90,58,70,80,OPEN,bullish,bullish,FVG,0.405,4,11.257,8.134,0.0151,0.0,2.626,BOS bullish | Vol 10.8x | FVG | LiqSweep | ChoCH | BullWick | Session:OPEN | StrongTrend1h | Zone:FVG | MTF 16 | Risk x1.25,BOS+2 | 1h+2 | 4h+2 | Vol+2 | RSI+1 | BTCok+1 | FVG+1 | LiqSweep+1 | ChoCH+1 | BullWick+1 | Zone:FVG+1 | Sess:OPEN | Strong1h+1 | QualityRisk:1.15 | TrendPairRisk:1.25,0,0.45,bull
GOOGLUSDT,1512,1514,1786542300,1786545000,SHORT,TRAIL,345.835,343.50961094,338.85883282,348.16038906,1.8176212871791544,1.371457237538364,0.44616404964079037,17,3.08,32.02,0.4041297935103139,0.0061620394124512505,5.617185401246723,base,adaptive disabled,1.15,1.5,80.5,90,80,70,80,OPEN,bearish,bearish,FVG,1.685,1,3.694,0.465,-0.2001,2.301,1.855,BOS bearish | Vol 3.1x | FVG | LiqSweep | ChoCH | Engulfing | Session:OPEN | StrongTrend1h | Zone:FVG | MTF 17 | Risk x1.15,BOS+2 | 1h+2 | 4h+2 | Vol+2 | RSI+1 | BTC+2 | FVG+1 | LiqSweep+1 | ChoCH+1 | Engulfing+1 | Zone:FVG+1 | Sess:OPEN | Strong1h+1 | QualityRisk:1.15,0,0.5,bull
SNDKUSDT,1553,1580,1786579200,1786604400,LONG,SL,1369.31,1389.84965,1430.92895,1348.77035,-1.0375055076401014,-1.1708388409734352,0.13333333333333375,18,2.53,67.59,0.46204271516176626,0.006480968331167827,1.1093968622339554,base,adaptive disabled,1.25,1.0,93.5,90,100,100,80,OFF,bullish,bullish,OB,2.058,4,2.477,4.481,0.1969,5.352,1.178,BOS bullish | Vol 2.5x | FVG | OB | LiqSweep | ChoCH | StrongTrend1h | Zone:OB | MTF 18 | Risk x1.25,BOS+2 | BodyStrong+1 | 1h+2 | 4h+2 | Vol+2 | RSI+1 | BTC+2 | FVG+1 | OB+1 | LiqSweep+1 | ChoCH+1 | Zone:OB+1 | Sess:OFF | Strong1h+1 | QualityRisk:1.15 | TrendPairRisk:1.25,0,0.55,range
DRAMUSDT,1554,1580,1786580100,1786604400,LONG,SL,55.415,56.246225,57.908675,54.583775,-1.0767241120033686,-1.2100574453367026,0.13333333333333391,15,2.94,70.28,0.4505494505494506,0.008632039734210529,2.1293672562566863,base,adaptive disabled,1.15,1.0,82.5,90,90,70,80,OFF,bullish,bullish,FVG,2.481,5,-1.0,20.287,0.2424,2.905,1.502,BOS bullish | Vol 2.9x | FVG | ChoCH | Engulfing | StrongTrend1h | Zone:FVG | MTF 15 | Risk x1.15,BOS+2 | 1h+2 | 4h+2 | Vol+2 | BTC+2 | FVG+1 | ChoCH+1 | Engulfing+1 | Zone:FVG+1 | Sess:OFF | Strong1h+1 | TrendPairRisk:1.15,0,0.65,bull
EWYUSDT,1554,1580,1786580100,1786604400,LONG,SL,177.08,179.22765695,183.52297085,174.93234305,-1.1407780930748679,-1.3056833867252322,0.16490529365036424,15,3.69,68.8,0.39882121807465615,0.00849303449980243,2.9064496299046936,base,adaptive disabled,1.15,1.0,82.5,90,90,70,80,OFF,bullish,bullish,FVG,1.999,3,-1.0,17.9,0.2072,3.06,2.048,BOS bullish | Vol 3.7x | FVG | ChoCH | Engulfing | StrongTrend1h | Zone:FVG | MTF 15 | Risk x1.15,BOS+2 | 1h+2 | 4h+2 | Vol+2 | BTC+2 | FVG+1 | ChoCH+1 | Engulfing+1 | Zone:FVG+1 | Sess:OFF | Strong1h+1 | TrendPairRisk:1.15,0,0.525,bear
MUUSDT,1554,1584,1786580100,1786608000,LONG,SL,923.015,936.860225,964.550675,909.169775,-1.3408955072958297,-1.4742288406291628,0.13333333333333308,17,1.84,59.63,0.16274634456452694,0.006053119871789153,1.2031160273925015,base,adaptive disabled,1.25,1.0,74.3,90,79,50,80,OFF,bullish,bullish,FVG,1.153,4,1.363,3.405,-0.1366,0.0,1.307,BOS bullish | Vol 1.8x | FVG | ChoCH | Engulfing | StrongTrend1h | Zone:FVG | MTF 17 | Risk x1.25,BOS+2 | 1h+2 | 4h+2 | Vol+1 | RSI+1 | BTC+2 | FVG+1 | ChoCH+1 | Engulfing+1 | Zone:FVG+1 | Sess:OFF | Strong1h+1 | NestedOB_1h+2 | QualityRisk:1.15 | TrendPairRisk:1.25,0,0.575,range
SKHYNIXUSDT,1555,1558,1786581000,1786584600,LONG,TRAIL,1131.495,1148.467425,1182.412275,1114.522575,1.1779753061444906,1.044641972811157,0.13333333333333386,18,4.3,62.21,0.244140624999999,0.018535992767684178,3.7625666945956486,base,adaptive disabled,1.25,1.0,84.3,90,69,90,80,OFF,bullish,bullish,FVG,1.456,2,-1.0,16.332,0.0481,10.0,2.195,BOS bullish | Vol 4.3x | FVG | LiqSweep | ChoCH | Engulfing | StrongTrend1h | Zone:FVG | MTF 18 | Risk x1.25,BOS+2 | BodyStrong+1 | 1h+2 | 4h+2 | Vol+2 | RSI+1 | BTC+2 | FVG+1 | LiqSweep+1 | ChoCH+1 | Engulfing+1 | Zone:FVG+1 | Sess:OFF | Strong1h+1 | TrendPairRisk:1.15 | RelStrengthRisk:1.25,0,0.5,bear
SOXLUSDT,1570,1584,1786594500,1786608000,LONG,SL,144.39,147.13,149.75328173,142.60223942,-1.4151783120757575,-1.5767100088983828,0.16153169682262514,18,7.41,62.19,0.38140417457305464,0.0030084201642829674,0.6587542123914097,base,adaptive disabled,1.15,1.0,82.5,90,90,70,80,OFF,bullish,bullish,FVG,0.302,4,0.89,5.676,0.2412,0.377,10.032,BOS bullish | Vol 7.4x | FVG | ChoCH | BullWick | StrongTrend1h | Zone:FVG | MTF 18 | Risk x1.15,BOS+2 | 1h+2 | 4h+2 | Vol+2 | RSI+1 | BTC+2 | FVG+1 | ChoCH+1 | BullWick+1 | Zone:FVG+1 | Sess:OFF | Strong1h+1 | NestedOB_1h+2 | TrendPairRisk:1.15,0,0.75,bull
EWYUSDT,1649,1684,1786665600,1786698000,LONG,TRAIL,178.88,181.05,182.00184755,177.83938415,2.238266278514006,1.8944698621899592,0.34379641632404684,17,3.56,54.35,0.16953316953317163,0.00425208637796446,1.440494545592344,base,adaptive disabled,1.25,1.0,89.5,90,80,100,80,OFF,bullish,bullish,OB,0.333,9,1.885,3.547,0.4767,1.156,1.504,BOS bullish | Vol 3.6x | FVG | OB | StrongTrend1h | Zone:OB | MTF 17 | Risk x1.25,BOS+2 | BodyStrong+1 | 1h+2 | 4h+2 | Vol+2 | RSI+1 | BTCok+1 | FVG+1 | OB+1 | Zone:OB+1 | Sess:OFF | Strong1h+1 | NestedOB_1h+2 | QualityRisk:1.15 | TrendPairRisk:1.25,0,0.5,range
XAUUSDT,1651,1654,1786667400,1786671000,SHORT,TRAIL,4355.3,4335.79264531,4320.3,4374.80735469,1.6020473462031823,1.1555183247943712,0.44652902140881107,16,4.34,34.01,0.17111459968603732,0.0028510332788019006,1.7041758509660367,base,adaptive disabled,1.15,1.0,80.5,90,80,70,80,OFF,bearish,bearish,FVG,1.47,1,2.846,3.453,-0.1966,0.0,2.68,BOS bearish | Vol 4.3x | FVG | LiqSweep | ChoCH | StrongTrend1h | Zone:FVG | MTF 16 | Risk x1.15,BOS+2 | 1h+2 | 4h+2 | Vol+2 | RSI+1 | BTC+2 | FVG+1 | LiqSweep+1 | ChoCH+1 | Zone:FVG+1 | Sess:OFF | Strong1h+1 | QualityRisk:1.15,0,0.375,bull
CRCLUSDT,1662,1681,1786677300,1786695300,LONG,SL,75.9,77.0385,79.3155,74.7615,-1.0628019323671496,-1.196135265700482,0.13333333333333247,15,2.15,69.9,0.34626038781163576,0.004473559226881803,0.8420356854809338,base,adaptive disabled,1.25,1.0,90.5,90,100,90,80,OFF,bullish,bullish,FVG,2.096,5,-1.0,14.329,0.2232,10.0,1.797,BOS bullish | Vol 2.1x | FVG | Engulfing | StrongTrend1h | Zone:FVG | MTF 15 | Risk x1.25,BOS+2 | BodyStrong+1 | 1h+2 | 4h+2 | Vol+2 | BTC+2 | FVG+1 | Engulfing+1 | Zone:FVG+1 | Sess:OFF | Strong1h+1 | QualityRisk:1.15 | TrendPairRisk:1.25,0,0.675,range
SAMSUNGUSDT,1672,1694,1786686300,1786707000,LONG,TRAIL,192.935,195.829025,201.617075,190.040975,1.254896622367263,1.1215632890339298,0.13333333333333336,17,1.81,60.33,0.33198789101917187,0.005873857188202414,1.0491697063643364,base,adaptive disabled,1.25,1.0,84.3,90,99,70,80,OFF,bullish,bullish,FVG,0.506,1,2.026,4.129,0.254,1.208,1.834,BOS bullish | Vol 1.8x | FVG | LiqSweep | ChoCH | BullWick | StrongTrend1h | Zone:FVG | MTF 17 | Risk x1.25,BOS+2 | BodyStrong+1 | 1h+2 | 4h+2 | Vol+1 | RSI+1 | BTC+2 | FVG+1 | LiqSweep+1 | ChoCH+1 | BullWick+1 | Zone:FVG+1 | Sess:OFF | Strong1h+1 | QualityRisk:1.15 | TrendPairRisk:1.25,0,0.6,bull
CLUSDT,1675,1946,1786689000,1786933800,LONG,TRAIL,81.025,82.15277555,84.40832665,79.89722445,1.530742058631225,1.3152071501115308,0.2155349085196943,13,1.42,67.64,0.4838709677419401,0.0034433383044785975,1.8493022253941978,base,adaptive disabled,1.15,1.5,72.0,60,90,70,80,OFF,neutral,bullish,FVG,2.724,4,3.065,0.827,0.2304,2.088,1.329,BOS bullish | Vol 1.4x | FVG | ChoCH | Engulfing | Zone:FVG | MTF 13 | Risk x1.15,BOS+2 | BodyStrong+1 | 1hN+1 | 4h+2 | Vol+1 | RSI+1 | BTCok+1 | FVG+1 | ChoCH+1 | Engulfing+1 | Zone:FVG+1 | Sess:OFF | QualityRisk:1.15,0,0.525,bull
EWYUSDT,1675,1687,1786689000,1786700700,LONG,TRAIL,179.29,181.2656647,185.21699409,177.3143353,1.0569472705029561,0.8754488613852535,0.18149840911770268,17,2.54,52.39,0.22590361445783372,0.002093282384719468,0.7219408901457525,base,adaptive disabled,1.25,1.0,88.9,90,77,100,80,OFF,bullish,bullish,OB,0.575,3,2.148,2.824,0.0249,0.261,3.582,BOS bullish | Vol 2.5x | FVG | OB | StrongTrend1h | Zone:OB | MTF 17 | Risk x1.25,BOS+2 | BodyStrong+1 | 1h+2 | 4h+2 | Vol+2 | RSI+1 | BTCok+1 | FVG+1 | OB+1 | Zone:OB+1 | Sess:OFF | Strong1h+1 | NestedOB_1h+2 | QualityRisk:1.15 | TrendPairRisk:1.25,0,0.525,bull
MSTRUSDT,1677,1704,1786690800,1786716000,SHORT,TRAIL,96.215,94.771775,91.885325,97.658225,3.023570965353243,2.823570965353243,0.20000000000000023,16,1.51,33.4,0.44311377245508865,0.0029849922772534104,1.1193721039711548,base,adaptive disabled,1.15,1.5,68.0,60,100,50,80,OFF,neutral,bearish,FVG,2.964,8,1.124,1.431,-0.3462,1.596,1.928,BOS bearish | Vol 1.5x | FVG | ChoCH | Engulfing | BearWick | Zone:FVG | MTF 16 | Risk x1.15,BOS+2 | 1hN+1 | 4h+2 | Vol+1 | RSI+1 | BTC+2 | FVG+1 | ChoCH+1 | Engulfing+1 | BearWick+1 | Zone:FVG+1 | Sess:OFF | NestedOB_1h+2 | QualityRisk:1.15,0,0.4,bull
DRAMUSDT,1682,1690,1786695300,1786703400,LONG,TRAIL,57.345,58.0908716,59.5826148,56.5991284,1.1537711531806525,1.0000047408383674,0.153766412342285,18,4.37,60.92,0.25110132158590287,0.00504106512476224,1.3001365235432505,base,adaptive disabled,1.15,1.0,82.5,90,90,70,80,OFF,bullish,bullish,FVG,1.037,1,1.984,4.6,0.3454,0.727,4.034,BOS bullish | Vol 4.4x | FVG | ChoCH | BullWick | StrongTrend1h | Zone:FVG | MTF 18 | Risk x1.15,BOS+2 | 1h+2 | 4h+2 | Vol+2 | RSI+1 | BTC+2 | FVG+1 | ChoCH+1 | BullWick+1 | Zone:FVG+1 | Sess:OFF | Strong1h+1 | NestedOB_1h+2 | TrendPairRisk:1.15,0,0.6,bull
NVDAUSDT,1685,1703,1786698000,1786715100,LONG,TRAIL,225.755,227.26,228.46406,224.85198,0.0,-0.7500000000000018,0.7500000000000018,16,2.76,69.7,0.4450867052023061,0.0013279038103395228,1.6622404808103886,base,adaptive disabled,1.25,1.5,90.5,90,100,90,80,OFF,bullish,bullish,FVG,1.837,2,1.452,5.296,0.2151,7.556,3.795,BOS bullish | Vol 2.8x | FVG | ChoCH | StrongTrend1h | Zone:FVG | MTF 16 | Risk x1.25,BOS+2 | BodyStrong+1 | 1h+2 | 4h+2 | Vol+2 | BTCok+1 | FVG+1 | ChoCH+1 | Zone:FVG+1 | Sess:OFF | Strong1h+1 | NestedOB_1h+2 | QualityRisk:1.15 | TrendPairRisk:1.25,0,0.6,range
SKHYNIXUSDT,1689,1694,1786701600,1786707000,LONG,TRAIL,1179.125,1196.811875,1232.185625,1161.438125,1.436558549365388,1.3032252160320554,0.13333333333333258,19,1.73,65.16,0.4417145844223713,0.004802193413550951,0.7246806140334182,base,adaptive disabled,1.15,1.0,82.5,90,90,70,80,OFF,bullish,bullish,FVG,1.455,6,5.722,4.88,0.1221,3.875,1.701,BOS bullish | Vol 1.7x | FVG | LiqSweep | ChoCH | Engulfing | StrongTrend1h | Zone:FVG | MTF 19 | Risk x1.15,BOS+2 | BodyStrong+1 | 1h+2 | 4h+2 | Vol+1 | RSI+1 | BTC+2 | FVG+1 | LiqSweep+1 | ChoCH+1 | Engulfing+1 | Zone:FVG+1 | Sess:OFF | Strong1h+1 | NestedOB_1h+2 | TrendPairRisk:1.15,0,0.625,bear
AMZNUSDT,1694,1708,1786706100,1786719600,SHORT,TRAIL,265.57,264.50772,262.38316,266.63228,1.3970737483530926,0.8970737483530865,0.5000000000000061,15,6.08,38.86,0.21830985915493747,0.0019227435918696993,2.556095331032685,base,adaptive disabled,1.0,1.0,85.7,90,76,90,80,OFF,bearish,bearish,FVG,1.217,5,3.009,0.608,-0.1856,0.0,2.644,BOS bearish | Vol 6.1x | FVG | ChoCH | StrongTrend1h | Zone:FVG | MTF 15,BOS+2 | BodyStrong+1 | 1h+2 | 4h+2 | Vol+2 | RSI+1 | BTCok+1 | FVG+1 | ChoCH+1 | Zone:FVG+1 | Sess:OFF | Strong1h+1,0,0.425,range
EWYUSDT,1695,1715,1786707000,1786725900,LONG,SL,181.845,184.20846201,188.93538603,179.48153799,-1.5454024581507841,-1.7762227538406645,0.2308202956898802,16,1.89,71.46,0.6105476673427965,0.0034442988985702813,1.2184713868242567,base,adaptive disabled,1.25,1.5,87.5,90,100,80,80,OFF,bullish,bullish,OB,4.689,9,-1.0,9.418,0.34,2.237,2.038,BOS bullish | Vol 1.9x | FVG | OB | ChoCH | BullWick | StrongTrend1h | Zone:OB | MTF 16 | Risk x1.25,BOS+2 | BodyStrong+1 | 1h+2 | 4h+2 | Vol+1 | BTC+2 | FVG+1 | OB+1 | ChoCH+1 | BullWick+1 | Zone:OB+1 | Sess:OFF | Strong1h+1 | QualityRisk:1.15 | TrendPairRisk:1.25,0,0.65,bull
DRAMUSDT,1697,1710,1786708800,1786721400,LONG,SL,58.11,58.98165,60.72495,57.23835,-1.319336889806683,-1.4526702231400161,0.13333333333333297,17,3.08,60.48,0.3968253968253952,0.005140585418500748,1.3258037120284,base,adaptive disabled,1.25,1.0,93.5,90,100,100,80,OFF,bullish,bullish,OB,3.757,9,0.165,7.018,0.1369,1.326,1.914,BOS bullish | Vol 3.1x | FVG | OB | BullWick | StrongTrend1h | Zone:OB | MTF 17 | Risk x1.25,BOS+2 | BodyStrong+1 | 1h+2 | 4h+2 | Vol+2 | RSI+1 | BTC+2 | FVG+1 | OB+1 | BullWick+1 | Zone:OB+1 | Sess:OFF | Strong1h+1 | QualityRisk:1.15 | TrendPairRisk:1.25,0,0.575,bull
MUUSDT,1697,1710,1786708800,1786721400,LONG,SL,976.59,991.23885,1020.53655,961.94115,-1.0540076524778406,-1.1873409858111736,0.133333333333333,16,2.65,64.4,0.4875105248386131,0.004921687460535576,1.4505651593303706,base,adaptive disabled,1.25,1.0,87.5,90,100,80,80,OFF,bullish,bullish,OB,1.933,9,0.275,6.057,0.1577,1.453,1.869,BOS bullish | Vol 2.6x | FVG | OB | BullWick | StrongTrend1h | Zone:OB | MTF 16 | Risk x1.25,BOS+2 | 1h+2 | 4h+2 | Vol+2 | RSI+1 | BTC+2 | FVG+1 | OB+1 | BullWick+1 | Zone:OB+1 | Sess:OFF | Strong1h+1 | QualityRisk:1.15 | TrendPairRisk:1.25,0,0.575,bull
CLUSDT,1703,1942,1786714200,1786930200,SHORT,SL,80.765,79.5,77.30221766,81.91926078,-1.0872759620230656,-1.2272183414219393,0.13994237939887363,17,1.54,35.16,0.4207317073170778,0.004191015731326413,1.3490041436010223,base,adaptive disabled,1.15,1.0,78.8,65,100,80,80,OPEN,bearish,neutral,OB,0.871,3,5.996,0.536,-0.3038,0.816,1.207,BOS bearish | Vol 1.5x | FVG | OB | ChoCH | Session:OPEN | StrongTrend1h | Zone:OB | MTF 17 | Risk x1.15,BOS+2 | BodyStrong+1 | 1h+2 | 4hN+1 | Vol+1 | RSI+1 | BTC+2 | FVG+1 | OB+1 | ChoCH+1 | Zone:OB+1 | Sess:OPEN | Strong1h+1 | NestedOB_1h+2 | QualityRisk:1.15,0,0.475,bear
METAUSDT,1704,1713,1786715100,1786724100,LONG,SL,596.83,604.91,606.44498029,593.62500657,-1.6661500613434925,-2.224806432754515,0.5586563714110226,14,3.37,68.81,0.3260672116257878,0.006682998500950531,8.649252885991833,base,adaptive disabled,1.15,1.5,77.5,65,79,90,80,OPEN,bullish,neutral,FVG,1.762,8,0.259,0.327,-0.3863,0.0,1.734,BOS bullish | Vol 3.4x | FVG | ChoCH | Engulfing | Session:OPEN | StrongTrend1h | Zone:FVG | MTF 14 | Risk x1.15,BOS+2 | BodyStrong+1 | 1h+2 | 4hN+1 | Vol+2 | BTCok+1 | FVG+1 | ChoCH+1 | Engulfing+1 | Zone:FVG+1 | Sess:OPEN | Strong1h+1 | QualityRisk:1.15,0,0.475,range
MSFTUSDT,1955,1959,1786941000,1786945500,SHORT,TRAIL,495.07,493.08972,489.12916,497.05028,1.2976464491344408,0.5476464491344384,0.7500000000000024,14,3.27,30.13,0.4444444444444573,0.0006947836557412556,1.7208054193576001,base,adaptive disabled,1.0,1.5,84.5,90,100,70,80,OFF,bearish,bearish,FVG,3.205,7,7.138,1.311,0.0299,1.424,6.237,BOS bearish | Vol 3.3x | FVG | ChoCH | StrongTrend1h | Zone:FVG | MTF 14,BOS+2 | 1h+2 | 4h+2 | Vol+2 | BTC+2 | FVG+1 | ChoCH+1 | Zone:FVG+1 | Sess:OFF | Strong1h+1,0,0.5,bear
MUUSDT,1956,1960,1786941900,1786946400,LONG,TRAIL,989.23,1004.06845,1033.74535,974.39155,1.179988603538048,1.0466552702047145,0.13333333333333364,16,2.33,66.25,0.465982028241338,0.004206132919242733,2.7236799790966817,base,adaptive disabled,1.25,1.0,88.5,90,90,90,80,OFF,bullish,bullish,FVG,0.688,1,-1.0,6.056,0.0892,0.688,1.231,BOS bullish | Vol 2.3x | FVG | ChoCH | Engulfing | StrongTrend1h | Zone:FVG | MTF 16 | Risk x1.25,BOS+2 | BodyStrong+1 | 1h+2 | 4h+2 | Vol+2 | RSI+1 | BTCok+1 | FVG+1 | ChoCH+1 | Engulfing+1 | Zone:FVG+1 | Sess:OFF | Strong1h+1 | QualityRisk:1.15 | TrendPairRisk:1.25,0,0.55,range
INTCUSDT,1961,1985,1786946400,1786968900,LONG,SL,104.775,105.91,106.88,103.77206573,-1.1217086040942514,-1.3306455267502073,0.20893692265595593,13,1.64,70.08,0.4162679425837392,0.0023209502145319673,1.7335840280990253,base,adaptive disabled,1.25,1.0,78.5,90,100,50,80,OFF,bullish,bullish,FVG,0.817,1,5.054,1.838,0.2097,0.776,1.187,BOS bullish | Vol 1.6x | FVG | ChoCH | StrongTrend1h | Zone:FVG | MTF 13 | Risk x1.25,BOS+2 | 1h+2 | 4h+2 | Vol+1 | BTC+2 | FVG+1 | ChoCH+1 | Zone:FVG+1 | Sess:OFF | Strong1h+1 | QualityRisk:1.15 | TrendPairRisk:1.25,0,0.55,range
SOXLUSDT,1966,1970,1786950900,1786955400,LONG,TRAIL,149.865,152.112975,156.608925,147.617025,1.0552794553057439,0.9219461219724103,0.13333333333333355,15,1.78,64.26,0.371681415929205,0.005622272323440372,1.9387686979541565,base,adaptive disabled,1.15,1.0,76.5,90,90,50,80,OFF,bullish,bullish,FVG,1.787,7,6.803,8.857,0.2397,2.111,1.961,BOS bullish | Vol 1.8x | FVG | ChoCH | BullWick | StrongTrend1h | Zone:FVG | MTF 15 | Risk x1.15,BOS+2 | 1h+2 | 4h+2 | Vol+1 | RSI+1 | BTC+2 | FVG+1 | ChoCH+1 | BullWick+1 | Zone:FVG+1 | Sess:OFF | Strong1h+1 | TrendPairRisk:1.15,0,0.525,bull
XAUUSDT,1967,1969,1786951800,1786954500,LONG,TRAIL,4396.3,4413.8852,4449.0556,4378.7148,0.7487623062252807,0.24876230622529327,0.49999999999998745,17,2.07,62.36,0.2040302267002482,0.001588191634050022,1.0897972468896315,base,adaptive disabled,1.25,1.0,87.3,90,84,90,80,OFF,bullish,bullish,FVG,1.415,3,0.828,4.395,0.3288,0.0,2.118,BOS bullish | Vol 2.1x | FVG | ChoCH | Engulfing | StrongTrend1h | Zone:FVG | MTF 17 | Risk x1.25,BOS+2 | BodyStrong+1 | 1h+2 | 4h+2 | Vol+2 | RSI+1 | BTC+2 | FVG+1 | ChoCH+1 | Engulfing+1 | Zone:FVG+1 | Sess:OFF | Strong1h+1 | QualityRisk:1.15 | TrendPairRisk:1.25,0,0.475,range
DRAMUSDT,1973,1993,1786957200,1786976100,LONG,TRAIL,59.97,60.86955,62.66865,59.07045,1.4517690940056163,1.3184357606722825,0.13333333333333366,16,4.99,68.0,0.3939393939393988,0.00249131036246686,0.9082383340183607,base,adaptive disabled,1.25,1.0,93.5,90,100,100,80,OFF,bullish,bullish,OB,0.345,3,-1.0,12.46,-0.0833,0.247,7.239,BOS bullish | Vol 5.0x | FVG | OB | ChoCH | StrongTrend1h | Zone:OB | MTF 16 | Risk x1.25,BOS+2 | BodyStrong+1 | 1h+2 | 4h+2 | Vol+2 | RSI+1 | BTCok+1 | FVG+1 | OB+1 | ChoCH+1 | Zone:OB+1 | Sess:OFF | Strong1h+1 | QualityRisk:1.15 | TrendPairRisk:1.25,0,0.6,bull
INTCUSDT,1973,1983,1786957200,1786967100,LONG,SL,104.71,106.88,107.07,104.1280033,-1.460489380781726,-1.8203195997503274,0.35983021896860135,16,2.95,54.52,0.16719242902208453,0.0027602162073511634,1.3781365206716865,base,adaptive disabled,1.25,1.0,89.5,90,80,100,80,OFF,bullish,bullish,OB,1.268,3,3.24,1.514,-0.0175,0.0,3.804,BOS bullish | Vol 3.0x | FVG | OB | BullWick | StrongTrend1h | Zone:OB | MTF 16 | Risk x1.25,BOS+2 | BodyStrong+1 | 1h+2 | 4h+2 | Vol+2 | RSI+1 | BTCok+1 | FVG+1 | OB+1 | BullWick+1 | Zone:OB+1 | Sess:OFF | Strong1h+1 | QualityRisk:1.15 | TrendPairRisk:1.25,0,0.675,bull
MRVLUSDT,1973,1986,1786957200,1786969800,LONG,SL,227.13,229.39828035,233.93484104,224.86171965,-1.9904946934800147,-2.290894068715973,0.3003993752359582,14,1.86,61.86,0.3100961538461522,0.003178689779470644,1.260577546830635,base,adaptive disabled,1.25,1.5,86.9,90,97,80,80,OFF,bullish,bullish,OB,2.678,9,2.64,7.546,0.0341,0.173,2.583,BOS bullish | Vol 1.9x | FVG | OB | StrongTrend1h | Zone:OB | MTF 14 | Risk x1.25,BOS+2 | BodyStrong+1 | 1h+2 | 4h+2 | Vol+1 | RSI+1 | BTCok+1 | FVG+1 | OB+1 | Zone:OB+1 | Sess:OFF | Strong1h+1 | QualityRisk:1.15 | TrendPairRisk:1.25,0,0.55,bull
MUUSDT,1974,1992,1786958100,1786975200,LONG,TRAIL,1004.53,1018.87408649,1047.56225946,990.18591351,1.379790658284104,1.2397287588107133,0.14006189947339062,18,1.66,54.06,0.20752872158396576,0.0035783592127261784,1.1576281564433817,base,adaptive disabled,1.25,1.0,78.3,90,84,60,80,OFF,bullish,bullish,OB,1.525,4,-1.0,6.832,0.0306,0.0,1.7,BOS bullish | Vol 1.7x | FVG | OB | LiqSweep | BullWick | StrongTrend1h | Zone:OB | 💎PREMIUM | MTF 18 | Risk x1.25,BOS+2 | 1h+2 | 4h+2 | Vol+1 | RSI+1 | BTCok+1 | FVG+1 | OB+1 | LiqSweep+1 | BullWick+1 | Zone:OB+1 | Sess:OFF | Strong1h+1 | 💎Premium+3 | QualityRisk:1.15 | TrendPairRisk:1.25,1,0.575,bull
XAUUSDT,2033,2038,1787011200,1787016600,LONG,TRAIL,4419.4,4437.4314241,4473.4942723,4401.3685759,0.7151261577801254,0.22493747656552437,0.4901886812146011,15,8.85,57.99,0.25523012552299806,0.0017554023950561478,1.285013066594298,base,adaptive disabled,1.25,1.0,82.5,90,90,70,80,OFF,bullish,bullish,FVG,0.741,3,1.14,4.275,-0.0921,1.068,2.678,BOS bullish | Vol 8.8x | FVG | ChoCH | StrongTrend1h | Zone:FVG | MTF 15 | Risk x1.25,BOS+2 | 1h+2 | 4h+2 | Vol+2 | RSI+1 | BTC+2 | FVG+1 | ChoCH+1 | Zone:FVG+1 | Sess:OFF | Strong1h+1 | QualityRisk:1.15 | TrendPairRisk:1.25,0,0.625,range
METAUSDT,2034,2058,1787012100,1787034600,SHORT,TRAIL,570.245,565.82,563.40206,572.52598,1.7667079380391788,1.2667079380391786,0.5000000000000001,17,2.92,32.94,0.2598425196850471,0.0012832482617491012,0.5685283356573455,base,adaptive disabled,1.15,1.0,80.7,90,81,70,80,OFF,bearish,bearish,FVG,1.041,2,29.18,3.914,-0.3157,0.0,3.575,BOS bearish | Vol 2.9x | FVG | ChoCH | Engulfing | Premium | BearWick | StrongTrend1h | Zone:FVG | MTF 17 | Risk x1.15,BOS+2 | 1h+2 | 4h+2 | Vol+2 | RSI+1 | BTCok+1 | FVG+1 | ChoCH+1 | Engulfing+1 | Premium+1 | BearWick+1 | Zone:FVG+1 | Sess:OFF | Strong1h+1 | QualityRisk:1.15,0,0.475,range
INTCUSDT,2039,2039,1787016600,1787017500,SHORT,TP2,103.655,102.56,102.44,104.39341119,1.645424685397866,1.3646732520399807,0.28075143335788527,15,1.61,34.36,0.19617224880383394,0.0030610650803448674,1.0024031555301613,base,adaptive disabled,1.15,1.0,72.3,65,83,70,80,OFF,bearish,neutral,FVG,1.952,1,0.209,0.941,0.1991,0.0,0.795,BOS bearish | Vol 1.6x | FVG | ChoCH | Engulfing | StrongTrend1h | Zone:FVG | MTF 15 | Risk x1.15,BOS+2 | BodyStrong+1 | 1h+2 | 4hN+1 | Vol+1 | RSI+1 | BTC+2 | FVG+1 | ChoCH+1 | Engulfing+1 | Zone:FVG+1 | Sess:OFF | Strong1h+1 | QualityRisk:1.15,0,0.525,bull
NVDAUSDT,2040,2042,1787017500,1787020200,SHORT,TRAIL,225.175,224.2743,222.4729,226.0757,2.6473837769774606,1.897383776977461,0.7499999999999997,14,2.4,28.24,0.3106796116504956,0.001705042851668701,1.2029610144419416,base,adaptive disabled,1.15,1.5,77.7,55,97,90,80,OFF,bearish,neutral,FVG,2.212,1,2.175,0.412,-0.17,0.0,1.232,BOS bearish | Vol 2.4x | FVG | ChoCH | BearWick | Zone:FVG | MTF 14 | Risk x1.15,BOS+2 | BodyStrong+1 | 1h+2 | 4hN+1 | Vol+2 | BTC+2 | FVG+1 | ChoCH+1 | BearWick+1 | Zone:FVG+1 | Sess:OFF | QualityRisk:1.15,0,0.325,range
TSLAUSDT,2040,2042,1787017500,1787020200,SHORT,TRAIL,340.165,338.80434,335.9,341.52566,1.8547106207957813,1.3547106207957795,0.5000000000000017,19,5.48,33.64,0.27859237536656356,0.002100797506895118,1.1896816281550102,base,adaptive disabled,1.15,1.0,80.3,65,93,90,80,OFF,bearish,neutral,FVG,1.39,1,6.051,1.794,0.0105,0.0,2.711,BOS bearish | Vol 5.5x | FVG | ChoCH | Engulfing | BearWick | StrongTrend1h | Zone:FVG | MTF 19 | Risk x1.15,BOS+2 | BodyStrong+1 | 1h+2 | 4hN+1 | Vol+2 | RSI+1 | BTC+2 | FVG+1 | ChoCH+1 | Engulfing+1 | BearWick+1 | Zone:FVG+1 | Sess:OFF | Strong1h+1 | NestedOB_1h+2 | QualityRisk:1.15,0,0.4,range
GOOGLUSDT,2042,2048,1787019300,1787025600,SHORT,TRAIL,344.0,342.624,339.872,345.376,0.9497817801765918,0.19978178017657883,0.750000000000013,15,3.58,30.35,0.33531157270030626,0.0019793648995054137,1.4815546272802984,base,adaptive disabled,1.15,1.5,90.5,90,100,90,80,OFF,bearish,bearish,FVG,2.084,2,12.091,1.763,-0.1214,0.0,2.407,BOS bearish | Vol 3.6x | FVG | ChoCH | StrongTrend1h | Zone:FVG | MTF 15 | Risk x1.15,BOS+2 | BodyStrong+1 | 1h+2 | 4h+2 | Vol+2 | BTC+2 | FVG+1 | ChoCH+1 | Zone:FVG+1 | Sess:OFF | Strong1h+1 | QualityRisk:1.15,0,0.35,bull
AMZNUSDT,2045,2086,1787022000,1787059800,SHORT,TP2,261.39,258.79,258.25332,262.43556,2.999999999999946,2.499999999999957,0.49999999999998895,17,2.14,38.78,0.26027397260275037,0.0014813473108486585,0.9429678894110144,base,adaptive disabled,1.15,1.0,88.7,90,91,90,80,OFF,bearish,bearish,FVG,0.799,3,2.957,6.004,-0.2124,0.0,2.784,BOS bearish | Vol 2.1x | FVG | ChoCH | Premium | StrongTrend1h | Zone:FVG | MTF 17 | Risk x1.15,BOS+2 | BodyStrong+1 | 1h+2 | 4h+2 | Vol+2 | RSI+1 | BTC+2 | FVG+1 | ChoCH+1 | Premium+1 | Zone:FVG+1 | Sess:OFF | Strong1h+1 | QualityRisk:1.15,0,0.4,range
CRCLUSDT,2058,2069,1787033700,1787044500,LONG,SL,73.4,75.11,75.27,72.77088275,-1.1762513267598378,-1.4095941575278677,0.23334283076802984,17,1.73,50.32,0.2727272727272736,0.003841615946414691,1.3720056951498814,base,adaptive disabled,1.25,1.0,82.9,90,92,70,80,OFF,bullish,bullish,FVG,0.891,1,5.267,9.797,-0.0436,0.0,1.394,BOS bullish | Vol 1.7x | FVG | ChoCH | Engulfing | BullWick | StrongTrend1h | Zone:FVG | MTF 17 | Risk x1.25,BOS+2 | BodyStrong+1 | 1h+2 | 4h+2 | Vol+1 | RSI+1 | BTC+2 | FVG+1 | ChoCH+1 | Engulfing+1 | BullWick+1 | Zone:FVG+1 | Sess:OFF | Strong1h+1 | QualityRisk:1.15 | TrendPairRisk:1.25,0,0.45,bear
CLUSDT,2059,2137,1787034600,1787105700,LONG,TRAIL,84.47,85.07903799,86.29711398,83.86096201,0.9950750038025895,0.7176867246248017,0.27738827917778786,15,1.83,69.22,0.3575757575757467,0.0032279511462007353,1.5122951119967805,base,adaptive disabled,1.25,1.0,78.5,90,100,50,80,OFF,bullish,bullish,FVG,0.909,2,-1.0,4.746,0.1075,0.967,1.91,BOS bullish | Vol 1.8x | FVG | ChoCH | StrongTrend1h | Zone:FVG | MTF 15 | Risk x1.25,BOS+2 | 1h+2 | 4h+2 | Vol+1 | BTC+2 | FVG+1 | ChoCH+1 | Zone:FVG+1 | Sess:OFF | Strong1h+1 | NestedOB_1h+2 | QualityRisk:1.15 | TrendPairRisk:1.25,0,0.375,bull
INTCUSDT,2067,2070,1787041800,1787045400,SHORT,TRAIL,100.905,99.52789644,96.77368933,102.28210356,2.0083572057151646,1.8618104928448553,0.14654671287030932,14,1.36,32.45,0.19238900634249556,0.009074849786439017,3.2763448746858,base,adaptive disabled,1.15,1.0,77.1,90,63,70,80,OFF,bearish,bearish,FVG,0.926,2,5.687,0.129,-0.0983,10.0,1.4,BOS bearish | Vol 1.4x | FVG | ChoCH | StrongTrend1h | Zone:FVG | MTF 14 | Risk x1.15,BOS+2 | BodyStrong+1 | 1h+2 | 4h+2 | Vol+1 | RSI+1 | BTCok+1 | FVG+1 | ChoCH+1 | Zone:FVG+1 | Sess:OFF | Strong1h+1 | QualityRisk:1.15,0,0.45,range
TSLAUSDT,2072,2075,1787046300,1787049900,SHORT,TRAIL,336.19,334.03894747,329.73684242,338.34105253,1.4189039113964355,0.9500311219439189,0.4688727894525164,14,2.98,28.65,0.46216216216216216,0.0027718867983265658,1.7158483261064004,base,adaptive disabled,1.15,1.5,84.5,90,100,70,80,OFF,bearish,bearish,FVG,1.732,7,1.981,5.747,-0.0444,10.0,2.316,BOS bearish | Vol 3.0x | FVG | ChoCH | StrongTrend1h | Zone:FVG | MTF 14 | Risk x1.15,BOS+2 | 1h+2 | 4h+2 | Vol+2 | BTC+2 | FVG+1 | ChoCH+1 | Zone:FVG+1 | Sess:OFF | Strong1h+1 | QualityRisk:1.15,0,0.425,range
BZUSDT,2088,2095,1787060700,1787067900,LONG,TRAIL,89.455,90.04633166,91.22899498,88.86366834,2.3822842502804313,1.928452639099656,0.4538316111807755,19,2.63,56.33,0.15294117647058864,0.006176526652819124,2.76492215613753,base,adaptive disabled,1.25,1.5,78.1,90,68,70,80,OPEN,bullish,bullish,FVG,0.683,7,0.034,2.358,-0.0989,0.0,1.401,BOS bullish | Vol 2.6x | FVG | LiqSweep | ChoCH | Engulfing | BullWick | Session:OPEN | StrongTrend1h | Zone:FVG | MTF 19 | Risk x1.25,BOS+2 | 1h+2 | 4h+2 | Vol+2 | RSI+1 | BTCok+1 | FVG+1 | LiqSweep+1 | ChoCH+1 | Engulfing+1 | BullWick+1 | Zone:FVG+1 | Sess:OPEN | Strong1h+1 | NestedOB_1h+2 | QualityRisk:1.15 | TrendPairRisk:1.25,0,0.5,bear
CLUSDT,2088,2166,1787060700,1787131800,LONG,TRAIL,84.47,85.17275246,86.57825739,83.76724754,1.2435244999815145,1.003126906780631,0.24039759320088355,17,1.8,58.04,0.1864406779660974,0.00725422252440611,2.909634110625852,base,adaptive disabled,1.25,1.0,78.9,90,72,70,80,OPEN,bullish,bullish,FVG,0.655,4,0.917,2.52,-0.2283,0.0,1.058,BOS bullish | Vol 1.8x | FVG | ChoCH | BullWick | Session:OPEN | StrongTrend1h | Zone:FVG | MTF 17 | Risk x1.25,BOS+2 | BodyStrong+1 | 1h+2 | 4h+2 | Vol+1 | RSI+1 | BTCok+1 | FVG+1 | ChoCH+1 | BullWick+1 | Zone:FVG+1 | Sess:OPEN | Strong1h+1 | NestedOB_1h+2 | QualityRisk:1.15 | TrendPairRisk:1.25,0,0.375,bear
MRVLUSDT,2090,2092,1787062500,1787065200,SHORT,TRAIL,220.2,216.897,210.291,223.503,2.213612090072919,2.0802787567395855,0.13333333333333344,20,1.36,37.34,0.15726609157266128,0.014049537046036377,2.5453077948413902,base,adaptive disabled,1.15,1.0,72.3,65,68,80,80,OPEN,bearish,neutral,OB,0.432,1,1.889,0.687,-0.2129,0.0,1.011,BOS bearish | Vol 1.4x | FVG | OB | LiqSweep | ChoCH | BearWick | Session:OPEN | StrongTrend1h | Zone:OB | 💎PREMIUM | MTF 20 | Risk x1.15,BOS+2 | BodyStrong+1 | 1h+2 | 4hN+1 | Vol+1 | RSI+1 | BTC+2 | FVG+1 | OB+1 | LiqSweep+1 | ChoCH+1 | BearWick+1 | Zone:OB+1 | Sess:OPEN | Strong1h+1 | 💎Premium+3 | QualityRisk:1.15,1,0.5,bear
XAGUSDT,2096,2126,1787067900,1787095800,SHORT,TRAIL,64.14,63.1779,61.2537,65.1021,1.2200538027215373,1.0867204693882029,0.1333333333333344,14,1.74,34.31,0.34969325153374503,0.004693479069650431,1.9076058993740213,base,adaptive disabled,1.15,1.0,73.8,65,90,70,80,MIDDAY,bearish,neutral,FVG,3.007,8,3.007,1.584,-0.1398,3.75,1.736,BOS bearish | Vol 1.7x | FVG | MACD_Div | ChoCH | StrongTrend1h | Zone:FVG | MTF 14 | Risk x1.15,BOS+2 | BodyStrong+1 | 1h+2 | 4hN+1 | Vol+1 | RSI+1 | BTCok+1 | FVG+1 | MACD_Div+1 | ChoCH+1 | Zone:FVG+1 | Sess:MIDDAY | Strong1h+1 | QualityRisk:1.15,0,0.5,bull
AMZNUSDT,2112,2186,1787082300,1787149800,SHORT,SL,260.825,258.21,254.52698122,262.92433959,-1.1551251696253735,-1.4036080746707644,0.248482905045391,17,3.45,38.09,0.3914421553090339,0.002153139669342687,1.1678988423131715,base,adaptive disabled,1.15,1.0,90.5,90,100,90,80,CLOSE,bearish,bearish,FVG,1.223,2,3.397,0.102,-0.1867,1.47,2.506,BOS bearish | Vol 3.5x | FVG | ChoCH | Engulfing | Session:CLOSE | StrongTrend1h | Zone:FVG | MTF 17 | Risk x1.15,BOS+2 | BodyStrong+1 | 1h+2 | 4h+2 | Vol+2 | RSI+1 | BTC+2 | FVG+1 | ChoCH+1 | Engulfing+1 | Zone:FVG+1 | Sess:CLOSE | Strong1h+1 | QualityRisk:1.15,0,0.35,range
XAGUSDT,2112,2128,1787082300,1787097600,SHORT,TRAIL,63.86,62.9021,60.9863,64.8179,0.9773003097291123,0.8439669763957782,0.13333333333333403,14,2.53,28.7,0.3407821229050264,0.003086138885682674,1.2543225733516075,base,adaptive disabled,1.15,1.0,84.5,90,100,70,80,CLOSE,bearish,bearish,FVG,0.884,1,7.18,0.208,-0.1439,2.389,1.352,BOS bearish | Vol 2.5x | FVG | ChoCH | Session:CLOSE | StrongTrend1h | Zone:FVG | MTF 14 | Risk x1.15,BOS+2 | 1h+2 | 4h+2 | Vol+2 | BTC+2 | FVG+1 | ChoCH+1 | Zone:FVG+1 | Sess:CLOSE | Strong1h+1 | QualityRisk:1.15,0,0.575,bull
XAUUSDT,2112,2128,1787082300,1787097600,SHORT,TRAIL,4365.05,4333.67007037,4270.91021112,4396.42992963,0.9212513589341622,0.6430448714456127,0.27820648748854954,13,2.93,29.01,0.29607250755287234,0.0018829927821888044,1.4530427635891068,base,adaptive disabled,1.15,1.0,74.8,65,95,70,80,CLOSE,bearish,neutral,FVG,1.006,1,5.043,4.745,-0.1757,0.0,1.589,BOS bearish | Vol 2.9x | FVG | ChoCH | Session:CLOSE | StrongTrend1h | Zone:FVG | MTF 13 | Risk x1.15,BOS+2 | 1h+2 | 4hN+1 | Vol+2 | BTC+2 | FVG+1 | ChoCH+1 | Zone:FVG+1 | Sess:CLOSE | Strong1h+1 | QualityRisk:1.15,0,0.45,bull
SAMSUNGUSDT,2130,2132,1787098500,1787101200,SHORT,TRAIL,178.865,176.26313521,171.05940563,181.46686479,0.6384364840332543,0.5009466339169448,0.13748985011630943,15,2.77,34.98,0.2738184546136524,0.01030020305568786,1.8907178853966717,base,adaptive disabled,1.15,1.0,83.9,90,82,80,80,OFF,bearish,bearish,OB,0.712,1,13.01,-1.0,-0.239,1.626,2.238,BOS bearish | Vol 2.8x | FVG | OB | ChoCH | StrongTrend1h | Zone:OB | MTF 15 | Risk x1.15,BOS+2 | 1h+2 | 4h+2 | Vol+2 | RSI+1 | BTCok+1 | FVG+1 | OB+1 | ChoCH+1 | Zone:OB+1 | Sess:OFF | Strong1h+1 | QualityRisk:1.15,0,0.325,range
SKHYNIXUSDT,2130,2154,1787098500,1787121000,SHORT,TRAIL,1087.67,1071.35495,1038.72485,1103.98505,1.4893466803323743,1.3560133469990403,0.13333333333333394,13,3.77,28.18,0.40256014124917305,0.014401668439780182,2.3418119113194376,base,adaptive disabled,1.0,1.0,82.5,90,90,70,80,OFF,bearish,bearish,FVG,3.636,7,10.345,-1.0,-0.3489,3.292,2.586,BOS bearish | Vol 3.8x | FVG | ChoCH | StrongTrend1h | Zone:FVG | MTF 13,BOS+2 | 1h+2 | 4h+2 | Vol+2 | BTCok+1 | FVG+1 | ChoCH+1 | Zone:FVG+1 | Sess:OFF | Strong1h+1,0,0.475,range
BZUSDT,2131,2137,1787099400,1787105700,LONG,TRAIL,89.855,90.41207016,91.52621049,89.29792984,0.9903908576108453,0.667792354039954,0.32259850357089137,16,3.31,63.48,0.43448275862067287,0.0031105813647056848,1.4649201079693637,base,adaptive disabled,1.25,1.0,84.5,90,100,70,80,OFF,bullish,bullish,FVG,1.036,1,2.315,6.153,0.1679,0.5,1.753,BOS bullish | Vol 3.3x | FVG | ChoCH | Engulfing | StrongTrend1h | Zone:FVG | MTF 16 | Risk x1.25,BOS+2 | 1h+2 | 4h+2 | Vol+2 | RSI+1 | BTC+2 | FVG+1 | ChoCH+1 | Engulfing+1 | Zone:FVG+1 | Sess:OFF | Strong1h+1 | QualityRisk:1.15 | TrendPairRisk:1.25,0,0.55,bull
CLUSDT,2131,2166,1787099400,1787131800,LONG,TRAIL,84.565,85.18083512,86.41250536,83.94916488,1.9041620958056065,1.4922092990894984,0.4119527967161081,16,3.55,64.38,0.4758620689655194,0.003147007417831049,1.3962775017025018,base,adaptive disabled,1.25,1.5,84.5,90,100,70,80,OFF,bullish,bullish,FVG,1.299,1,0.804,5.691,0.1291,0.533,1.792,BOS bullish | Vol 3.5x | FVG | ChoCH | BullWick | StrongTrend1h | Zone:FVG | MTF 16 | Risk x1.25,BOS+2 | 1h+2 | 4h+2 | Vol+2 | RSI+1 | BTC+2 | FVG+1 | ChoCH+1 | BullWick+1 | Zone:FVG+1 | Sess:OFF | Strong1h+1 | QualityRisk:1.15 | TrendPairRisk:1.25,0,0.45,range
AAPLUSDT,2148,2160,1787114700,1787126400,LONG,SL,310.685,311.92774,314.41322,309.44226,-1.428295540499171,-1.9282955404991604,0.49999999999998945,14,1.43,64.33,0.21296296296297174,0.0007712412935169483,0.8245101318245507,base,adaptive disabled,1.25,1.0,75.5,90,85,50,80,OFF,bullish,bullish,FVG,0.733,6,2.677,18.006,0.1415,0.0,1.15,BOS bullish | Vol 1.4x | FVG | ChoCH | BullWick | StrongTrend1h | Zone:FVG | MTF 14 | Risk x1.25,BOS+2 | 1h+2 | 4h+2 | Vol+1 | RSI+1 | BTCok+1 | FVG+1 | ChoCH+1 | BullWick+1 | Zone:FVG+1 | Sess:OFF | Strong1h+1 | QualityRisk:1.15 | TrendPairRisk:1.25,0,0.425,range
MUUSDT,2154,2155,1787120100,1787121900,SHORT,SL,925.66,911.7751,884.0053,939.5449,-1.1588128110393314,-1.2921461443726647,0.1333333333333332,16,1.41,39.12,0.48440847417281535,0.005206508716788302,1.1023501430484495,base,adaptive disabled,1.15,1.0,87.5,90,100,80,80,OFF,bearish,bearish,OB,1.023,7,3.027,0.125,-0.2765,0.699,1.21,BOS bearish | Vol 1.4x | FVG | OB | ChoCH | BearWick | StrongTrend1h | Zone:OB | MTF 16 | Risk x1.15,BOS+2 | BodyStrong+1 | 1h+2 | 4h+2 | Vol+1 | RSI+1 | BTCok+1 | FVG+1 | OB+1 | ChoCH+1 | BearWick+1 | Zone:OB+1 | Sess:OFF | Strong1h+1 | QualityRisk:1.15,0,0.55,bull
CBRSUSDT,2155,2182,1787121000,1787146200,SHORT,TP2,218.825,215.542625,208.977875,222.107375,2.9999999999999916,2.8666666666666583,0.13333333333333325,16,3.78,38.67,0.28195488721804546,0.005326554487024998,1.1133011046588128,base,adaptive disabled,1.25,1.0,86.1,90,93,80,80,OFF,bearish,bearish,OB,1.673,8,4.555,1.011,-0.0379,1.4,4.058,BOS bearish | Vol 3.8x | FVG | OB | MACD_Div | ChoCH | StrongTrend1h | Zone:OB | MTF 16 | Risk x1.25,BOS+2 | 1h+2 | 4h+2 | Vol+2 | RSI+1 | BTCok+1 | FVG+1 | OB+1 | MACD_Div+1 | ChoCH+1 | Zone:OB+1 | Sess:OFF | Strong1h+1 | QualityRisk:1.15 | RelStrengthRisk:1.25,0,0.475,bull
MSFTUSDT,2159,2162,1787124600,1787128200,SHORT,TRAIL,480.88,477.87,474.1151326,483.1349558,0.8245845741064444,0.3980751054951314,0.42650946861131295,13,2.94,34.59,0.29879101899826516,0.001629266030274797,2.1246509719128186,base,adaptive disabled,1.0,1.0,77.0,60,85,90,80,OFF,neutral,bearish,FVG,1.68,1,1.642,1.642,-0.213,2.204,5.367,BOS bearish | Vol 2.9x | FVG | ChoCH | Zone:FVG | MTF 13,BOS+2 | BodyStrong+1 | 1hN+1 | 4h+2 | Vol+2 | RSI+1 | BTCok+1 | FVG+1 | ChoCH+1 | Zone:FVG+1 | Sess:OFF,0,0.425,range
GOOGLUSDT,2161,2187,1787126400,1787150700,SHORT,SL,343.665,340.42,339.54102,345.03966,-1.902288565899889,-2.402288565899887,0.499999999999998,13,12.22,31.67,0.23595505617978446,0.0016333637492026102,2.008162395225366,base,adaptive disabled,1.15,1.0,75.6,60,78,90,80,OFF,neutral,bearish,FVG,1.902,3,3.029,0.564,-0.274,0.0,3.943,BOS bearish | Vol 12.2x | FVG | ChoCH | Engulfing | Zone:FVG | MTF 13 | Risk x1.15,BOS+2 | BodyStrong+1 | 1hN+1 | 4h+2 | Vol+2 | BTCok+1 | FVG+1 | ChoCH+1 | Engulfing+1 | Zone:FVG+1 | Sess:OFF | QualityRisk:1.15,0,0.575,range
AAPLUSDT,2183,2183,1787146200,1787147100,LONG,TP2,310.57,312.49668987,316.35006961,308.64331013,4.499999999999956,4.016419318693945,0.48358068130601173,14,7.76,68.75,0.5009380863039178,0.004632976918771344,3.6852361531840003,base,adaptive disabled,1.15,1.5,86.5,90,80,90,80,OPEN,bullish,bullish,FVG,2.215,8,-1.0,5.467,0.0936,2.034,2.197,BOS bullish | Vol 7.8x | FVG | LiqSweep | Session:OPEN | StrongTrend1h | Zone:FVG | MTF 14 | Risk x1.15,BOS+2 | BodyStrong+1 | 1h+2 | 4h+2 | Vol+2 | BTCok+1 | FVG+1 | LiqSweep+1 | Zone:FVG+1 | Sess:OPEN | Strong1h+1 | TrendPairRisk:1.15,0,0.625,range
SPCXUSDT,2186,2263,1787148900,1787219100,SHORT,TRAIL,139.535,137.441975,133.255925,141.628025,0.7976075842448325,0.6642742509114998,0.1333333333333326,15,1.5,35.88,0.25500667556742346,0.01788285919008992,5.258305721022882,base,adaptive disabled,1.0,1.0,69.8,65,70,70,80,OPEN,bearish,neutral,FVG,2.376,3,1.133,2.423,-0.1773,7.304,1.04,BOS bearish | Vol 1.5x | FVG | LiqSweep | ChoCH | Engulfing | Session:OPEN | StrongTrend1h | Zone:FVG | MTF 15,BOS+2 | BodyStrong+1 | 1h+2 | 4hN+1 | Vol+1 | RSI+1 | BTCok+1 | FVG+1 | LiqSweep+1 | ChoCH+1 | Engulfing+1 | Zone:FVG+1 | Sess:OPEN | Strong1h+1,0,0.45,range
AMZNUSDT,2207,2284,1787167800,1787238000,LONG,SL,264.48,267.74077579,274.26232736,261.21922421,-1.0549636716972715,-1.2171827367498846,0.16221906505261313,14,5.27,67.9,0.3452054794520437,0.003928039219420821,2.1828197517631134,base,adaptive disabled,1.25,1.0,76.8,65,90,80,80,CLOSE,bullish,neutral,OB,0.717,1,1.587,2.303,-0.0628,0.909,2.407,BOS bullish | Vol 5.3x | FVG | OB | ChoCH | Session:CLOSE | StrongTrend1h | Zone:OB | MTF 14 | Risk x1.25,BOS+2 | 1h+2 | 4hN+1 | Vol+2 | RSI+1 | BTCok+1 | FVG+1 | OB+1 | ChoCH+1 | Zone:OB+1 | Sess:CLOSE | Strong1h+1 | QualityRisk:1.15 | RelStrengthRisk:1.25,0,0.475,range
SKHYNIXUSDT,2225,2227,1787184000,1787186700,LONG,TP2,1159.95,1181.72,1188.82,1142.55075,1.6592669224248169,1.5259335890914831,0.1333333333333338,15,10.25,55.63,0.2854480286738349,0.012548012673026096,1.8347285863411371,base,adaptive disabled,1.15,1.0,69.0,55,84,70,80,OFF,bullish,neutral,FVG,1.002,9,0.53,4.853,0.3282,0.463,3.111,BOS bullish | Vol 10.2x | FVG | LiqSweep | ChoCH | BullWick | Zone:FVG | MTF 15 | Risk x1.15,BOS+2 | 1h+2 | 4hN+1 | Vol+2 | RSI+1 | BTC+2 | FVG+1 | LiqSweep+1 | ChoCH+1 | BullWick+1 | Zone:FVG+1 | Sess:OFF | QualityRisk:1.15,0,0.625,range
CLUSDT,2231,2253,1787189400,1787210100,LONG,TP2,84.445,85.14,85.23,84.065849,2.0704152171562913,1.6249726362320605,0.44544258092423084,15,1.33,54.33,0.1826923076923075,0.0035794902029203848,1.0808782023474117,base,adaptive disabled,1.15,1.0,64.2,60,81,50,80,OFF,neutral,bullish,FVG,0.044,2,0.788,3.329,0.1766,0.727,1.122,BOS bullish | Vol 1.3x | FVG | ChoCH | Discount | BullWick | Zone:FVG | MTF 15 | Risk x1.15,BOS+2 | 1hN+1 | 4h+2 | Vol+1 | RSI+1 | BTCok+1 | FVG+1 | ChoCH+1 | Discount+1 | BullWick+1 | Zone:FVG+1 | Sess:OFF | NestedOB_1h+2 | QualityRisk:1.15,0,0.425,range
CRCLUSDT,2247,2253,1787203800,1787210100,LONG,TRAIL,81.39,82.61085,85.05255,80.16915,1.130407412166409,0.9970740788330754,0.1333333333333335,13,1.47,65.0,0.16206896551724226,0.006576631425319595,0.9460954064721466,base,adaptive disabled,1.25,1.0,74.3,90,79,50,80,OFF,bullish,bullish,FVG,0.664,1,-1.0,8.731,0.0748,0.0,1.434,BOS bullish | Vol 1.5x | FVG | ChoCH | StrongTrend1h | Zone:FVG | MTF 13 | Risk x1.25,BOS+2 | 1h+2 | 4h+2 | Vol+1 | RSI+1 | BTCok+1 | FVG+1 | ChoCH+1 | Zone:FVG+1 | Sess:OFF | Strong1h+1 | QualityRisk:1.15 | TrendPairRisk:1.25,0,0.5,bull
TSLAUSDT,2250,2257,1787206500,1787213700,LONG,SL,351.465,352.87086,355.68258,350.05914,-1.6609050687835514,-2.160905068783565,0.5000000000000137,16,2.86,67.43,0.20366132723111796,0.0012126747992442356,0.8035686594239976,base,adaptive disabled,1.25,1.0,81.3,90,84,70,80,OFF,bullish,bullish,FVG,1.174,1,0.126,29.13,0.2479,0.0,3.333,BOS bullish | Vol 2.9x | FVG | ChoCH | BullWick | StrongTrend1h | Zone:FVG | MTF 16 | Risk x1.25,BOS+2 | 1h+2 | 4h+2 | Vol+2 | RSI+1 | BTC+2 | FVG+1 | ChoCH+1 | BullWick+1 | Zone:FVG+1 | Sess:OFF | Strong1h+1 | QualityRisk:1.15 | TrendPairRisk:1.25,0,0.6,bull
BZUSDT,2253,2255,1787209200,1787211900,LONG,TRAIL,90.17,90.7280742,91.84422259,89.6119258,1.5884572913950612,1.2653102976798927,0.3231469937151685,17,2.48,68.65,0.2643678160919469,0.002289473219631575,1.369104985341286,base,adaptive disabled,1.25,1.0,88.7,90,91,90,80,OFF,bullish,bullish,FVG,2.498,2,0.057,6.472,0.0866,0.0,1.683,BOS bullish | Vol 2.5x | FVG | ChoCH | Engulfing | StrongTrend1h | Zone:FVG | MTF 17 | Risk x1.25,BOS+2 | BodyStrong+1 | 1h+2 | 4h+2 | Vol+2 | BTCok+1 | FVG+1 | ChoCH+1 | Engulfing+1 | Zone:FVG+1 | Sess:OFF | Strong1h+1 | NestedOB_1h+2 | QualityRisk:1.15 | TrendPairRisk:1.25,0,0.575,range
CLUSDT,2257,2261,1787212800,1787217300,LONG,TRAIL,85.335,86.4425486,88.6576458,84.2274514,1.6529722344273532,1.4218266214944282,0.231145612932925,14,2.18,70.49,0.4844444444444427,0.0034649536167690527,1.6321856509232409,base,adaptive disabled,1.25,1.5,84.5,90,100,70,80,OFF,bullish,bullish,FVG,3.732,6,1.422,7.019,0.412,10.0,1.484,BOS bullish | Vol 2.2x | FVG | ChoCH | BullWick | StrongTrend1h | Zone:FVG | MTF 14 | Risk x1.25,BOS+2 | 1h+2 | 4h+2 | Vol+2 | BTCok+1 | FVG+1 | ChoCH+1 | BullWick+1 | Zone:FVG+1 | Sess:OFF | Strong1h+1 | QualityRisk:1.15 | TrendPairRisk:1.25,0,0.5,range
MSFTUSDT,2257,2287,1787212800,1787240700,SHORT,TRAIL,484.4,479.94,478.5872,486.3376,2.2231033828960665,1.7231033828960747,0.4999999999999918,16,2.59,33.69,0.28176795580110964,0.001959774083892229,2.1145962365202045,base,adaptive disabled,1.0,1.0,76.6,60,83,90,80,OFF,neutral,bearish,FVG,2.253,4,0.288,2.301,0.0177,0.0,0.815,BOS bearish | Vol 2.6x | FVG | ChoCH | Zone:FVG | MTF 16,BOS+2 | BodyStrong+1 | 1hN+1 | 4h+2 | Vol+2 | RSI+1 | BTC+2 | FVG+1 | ChoCH+1 | Zone:FVG+1 | Sess:OFF | NestedOB_1h+2,0,0.55,range
GOOGLUSDT,2258,2272,1787213700,1787227200,SHORT,TP2,345.15,342.84,342.49,346.5306,2.890047805301976,2.1400478053019842,0.7499999999999916,16,2.18,33.3,0.3265993265993074,0.0018267011267869484,1.7542927237897505,base,adaptive disabled,1.15,1.5,73.8,60,99,70,80,OFF,neutral,bearish,FVG,1.63,2,0.178,6.011,0.1513,4.105,2.199,BOS bearish | Vol 2.2x | FVG | ChoCH | BearWick | Zone:FVG | MTF 16 | Risk x1.15,BOS+2 | 1hN+1 | 4h+2 | Vol+2 | RSI+1 | BTC+2 | FVG+1 | ChoCH+1 | BearWick+1 | Zone:FVG+1 | Sess:OFF | NestedOB_1h+2 | QualityRisk:1.15,0,0.475,bear
NVDAUSDT,2258,2274,1787213700,1787229000,SHORT,TRAIL,219.105,217.3,216.47574,219.98142,2.7488314164605465,2.2488314164605603,0.49999999999998607,15,2.81,34.55,0.2222222222222299,0.00201060166789862,1.9165404768274528,base,adaptive disabled,1.15,1.0,75.2,60,76,90,80,OFF,neutral,bearish,FVG,1.636,1,5.486,4.43,-0.3144,3.0,2.014,BOS bearish | Vol 2.8x | FVG | LiqSweep | ChoCH | Zone:FVG | MTF 15 | Risk x1.15,BOS+2 | BodyStrong+1 | 1hN+1 | 4h+2 | Vol+2 | RSI+1 | BTC+2 | FVG+1 | LiqSweep+1 | ChoCH+1 | Zone:FVG+1 | Sess:OFF | QualityRisk:1.15,0,0.35,bull
SPCXUSDT,2258,2273,1787213700,1787228100,SHORT,TP2,139.27,136.9,136.36890864,140.23703045,3.000000010341003,2.7119635788098084,0.2880364315311946,17,6.68,29.16,0.30205278592375934,0.005142605567915753,2.3123477100396315,base,adaptive disabled,1.0,1.0,87.7,90,86,90,80,OFF,bearish,bearish,FVG,2.563,1,13.069,3.502,-0.3696,0.0,3.059,BOS bearish | Vol 6.7x | FVG | MACD_Div | ChoCH | BearWick | StrongTrend1h | Zone:FVG | MTF 17,BOS+2 | BodyStrong+1 | 1h+2 | 4h+2 | Vol+2 | BTC+2 | FVG+1 | MACD_Div+1 | ChoCH+1 | BearWick+1 | Zone:FVG+1 | Sess:OFF | Strong1h+1,0,0.4,bull
CRCLUSDT,2260,2262,1787215500,1787218200,LONG,TRAIL,82.155,83.387325,85.851975,80.922675,1.4527436929993303,1.3194103596659972,0.13333333333333303,15,1.5,60.95,0.28391608391608497,0.013712924071381652,2.40661817453042,base,adaptive disabled,1.15,1.0,81.3,90,84,70,80,OFF,bullish,bullish,FVG,0.244,3,-1.0,7.5,0.0884,0.971,1.419,BOS bullish | Vol 1.5x | FVG | ChoCH | BullWick | StrongTrend1h | Zone:FVG | MTF 15 | Risk x1.15,BOS+2 | BodyStrong+1 | 1h+2 | 4h+2 | Vol+1 | RSI+1 | BTCok+1 | FVG+1 | ChoCH+1 | BullWick+1 | Zone:FVG+1 | Sess:OFF | Strong1h+1 | TrendPairRisk:1.15,0,0.525,bull
AAPLUSDT,2272,2278,1787226300,1787232600,LONG,TP2,316.825,319.59,320.6269,315.5577,4.5000000000000675,3.750000000000054,0.7500000000000133,15,3.14,65.05,0.3185185185185182,0.0012504032115074556,1.3190503478195819,base,adaptive disabled,1.15,1.5,84.1,90,98,70,80,OFF,bullish,bullish,FVG,1.451,3,2.275,7.282,0.186,8.556,2.206,BOS bullish | Vol 3.1x | FVG | ChoCH | BullWick | StrongTrend1h | Zone:FVG | MTF 15 | Risk x1.15,BOS+2 | 1h+2 | 4h+2 | Vol+2 | RSI+1 | BTCok+1 | FVG+1 | ChoCH+1 | BullWick+1 | Zone:FVG+1 | Sess:OFF | Strong1h+1 | TrendPairRisk:1.15,0,0.525,range
GOOGLUSDT,2272,2284,1787226300,1787238000,SHORT,TP2,344.055,341.43,340.42,346.25372915,1.6532277292998814,1.3402696735066093,0.3129580557932721,14,1.59,30.24,0.5218295218295012,0.0016872959043925256,1.6204133695162963,base,adaptive disabled,1.15,1.0,74.0,60,100,70,80,OFF,neutral,bearish,FVG,1.006,1,1.363,2.056,-0.1325,0.53,1.206,BOS bearish | Vol 1.6x | FVG | ChoCH | Zone:FVG | MTF 14 | Risk x1.15,BOS+2 | BodyStrong+1 | 1hN+1 | 4h+2 | Vol+1 | BTC+2 | FVG+1 | ChoCH+1 | Zone:FVG+1 | Sess:OFF | NestedOB_1h+2 | QualityRisk:1.15,0,0.425,bear
CLUSDT,2275,2610,1787229000,1787531400,LONG,SL,86.955,88.259325,90.867975,85.650675,-1.6387786786268834,-1.8387786786268845,0.20000000000000134,14,1.48,67.06,0.3854748603351929,0.00423948115694348,1.7992358030089068,base,adaptive disabled,1.25,1.5,84.5,90,100,70,80,OFF,bullish,bullish,FVG,8.808,9,-1.0,11.501,0.3874,0.484,0.713,BOS bullish | Vol 1.5x | FVG | ChoCH | StrongTrend1h | Zone:FVG | MTF 14 | Risk x1.25,BOS+2 | BodyStrong+1 | 1h+2 | 4h+2 | Vol+1 | RSI+1 | BTCok+1 | FVG+1 | ChoCH+1 | Zone:FVG+1 | Sess:OFF | Strong1h+1 | QualityRisk:1.15 | TrendPairRisk:1.25,0,0.45,range
SNDKUSDT,2275,2278,1787229000,1787232600,SHORT,SL,1555.71,1532.37435,1485.70305,1579.04565,-2.263061024655408,-2.3963943579887412,0.13333333333333341,15,2.16,29.4,0.4683057482315804,0.013888312193343097,2.0251216705627955,base,adaptive disabled,1.0,1.0,82.5,90,90,70,80,OFF,bearish,bearish,FVG,1.828,3,2.336,0.068,-0.1154,4.464,1.321,BOS bearish | Vol 2.2x | FVG | ChoCH | Engulfing | StrongTrend1h | Zone:FVG | MTF 15,BOS+2 | 1h+2 | 4h+2 | Vol+2 | BTC+2 | FVG+1 | ChoCH+1 | Engulfing+1 | Zone:FVG+1 | Sess:OFF | Strong1h+1,0,0.35,bear
SPYUSDT,2276,2305,1787229900,1787256900,SHORT,TRAIL,767.14,763.36065275,755.80195826,770.91934725,1.5578984347505715,0.948952008882983,0.6089464258675886,15,3.37,35.47,0.315736040609145,0.001265505490292088,2.075725186215199,base,adaptive disabled,1.0,1.5,77.4,60,87,90,80,OFF,neutral,bearish,FVG,2.572,6,2.058,0.122,-0.1981,0.0,1.715,BOS bearish | Vol 3.4x | FVG | ChoCH | BearWick | Zone:FVG | MTF 15,BOS+2 | BodyStrong+1 | 1hN+1 | 4h+2 | Vol+2 | RSI+1 | BTC+2 | FVG+1 | ChoCH+1 | BearWick+1 | Zone:FVG+1 | Sess:OFF,0,0.45,bear
GOOGLUSDT,2286,2382,1787238900,1787326200,SHORT,SL,341.195,337.18265548,329.15796644,345.20734452,-1.0629695378202437,-1.233042171563071,0.1700726337428273,16,1.8,29.96,0.35031847133758226,0.005522710431227775,4.660494102685204,base,adaptive disabled,1.15,1.0,74.5,90,80,50,80,MIDDAY,bearish,bearish,FVG,1.778,1,3.876,-1.0,-0.2715,4.867,1.713,BOS bearish | Vol 1.8x | FVG | ChoCH | BearWick | StrongTrend1h | Zone:FVG | MTF 16 | Risk x1.15,BOS+2 | 1h+2 | 4h+2 | Vol+1 | BTC+2 | FVG+1 | ChoCH+1 | BearWick+1 | Zone:FVG+1 | Sess:MIDDAY | Strong1h+1 | NestedOB_1h+2 | QualityRisk:1.15,0,0.45,bear
SPYUSDT,2303,2783,1787254200,1787687100,SHORT,EXPIRED,765.025,760.80662836,752.36988507,769.24337164,0.0,-0.5440665725696959,0.5440665725696959,15,2.14,31.95,0.49635036496351387,0.0007151610195413436,0.884308135518134,base,adaptive disabled,1.15,1.5,90.5,90,100,90,80,CLOSE,bearish,bearish,FVG,3.068,9,6.151,-1.0,-0.3579,1.473,2.774,BOS bearish | Vol 2.1x | FVG | ChoCH | Session:CLOSE | StrongTrend1h | Zone:FVG | MTF 15 | Risk x1.15,BOS+2 | BodyStrong+1 | 1h+2 | 4h+2 | Vol+2 | BTC+2 | FVG+1 | ChoCH+1 | Zone:FVG+1 | Sess:CLOSE | Strong1h+1 | QualityRisk:1.15,0,0.475,range
MSTRUSDT,2322,2326,1787271300,1787275800,LONG,TRAIL,114.405,116.25,119.553225,112.688925,1.888608568025202,1.755275234691869,0.13333333333333305,14,2.23,69.65,0.6273062730627298,0.006249018367795397,0.7662257906365252,base,adaptive disabled,1.25,1.0,82.5,90,90,70,80,OFF,bullish,bullish,FVG,2.37,4,2.285,9.167,0.1568,1.857,1.737,BOS bullish | Vol 2.2x | FVG | ChoCH | Engulfing | StrongTrend1h | Zone:FVG | MTF 14 | Risk x1.25,BOS+2 | 1h+2 | 4h+2 | Vol+2 | BTCok+1 | FVG+1 | ChoCH+1 | Engulfing+1 | Zone:FVG+1 | Sess:OFF | Strong1h+1 | TrendPairRisk:1.15 | RelStrengthRisk:1.25,0,0.6,range
CRCLUSDT,2327,2348,1787275800,1787295600,LONG,TRAIL,84.91,86.18365,88.73095,83.63635,1.0437745658343172,0.9104412325009842,0.13333333333333297,15,3.18,65.43,0.3535911602209999,0.00810713803653152,1.0845549106661783,base,adaptive disabled,1.25,1.0,84.5,90,100,70,80,OFF,bullish,bullish,FVG,1.019,2,0.245,5.492,0.1768,0.0,2.307,BOS bullish | Vol 3.2x | FVG | ChoCH | StrongTrend1h | Zone:FVG | MTF 15 | Risk x1.25,BOS+2 | 1h+2 | 4h+2 | Vol+2 | RSI+1 | BTC+2 | FVG+1 | ChoCH+1 | Zone:FVG+1 | Sess:OFF | Strong1h+1 | QualityRisk:1.15 | TrendPairRisk:1.25,0,0.525,range
BZUSDT,2328,2371,1787276700,1787316300,LONG,TRAIL,91.36,92.57,94.4214,90.99456,3.76244953591656,3.0124495359165446,0.7500000000000155,18,1.91,65.01,0.42857142857145114,0.002502236632066938,1.3442898329818904,base,adaptive disabled,1.25,1.5,81.5,90,100,60,80,OFF,bullish,bullish,OB,2.257,3,0.594,5.881,0.2326,3.154,1.239,BOS bullish | Vol 1.9x | FVG | OB | MACD_Div | ChoCH | Engulfing | BullWick | StrongTrend1h | Zone:OB | MTF 18 | Risk x1.25,BOS+2 | 1h+2 | 4h+2 | Vol+1 | RSI+1 | BTC+2 | FVG+1 | OB+1 | MACD_Div+1 | ChoCH+1 | Engulfing+1 | BullWick+1 | Zone:OB+1 | Sess:OFF | Strong1h+1 | QualityRisk:1.15 | TrendPairRisk:1.25,0,0.55,bear
SAMSUNGUSDT,2328,2342,1787276700,1787290200,LONG,TRAIL,199.895,203.3,208.890275,196.896575,2.1824989028255284,2.049165569492195,0.13333333333333347,14,2.67,68.13,0.3056300268096513,0.017987861749677692,3.143460603765781,base,adaptive disabled,1.15,1.0,79.7,90,76,70,80,OFF,bullish,bullish,FVG,3.136,7,0.884,2.066,0.1636,0.0,1.955,BOS bullish | Vol 2.7x | FVG | ChoCH | StrongTrend1h | Zone:FVG | MTF 14 | Risk x1.15,BOS+2 | 1h+2 | 4h+2 | Vol+2 | BTC+2 | FVG+1 | ChoCH+1 | Zone:FVG+1 | Sess:OFF | Strong1h+1 | TrendPairRisk:1.15,0,0.525,range
SKHYNIXUSDT,2328,2332,1787276700,1787281200,LONG,TRAIL,1246.99,1269.73,1303.10455,1228.28515,1.5849304361269057,1.4515971027935728,0.13333333333333278,17,1.39,67.7,0.3938253656033503,0.01448005468192632,2.5452459221651944,base,adaptive disabled,1.15,1.0,82.5,90,90,70,80,OFF,bullish,bullish,FVG,3.32,7,0.841,3.917,0.2115,0.0,0.911,BOS bullish | Vol 1.4x | FVG | ChoCH | Engulfing | BullWick | StrongTrend1h | Zone:FVG | MTF 17 | Risk x1.15,BOS+2 | BodyStrong+1 | 1h+2 | 4h+2 | Vol+1 | RSI+1 | BTC+2 | FVG+1 | ChoCH+1 | Engulfing+1 | BullWick+1 | Zone:FVG+1 | Sess:OFF | Strong1h+1 | TrendPairRisk:1.15,0,0.575,bear
XAUUSDT,2339,2347,1787286600,1787294700,LONG,TRAIL,4532.3,4559.77831929,4614.73495788,4504.82168071,1.3079718176710082,0.9780899240830445,0.32988189358796366,18,1.49,59.78,0.16759776536312623,0.0018045314744863999,1.2185166114733987,base,adaptive disabled,1.25,1.0,80.5,90,80,70,80,OFF,bullish,bullish,FVG,0.013,1,0.063,7.742,-0.0509,0.0,1.362,BOS bullish | Vol 1.5x | FVG | ChoCH | Engulfing | StrongTrend1h | Zone:FVG | MTF 18 | Risk x1.25,BOS+2 | BodyStrong+1 | 1h+2 | 4h+2 | Vol+1 | RSI+1 | BTC+2 | FVG+1 | ChoCH+1 | Engulfing+1 | Zone:FVG+1 | Sess:OFF | Strong1h+1 | NestedOB_1h+2 | QualityRisk:1.15 | TrendPairRisk:1.25,0,0.575,bear
TSLAUSDT,2349,2375,1787295600,1787319900,LONG,TP2,347.965,351.46,352.14058,346.57314,3.0000000000001226,2.5000000000001052,0.5000000000000174,17,2.34,66.56,0.24403669724770402,0.001309570767481512,0.9879003304866402,base,adaptive disabled,1.25,1.0,88.3,90,89,90,80,OFF,bullish,bullish,FVG,1.511,1,5.578,19.884,0.2099,0.0,1.309,BOS bullish | Vol 2.3x | FVG | ChoCH | BullWick | StrongTrend1h | Zone:FVG | MTF 17 | Risk x1.25,BOS+2 | BodyStrong+1 | 1h+2 | 4h+2 | Vol+2 | RSI+1 | BTC+2 | FVG+1 | ChoCH+1 | BullWick+1 | Zone:FVG+1 | Sess:OFF | Strong1h+1 | QualityRisk:1.15 | TrendPairRisk:1.25,0,0.475,range
MSFTUSDT,2351,2376,1787297400,1787320800,SHORT,SL,481.2,478.38,477.87,483.1248,-1.9430590191188695,-2.443059019118868,0.4999999999999988,14,6.15,35.36,0.29073482428112984,0.0011779965672036941,2.025102312941683,base,adaptive disabled,1.0,1.0,70.8,60,84,70,80,OFF,neutral,bearish,FVG,1.529,1,1.338,2.375,-0.3949,5.5,9.384,BOS bearish | Vol 6.2x | FVG | ChoCH | Engulfing | BearWick | Zone:FVG | MTF 14,BOS+2 | 1hN+1 | 4h+2 | Vol+2 | RSI+1 | BTCok+1 | FVG+1 | ChoCH+1 | Engulfing+1 | BearWick+1 | Zone:FVG+1 | Sess:OFF,0,0.55,bull
XAGUSDT,2355,2436,1787301000,1787374800,LONG,SL,69.615,70.57485188,72.49455563,68.65514812,-1.3283299502419137,-1.4733835808083318,0.14505363056641796,15,2.88,71.52,0.3620071684587824,0.0047839133178601235,1.8362253951745657,base,adaptive disabled,1.25,1.0,82.5,90,90,70,80,OFF,bullish,bullish,FVG,2.363,3,-1.0,7.569,0.1989,10.0,3.122,BOS bullish | Vol 2.9x | FVG | ChoCH | Engulfing | StrongTrend1h | Zone:FVG | MTF 15 | Risk x1.25,BOS+2 | 1h+2 | 4h+2 | Vol+2 | BTC+2 | FVG+1 | ChoCH+1 | Engulfing+1 | Zone:FVG+1 | Sess:OFF | Strong1h+1 | QualityRisk:1.15 | TrendPairRisk:1.25,0,0.6,bull
CRCLUSDT,2358,2375,1787303700,1787319900,LONG,TP2,88.87,90.20305,92.86915,87.53695,3.0,2.8666666666666667,0.13333333333333333,17,1.34,64.99,0.4497716894977165,0.019123512006920543,3.486989317010653,base,adaptive disabled,1.15,1.0,80.5,90,80,70,80,OFF,bullish,bullish,FVG,3.215,9,-1.0,7.481,0.3667,1.876,1.029,BOS bullish | Vol 1.3x | FVG | ChoCH | Engulfing | BullWick | StrongTrend1h | Zone:FVG | MTF 17 | Risk x1.15,BOS+2 | BodyStrong+1 | 1h+2 | 4h+2 | Vol+1 | RSI+1 | BTC+2 | FVG+1 | ChoCH+1 | Engulfing+1 | BullWick+1 | Zone:FVG+1 | Sess:OFF | Strong1h+1 | TrendPairRisk:1.15,0,0.5,bull
AMZNUSDT,2376,2635,1787319900,1787553900,SHORT,TRAIL,260.13,257.5403429,252.36102869,262.7196571,1.3822758904237054,1.080927113398362,0.30134877702534313,17,3.11,30.58,0.37031900138694335,0.00882747433643736,11.009962277143599,base,adaptive disabled,1.0,1.5,86.5,90,80,90,80,OPEN,bearish,bearish,FVG,3.489,2,1.943,0.28,-0.2555,0.0,1.392,BOS bearish | Vol 3.1x | FVG | LiqSweep | ChoCH | Engulfing | Session:OPEN | StrongTrend1h | Zone:FVG | MTF 17,BOS+2 | BodyStrong+1 | 1h+2 | 4h+2 | Vol+2 | BTC+2 | FVG+1 | LiqSweep+1 | ChoCH+1 | Engulfing+1 | Zone:FVG+1 | Sess:OPEN | Strong1h+1,0,0.475,range
SPCXUSDT,2376,2380,1787319900,1787324400,SHORT,SL,133.495,130.57,127.487725,135.497425,-1.7041836772912988,-1.9041836772913001,0.2000000000000012,18,2.81,32.1,0.303128371089537,0.01403218460488955,4.745334028761964,base,adaptive disabled,1.0,1.5,85.7,90,76,90,80,OPEN,bearish,bearish,FVG,3.058,3,2.954,2.512,-0.4105,0.0,2.156,BOS bearish | Vol 2.8x | FVG | LiqSweep | ChoCH | BearWick | Session:OPEN | StrongTrend1h | Zone:FVG | MTF 18,BOS+2 | BodyStrong+1 | 1h+2 | 4h+2 | Vol+2 | RSI+1 | BTC+2 | FVG+1 | LiqSweep+1 | ChoCH+1 | BearWick+1 | Zone:FVG+1 | Sess:OPEN | Strong1h+1,0,0.3,bull
TSLAUSDT,2379,2381,1787322600,1787325300,LONG,TRAIL,355.56,360.8934,371.5602,350.2266,1.6349033003002296,1.5015699669668958,0.13333333333333375,17,1.62,65.74,0.26788990825688275,0.017679077909252675,10.137936807636418,base,adaptive disabled,1.25,1.0,78.9,90,72,70,80,OPEN,bullish,bullish,FVG,2.166,3,-1.0,6.765,0.1934,0.0,0.674,BOS bullish | Vol 1.6x | FVG | LiqSweep | ChoCH | Engulfing | Session:OPEN | StrongTrend1h | Zone:FVG | MTF 17 | Risk x1.25,BOS+2 | BodyStrong+1 | 1h+2 | 4h+2 | Vol+1 | RSI+1 | BTC+2 | FVG+1 | LiqSweep+1 | ChoCH+1 | Engulfing+1 | Zone:FVG+1 | Sess:OPEN | Strong1h+1 | QualityRisk:1.15 | TrendPairRisk:1.25,0,0.575,range
XAUUSDT,2384,2389,1787327100,1787332500,LONG,TRAIL,4594.95,4629.53568566,4698.70705697,4560.36431434,1.0901785479810744,0.8244645734095447,0.2657139745715297,16,1.87,65.27,0.20089285714285768,0.002711111546405619,1.2083924270285056,base,adaptive disabled,1.25,1.0,84.3,90,84,80,80,MIDDAY,bullish,bullish,OB,0.79,1,-1.0,8.874,0.1046,0.0,2.141,BOS bullish | Vol 1.9x | FVG | OB | ChoCH | StrongTrend1h | Zone:OB | MTF 16 | Risk x1.25,BOS+2 | BodyStrong+1 | 1h+2 | 4h+2 | Vol+1 | RSI+1 | BTC+2 | FVG+1 | OB+1 | ChoCH+1 | Zone:OB+1 | Sess:MIDDAY | Strong1h+1 | QualityRisk:1.15 | TrendPairRisk:1.25,0,0.65,range
BZUSDT,2390,2392,1787332500,1787335200,LONG,TRAIL,92.28,92.88075676,94.08227029,91.67924324,0.8881626725731737,0.5809501494881213,0.30721252308505237,17,1.34,62.37,0.16504854368931424,0.0028060642192594206,0.8297803450960962,base,adaptive disabled,1.25,1.0,77.3,90,79,60,80,MIDDAY,bullish,bullish,OB,0.467,1,-1.0,4.821,-0.0106,0.0,1.79,BOS bullish | Vol 1.3x | FVG | OB | ChoCH | BullWick | StrongTrend1h | Zone:OB | MTF 17 | Risk x1.25,BOS+2 | 1h+2 | 4h+2 | Vol+1 | RSI+1 | BTCok+1 | FVG+1 | OB+1 | ChoCH+1 | BullWick+1 | Zone:OB+1 | Sess:MIDDAY | Strong1h+1 | NestedOB_1h+2 | QualityRisk:1.15 | TrendPairRisk:1.25,0,0.425,bull
MSTRUSDT,2431,2436,1787369400,1787374800,LONG,SL,122.87,127.78,128.39915,121.02695,-1.4703887577656605,-1.6037220910989936,0.13333333333333297,13,1.49,71.1,0.24461839530332888,0.0038760796813106526,0.6850549523713381,base,adaptive disabled,1.15,1.0,80.3,90,79,70,80,OFF,bullish,bullish,FVG,0.402,1,6.772,10.403,0.1381,0.0,3.226,BOS bullish | Vol 1.5x | FVG | ChoCH | StrongTrend1h | Zone:FVG | MTF 13 | Risk x1.15,BOS+2 | BodyStrong+1 | 1h+2 | 4h+2 | Vol+1 | BTCok+1 | FVG+1 | ChoCH+1 | Zone:FVG+1 | Sess:OFF | Strong1h+1 | TrendPairRisk:1.15,0,0.575,bull
CRCLUSDT,2432,2436,1787370300,1787374800,LONG,SL,90.245,93.09,94.306025,88.891325,-1.5624134301069266,-1.695746763440259,0.1333333333333324,14,1.41,69.94,0.4494382022471927,0.00533851221050027,0.9949652132331211,base,adaptive disabled,1.25,1.0,78.5,90,100,50,80,OFF,bullish,bullish,FVG,1.623,4,0.373,8.795,0.0901,1.909,1.264,BOS bullish | Vol 1.4x | FVG | ChoCH | Engulfing | BullWick | StrongTrend1h | Zone:FVG | MTF 14 | Risk x1.25,BOS+2 | 1h+2 | 4h+2 | Vol+1 | BTCok+1 | FVG+1 | ChoCH+1 | Engulfing+1 | BullWick+1 | Zone:FVG+1 | Sess:OFF | Strong1h+1 | QualityRisk:1.15 | TrendPairRisk:1.25,0,0.55,bull
