symbol,entry_bar,exit_bar,entry_time,exit_time,direction,outcome,entry,tp1,tp2,sl,gross_r,net_r,cost_r,mtf_score,volume_ratio,rsi,eff_ratio,vol_atr_pct,vol_ratio_regime,adaptive_pack,adaptive_reason,risk_mult,size_mult,quality_score,trend_score,volatility_score,entry_quality_score,portfolio_risk_score,session,trend_1h,trend_4h,entry_source,bos_extension_atr,bos_candles_ago,overhead_atr,underfoot_atr,buy_pressure,accel_ratio,absorption,signals,score_tags,premium,knn_score,swing_trend
MSTRUSDT,75,77,1781620200,1781622900,SHORT,TRAIL,128.945,127.010825,123.142475,130.879175,1.6089587475470941,1.4756254142137615,0.1333333333333326,14,1.48,34.94,0.3857998289135979,0.020018167187697555,4.40866768697397,base,adaptive disabled,1.0,1.0,68.2,55,80,70,80,OPEN,bearish,neutral,FVG,3.445,9,4.723,-1.0,-0.1607,2.366,0.761,BOS bearish | Vol 1.5x | FVG | LiqSweep | ChoCH | Session:OPEN | Zone:FVG | MTF 14,BOS+2 | BodyStrong+1 | 1h+2 | 4hN+1 | Vol+1 | RSI+1 | BTC+2 | FVG+1 | LiqSweep+1 | ChoCH+1 | Zone:FVG+1 | Sess:OPEN,0,-1.0,range
SOXLUSDT,75,75,1781620200,1781621100,SHORT,TP2,266.1,262.1085,254.1255,270.0915,4.500000000000043,4.300000000000042,0.20000000000000134,14,3.9,29.91,0.4382716049382693,0.03531420146037006,5.430539424574561,base,adaptive disabled,1.0,1.5,68.2,55,80,70,80,OPEN,bearish,neutral,FVG,1.452,5,-1.0,-1.0,-0.1141,0.0,1.55,BOS bearish | Vol 3.9x | FVG | LiqSweep | ChoCH | Engulfing | Session:OPEN | Zone:FVG | MTF 14,BOS+2 | 1h+2 | 4hN+1 | Vol+2 | BTC+2 | FVG+1 | LiqSweep+1 | ChoCH+1 | Engulfing+1 | Zone:FVG+1 | Sess:OPEN,0,-1.0,range
AAPLUSDT,78,86,1781622900,1781631000,LONG,TRAIL,296.98,299.79347104,305.42041311,294.16652896,1.905614687890701,1.588945354056011,0.3166693338346899,13,2.71,71.58,0.36348408710218894,0.0031284238747430106,3.0861901524349054,base,adaptive disabled,1.0,1.5,68.2,55,80,70,80,MIDDAY,bullish,neutral,FVG,1.792,6,-1.0,3.367,-0.0048,0.0,1.665,BOS bullish | Vol 2.7x | FVG | ChoCH | BullWick | Zone:FVG | MTF 13,BOS+2 | 1h+2 | 4hN+1 | Vol+2 | BTC+2 | FVG+1 | ChoCH+1 | BullWick+1 | Zone:FVG+1 | Sess:MIDDAY,0,-1.0,bear
BZUSDT,126,142,1781666100,1781681400,SHORT,TRAIL,78.745,77.85885316,76.08655947,79.63114684,1.4065740949494947,1.1399873518313888,0.266586743118106,13,2.43,29.07,0.5973154362416132,0.002287058168925256,0.793509747306352,base,adaptive disabled,1.15,1.5,76.2,55,90,90,80,OFF,bearish,neutral,FVG,1.928,6,22.245,1.977,-0.1361,10.0,3.517,BOS bearish | Vol 2.4x | FVG | ChoCH | Engulfing | Zone:FVG | MTF 13 | Risk x1.15,BOS+2 | BodyStrong+1 | 1h+2 | 4hN+1 | Vol+2 | BTCok+1 | FVG+1 | ChoCH+1 | Engulfing+1 | Zone:FVG+1 | Sess:OFF | QualityRisk:1.15,0,0.75,range
MSTRUSDT,145,149,1781683200,1781687700,SHORT,TRAIL,124.14,122.44,120.52353047,125.34548984,1.2361617301038186,1.030203959443553,0.20595777066026563,14,1.79,35.5,0.29936305732483864,0.004046237769372282,1.1193691997990505,base,adaptive disabled,1.15,1.0,71.2,55,95,70,80,OFF,bearish,neutral,FVG,1.466,6,3.524,0.713,0.2273,0.0,1.291,BOS bearish | Vol 1.8x | FVG | LiqSweep | ChoCH | Zone:FVG | MTF 14 | Risk x1.15,BOS+2 | BodyStrong+1 | 1h+2 | 4hN+1 | Vol+1 | RSI+1 | BTC+2 | FVG+1 | LiqSweep+1 | ChoCH+1 | Zone:FVG+1 | Sess:OFF | QualityRisk:1.15,0,0.55,bull
CRCLUSDT,148,158,1781685900,1781695800,SHORT,TRAIL,80.28,79.43039213,78.77,81.12960787,0.9821185921853607,0.7931372919062095,0.1889813002791512,13,2.62,33.18,0.45177664974618365,0.004119978162101737,1.5095974529428853,base,adaptive disabled,1.0,1.0,72.2,55,100,70,80,OFF,bearish,neutral,FVG,1.218,1,3.689,1.97,-0.2462,1.472,2.612,BOS bearish | Vol 2.6x | FVG | ChoCH | Zone:FVG | MTF 13,BOS+2 | 1h+2 | 4hN+1 | Vol+2 | RSI+1 | BTC+2 | FVG+1 | ChoCH+1 | Zone:FVG+1 | Sess:OFF,0,0.6,range
TSLAUSDT,160,162,1781696700,1781699400,SHORT,TRAIL,403.555,401.77244825,398.20734476,405.33755175,1.4881463778572337,1.035362889243224,0.45278348861400974,13,1.87,33.41,0.2566929133858297,0.0020110030093657993,1.845003851865889,base,adaptive disabled,1.15,1.0,68.2,55,80,70,80,OFF,bearish,neutral,FVG,1.74,1,4.178,2.146,-0.3828,0.0,0.937,BOS bearish | Vol 1.9x | FVG | ChoCH | Zone:FVG | MTF 13 | Risk x1.15,BOS+2 | BodyStrong+1 | 1h+2 | 4hN+1 | Vol+1 | RSI+1 | BTC+2 | FVG+1 | ChoCH+1 | Zone:FVG+1 | Sess:OFF | QualityRisk:1.15,0,0.375,range
MSFTUSDT,168,170,1781703900,1781706600,SHORT,TRAIL,391.5,388.79343659,383.38030976,394.20656341,1.9302729712067044,1.496327845199108,0.4339451260075963,14,3.99,33.07,0.4289473684210566,0.005514247975620324,5.888173601860428,base,adaptive disabled,1.0,1.5,74.2,55,80,90,80,OPEN,bearish,neutral,FVG,2.192,6,5.544,-1.0,0.1143,2.396,1.955,BOS bearish | Vol 4.0x | FVG | ChoCH | Session:OPEN | Zone:FVG | MTF 14,BOS+2 | BodyStrong+1 | 1h+2 | 4hN+1 | Vol+2 | RSI+1 | BTC+2 | FVG+1 | ChoCH+1 | Zone:FVG+1 | Sess:OPEN,0,0.55,bear
AMZNUSDT,185,264,1781719200,1781791200,SHORT,TRAIL,240.175,236.572375,229.367125,243.777625,1.3568879825498306,1.15688798254983,0.20000000000000062,14,5.36,31.03,0.6220338983050829,0.004247001944611328,2.180393102522951,base,adaptive disabled,1.0,1.5,79.8,65,90,90,80,MIDDAY,bearish,neutral,FVG,7.68,9,9.879,-1.0,-0.3403,0.143,2.37,BOS bearish | Vol 5.4x | FVG | StochCross | StrongTrend1h | Zone:FVG | MTF 14,BOS+2 | BodyStrong+1 | 1h+2 | 4hN+1 | Vol+2 | BTC+2 | FVG+1 | StochCross+1 | Zone:FVG+1 | Sess:MIDDAY | Strong1h+1,0,0.575,bear
MSFTUSDT,185,191,1781719200,1781725500,SHORT,TRAIL,385.645,379.860325,368.290975,391.429675,1.9481543586344627,1.7481543586344623,0.20000000000000023,13,1.87,28.8,0.43462017434620126,0.0037773794353341793,2.3982703885892147,base,adaptive disabled,1.0,1.5,73.8,65,90,70,80,MIDDAY,bearish,neutral,FVG,1.279,6,10.181,-1.0,-0.1491,0.723,0.764,BOS bearish | Vol 1.9x | FVG | StochCross | StrongTrend1h | Zone:FVG | MTF 13,BOS+2 | BodyStrong+1 | 1h+2 | 4hN+1 | Vol+1 | BTC+2 | FVG+1 | StochCross+1 | Zone:FVG+1 | Sess:MIDDAY | Strong1h+1,0,0.65,bear
SKHYNIXUSDT,188,190,1781721900,1781724600,LONG,SL,1701.37,1726.89055,1777.93165,1675.84945,-1.1367309873807594,-1.270064320714093,0.13333333333333355,13,2.2,64.75,0.46968916366134383,0.017961557635226267,2.12202973776186,base,adaptive disabled,1.15,1.0,73.8,65,90,70,80,CLOSE,bullish,neutral,FVG,0.3,1,-1.0,4.789,0.1196,0.241,1.135,BOS bullish | Vol 2.2x | FVG | ChoCH | Session:CLOSE | StrongTrend1h | Zone:FVG | MTF 13 | Risk x1.15,BOS+2 | 1h+2 | 4hN+1 | Vol+2 | RSI+1 | BTCok+1 | FVG+1 | ChoCH+1 | Zone:FVG+1 | Sess:CLOSE | Strong1h+1 | RelStrengthRisk:1.15,0,0.5,bear
SPYUSDT,188,191,1781721900,1781725500,SHORT,TRAIL,748.7,744.27548994,735.42646982,753.12451006,2.0570457461367266,1.7186127943083824,0.3384329518283441,15,3.44,38.37,0.18006286484059247,0.0053387606184516975,5.992479903732108,base,adaptive disabled,1.0,1.0,74.0,65,61,90,80,CLOSE,bearish,neutral,FVG,1.073,3,3.043,-1.0,0.0841,0.0,1.322,BOS bearish | Vol 3.4x | FVG | Engulfing | Session:CLOSE | StrongTrend1h | Zone:FVG | MTF 15,BOS+2 | BodyStrong+1 | 1h+2 | 4hN+1 | Vol+2 | RSI+1 | BTC+2 | FVG+1 | Engulfing+1 | Zone:FVG+1 | Sess:CLOSE | Strong1h+1,0,0.525,bear
NVDAUSDT,191,264,1781724600,1781791200,SHORT,SL,205.49,202.40765,196.24295,208.57235,-1.0803445423134925,-1.2136778756468263,0.13333333333333372,14,1.85,31.85,0.28956228956229085,0.0070740399070713155,3.4896912579684707,base,adaptive disabled,1.15,1.0,70.5,65,74,70,80,CLOSE,bearish,neutral,FVG,2.046,1,4.946,-1.0,-0.033,8.556,1.211,BOS bearish | Vol 1.9x | FVG | ChoCH | Engulfing | Session:CLOSE | StrongTrend1h | Zone:FVG | MTF 14 | Risk x1.15,BOS+2 | BodyStrong+1 | 1h+2 | 4hN+1 | Vol+1 | BTC+2 | FVG+1 | ChoCH+1 | Engulfing+1 | Zone:FVG+1 | Sess:CLOSE | Strong1h+1 | QualityRisk:1.15,0,0.625,range
XAGUSDT,192,208,1781725500,1781740800,SHORT,SL,67.545,66.531825,64.505475,68.558175,-1.2485503491499452,-1.381883682483278,0.13333333333333283,14,1.34,28.16,0.3857142857142855,0.011388404753878083,3.317347401436356,base,adaptive disabled,1.15,1.0,65.8,65,80,50,80,CLOSE,bearish,neutral,FVG,5.22,7,5.159,-1.0,-0.3364,0.0,1.913,BOS bearish | Vol 1.3x | FVG | MACD_Div | ChoCH | BearWick | Session:CLOSE | StrongTrend1h | Zone:FVG | MTF 14 | Risk x1.15,BOS+2 | 1h+2 | 4hN+1 | Vol+1 | BTC+2 | FVG+1 | MACD_Div+1 | ChoCH+1 | BearWick+1 | Zone:FVG+1 | Sess:CLOSE | Strong1h+1 | QualityRisk:1.15,0,0.425,bull
DRAMUSDT,210,225,1781741700,1781756100,LONG,TRAIL,72.925,74.018875,76.206625,71.831125,1.4465137904217544,1.3131804570884207,0.1333333333333337,13,1.39,67.8,0.2529711375212215,0.009891478850615839,1.3042364477230064,base,adaptive disabled,1.15,1.0,67.8,65,90,50,80,OFF,bullish,neutral,FVG,2.946,8,-1.0,5.624,0.2126,0.0,2.15,BOS bullish | Vol 1.4x | FVG | ChoCH | BullWick | StrongTrend1h | Zone:FVG | MTF 13 | Risk x1.15,BOS+2 | 1h+2 | 4hN+1 | Vol+1 | RSI+1 | BTCok+1 | FVG+1 | ChoCH+1 | BullWick+1 | Zone:FVG+1 | Sess:OFF | Strong1h+1 | RelStrengthRisk:1.15,0,0.5,range
SAMSUNGUSDT,210,212,1781741700,1781744400,LONG,TRAIL,227.4,230.811,237.633,223.989,2.003134078048879,1.8698007447155458,0.1333333333333333,13,1.82,65.5,0.3115577889447243,0.00831181718975938,1.4139463452510623,base,adaptive disabled,1.15,1.0,69.2,65,97,50,80,OFF,bullish,neutral,FVG,0.146,1,0.388,5.273,-0.1034,0.0,1.574,BOS bullish | Vol 1.8x | FVG | ChoCH | BullWick | StrongTrend1h | Zone:FVG | MTF 13 | Risk x1.15,BOS+2 | 1h+2 | 4hN+1 | Vol+1 | RSI+1 | BTCok+1 | FVG+1 | ChoCH+1 | BullWick+1 | Zone:FVG+1 | Sess:OFF | Strong1h+1 | RelStrengthRisk:1.15,0,0.5,bear
SKHYNIXUSDT,212,221,1781743500,1781752500,LONG,TRAIL,1707.765,1747.28,1784.614425,1682.148525,1.6786809946940329,1.5453476613606998,0.13333333333333316,18,2.6,55.88,0.2394492666866202,0.01452926010425414,1.5749828162317938,base,adaptive disabled,1.15,1.0,79.3,65,88,90,80,OFF,bullish,neutral,FVG,1.591,1,1.591,4.821,0.1951,0.939,1.488,BOS bullish | Vol 2.6x | FVG | ChoCH | Engulfing | BullWick | StrongTrend1h | Zone:FVG | MTF 18 | Risk x1.15,BOS+2 | BodyStrong+1 | 1h+2 | 4hN+1 | Vol+2 | RSI+1 | BTCok+1 | FVG+1 | ChoCH+1 | Engulfing+1 | BullWick+1 | Zone:FVG+1 | Sess:OFF | Strong1h+1 | NestedOB_1h+2 | QualityRisk:1.15,0,0.575,bull
EWYUSDT,225,264,1781755200,1781791200,LONG,TRAIL,212.94,216.1341,222.5223,209.7459,1.0043682383479124,0.8710349050145788,0.13333333333333366,14,3.01,66.67,0.28934817170111243,0.003997542555737781,0.8340472788295303,base,adaptive disabled,1.15,1.0,80.5,65,94,90,80,OFF,bullish,neutral,FVG,1.021,1,-1.0,7.791,0.166,6.0,2.667,BOS bullish | Vol 3.0x | FVG | ChoCH | StrongTrend1h | Zone:FVG | MTF 14 | Risk x1.15,BOS+2 | BodyStrong+1 | 1h+2 | 4hN+1 | Vol+2 | RSI+1 | BTCok+1 | FVG+1 | ChoCH+1 | Zone:FVG+1 | Sess:OFF | Strong1h+1 | QualityRisk:1.15,0,0.6,range
BZUSDT,226,234,1781756100,1781764200,SHORT,TRAIL,78.085,77.12384008,75.20152023,79.04615992,1.4837597521275894,1.2400386032057744,0.2437211489218152,14,1.46,28.2,0.49222797927461476,0.0019243046428287927,0.6878514414193159,base,adaptive disabled,1.15,1.5,73.8,65,90,70,80,OFF,bearish,neutral,FVG,1.507,2,20.582,0.659,-0.2775,1.021,1.344,BOS bearish | Vol 1.5x | FVG | ChoCH | BearWick | StrongTrend1h | Zone:FVG | MTF 14 | Risk x1.15,BOS+2 | BodyStrong+1 | 1h+2 | 4hN+1 | Vol+1 | BTC+2 | FVG+1 | ChoCH+1 | BearWick+1 | Zone:FVG+1 | Sess:OFF | Strong1h+1 | QualityRisk:1.15,0,0.675,bear
CLUSDT,226,264,1781756100,1781791200,SHORT,TRAIL,74.595,73.51586807,71.3576042,75.67413193,1.9321567883170294,1.7247817734752398,0.20737501484178994,15,2.53,28.46,0.4976303317535533,0.0026408331655439488,0.7401179468036209,base,adaptive disabled,1.15,1.5,79.8,65,90,90,80,OFF,bearish,neutral,FVG,1.49,4,19.012,0.524,-0.2873,1.386,2.326,BOS bearish | Vol 2.5x | FVG | ChoCH | BearWick | StrongTrend1h | Zone:FVG | MTF 15 | Risk x1.15,BOS+2 | BodyStrong+1 | 1h+2 | 4hN+1 | Vol+2 | BTC+2 | FVG+1 | ChoCH+1 | BearWick+1 | Zone:FVG+1 | Sess:OFF | Strong1h+1 | QualityRisk:1.15,0,0.75,bear
SKHYNIXUSDT,226,233,1781756100,1781763300,LONG,TRAIL,1763.69,1790.14535,1843.05605,1737.23465,1.2472333524782337,1.1139000191449002,0.13333333333333358,14,2.28,67.59,0.34204386374241696,0.0068158832442285905,0.8217120770996247,base,adaptive disabled,1.15,1.0,75.8,65,100,70,80,OFF,bullish,neutral,FVG,1.169,4,-1.0,9.848,0.2229,1.425,3.845,BOS bullish | Vol 2.3x | FVG | ChoCH | BullWick | StrongTrend1h | Zone:FVG | MTF 14 | Risk x1.15,BOS+2 | 1h+2 | 4hN+1 | Vol+2 | RSI+1 | BTCok+1 | FVG+1 | ChoCH+1 | BullWick+1 | Zone:FVG+1 | Sess:OFF | Strong1h+1 | QualityRisk:1.15,0,0.55,bull
DRAMUSDT,228,263,1781757900,1781790300,LONG,TRAIL,74.09,75.20135,77.42405,72.97865,1.944120629018251,1.8107872956849178,0.13333333333333314,14,2.76,62.89,0.34862385321100814,0.008392955574475757,1.3838839248387695,base,adaptive disabled,1.0,1.0,75.8,65,100,70,80,OFF,bullish,neutral,FVG,0.638,6,-1.0,8.935,-0.217,0.81,2.124,BOS bullish | Vol 2.8x | FVG | ChoCH | BullWick | StrongTrend1h | Zone:FVG | MTF 14,BOS+2 | 1h+2 | 4hN+1 | Vol+2 | RSI+1 | BTCok+1 | FVG+1 | ChoCH+1 | BullWick+1 | Zone:FVG+1 | Sess:OFF | Strong1h+1,0,0.55,bull
MSFTUSDT,228,258,1781757900,1781785800,SHORT,TRAIL,381.88,377.9,373.55263512,384.65578829,1.277679742721774,1.002529075521573,0.27515066720020115,14,1.56,35.53,0.21485411140583394,0.0017564059801881814,1.0241443597209514,base,adaptive disabled,1.15,1.0,66.8,65,85,50,80,OFF,bearish,neutral,FVG,2.338,5,4.408,5.152,-0.1894,0.0,1.565,BOS bearish | Vol 1.6x | FVG | ChoCH | Engulfing | StrongTrend1h | Zone:FVG | MTF 14 | Risk x1.15,BOS+2 | 1h+2 | 4hN+1 | Vol+1 | RSI+1 | BTC+2 | FVG+1 | ChoCH+1 | Engulfing+1 | Zone:FVG+1 | Sess:OFF | Strong1h+1 | QualityRisk:1.15,0,0.6,range
INTCUSDT,231,242,1781760600,1781771400,LONG,TRAIL,128.76,130.6914,134.5542,126.8286,1.8368009583600697,1.7034676250267362,0.13333333333333355,14,1.71,66.71,0.3400921658986201,0.010581189431503815,2.2287998497377295,base,adaptive disabled,1.15,1.0,73.8,65,90,70,80,OFF,bullish,neutral,FVG,3.026,7,0.08,4.25,0.2716,0.0,1.33,BOS bullish | Vol 1.7x | FVG | ChoCH | StrongTrend1h | Zone:FVG | MTF 14 | Risk x1.15,BOS+2 | BodyStrong+1 | 1h+2 | 4hN+1 | Vol+1 | RSI+1 | BTC+2 | FVG+1 | ChoCH+1 | Zone:FVG+1 | Sess:OFF | Strong1h+1 | QualityRisk:1.15,0,0.525,range
MUUSDT,234,242,1781763300,1781771400,LONG,TRAIL,1081.065,1094.44,1111.64,1073.97742097,1.7426679528439373,1.4376089205780274,0.30505903226590997,17,2.51,60.82,0.18643190056965364,0.004958012255088501,1.1214046670378195,base,adaptive disabled,1.15,1.0,75.2,65,82,80,80,OFF,bullish,neutral,OB,0.031,1,1.229,5.78,0.0569,0.404,3.369,BOS bullish | Vol 2.5x | OB | ChoCH | BullWick | StrongTrend1h | Zone:OB | MTF 17 | Risk x1.15,BOS+2 | 1h+2 | 4hN+1 | Vol+2 | RSI+1 | BTC+2 | OB+1 | ChoCH+1 | BullWick+1 | Zone:OB+1 | Sess:OFF | Strong1h+1 | NestedOB_1h+2 | QualityRisk:1.15,0,0.625,range
SAMSUNGUSDT,236,266,1781765100,1781793000,LONG,TRAIL,235.495,239.027425,246.092275,231.962575,1.612413646501127,1.4790803131677943,0.13333333333333267,15,6.26,63.71,0.3771781899943783,0.012183400556934162,1.7642797768530272,base,adaptive disabled,1.0,1.0,75.8,65,100,70,80,OFF,bullish,neutral,FVG,0.458,4,-1.0,7.731,0.2742,0.481,2.844,BOS bullish | Vol 6.3x | FVG | ChoCH | BullWick | StrongTrend1h | Zone:FVG | MTF 15,BOS+2 | 1h+2 | 4hN+1 | Vol+2 | RSI+1 | BTC+2 | FVG+1 | ChoCH+1 | BullWick+1 | Zone:FVG+1 | Sess:OFF | Strong1h+1,0,0.55,bull
XAGUSDT,242,256,1781770500,1781784000,SHORT,TRAIL,68.53,66.87,65.5784748,69.51384173,1.874942152156057,1.7356311269975686,0.13931102515848842,16,1.44,35.5,0.275590551181109,0.003358957004217991,0.9281469994068589,base,adaptive disabled,1.15,1.0,74.3,65,93,70,80,OFF,bearish,neutral,FVG,0.859,1,5.94,5.492,0.008,4.0,2.26,BOS bearish | Vol 1.4x | FVG | ChoCH | Engulfing | Premium | StrongTrend1h | Zone:FVG | MTF 16 | Risk x1.15,BOS+2 | BodyStrong+1 | 1h+2 | 4hN+1 | Vol+1 | RSI+1 | BTC+2 | FVG+1 | ChoCH+1 | Engulfing+1 | Premium+1 | Zone:FVG+1 | Sess:OFF | Strong1h+1 | QualityRisk:1.15,0,0.5,bear
CBRSUSDT,249,263,1781776800,1781790300,LONG,TRAIL,220.11,223.41165,225.7,216.80835,0.0,-0.1333333333333324,0.1333333333333324,16,3.32,66.58,0.5154061624649838,0.004724008494960861,1.577528129102566,base,adaptive disabled,1.0,1.0,81.8,65,100,90,80,OFF,bullish,neutral,FVG,0.816,1,0.531,7.055,0.1715,1.152,3.014,BOS bullish | Vol 3.3x | FVG | ChoCH | StrongTrend1h | Zone:FVG | MTF 16,BOS+2 | BodyStrong+1 | 1h+2 | 4hN+1 | Vol+2 | RSI+1 | BTCok+1 | FVG+1 | ChoCH+1 | Zone:FVG+1 | Sess:OFF | Strong1h+1 | NestedOB_1h+2,0,0.625,bull
MRVLUSDT,250,264,1781777700,1781791200,LONG,TRAIL,305.87,310.45805,319.63415,301.28195,1.7481300724256852,1.614796739092352,0.13333333333333305,13,2.62,70.32,0.5747599451303091,0.0047335635374444246,1.0975262434497215,base,adaptive disabled,1.15,1.0,81.8,65,100,90,80,OFF,bullish,neutral,FVG,1.39,4,0.692,5.886,0.1989,1.381,3.279,BOS bullish | Vol 2.6x | FVG | ChoCH | StrongTrend1h | Zone:FVG | MTF 13 | Risk x1.15,BOS+2 | BodyStrong+1 | 1h+2 | 4hN+1 | Vol+2 | BTCok+1 | FVG+1 | ChoCH+1 | Zone:FVG+1 | Sess:OFF | Strong1h+1 | QualityRisk:1.15,0,0.55,range
SPCXUSDT,258,262,1781784900,1781789400,SHORT,TP2,188.045,185.224325,179.582975,190.865675,2.99999999999997,2.8666666666666374,0.13333333333333225,14,1.81,36.57,0.31802120141342705,0.015162939657172622,2.0299516181047506,base,adaptive disabled,1.0,1.0,73.3,65,88,70,80,OFF,bearish,neutral,FVG,0.477,1,6.89,-1.0,-0.1409,0.0,1.426,BOS bearish | Vol 1.8x | FVG | ChoCH | Engulfing | StrongTrend1h | Zone:FVG | MTF 14,BOS+2 | BodyStrong+1 | 1h+2 | 4hN+1 | Vol+1 | RSI+1 | BTCok+1 | FVG+1 | ChoCH+1 | Engulfing+1 | Zone:FVG+1 | Sess:OFF | Strong1h+1,0,0.525,range
XAUUSDT,259,276,1781785800,1781802000,SHORT,TRAIL,4271.7,4224.6,4142.30872627,4314.83042458,1.8221980258874435,1.5250736612471185,0.29712436464032477,13,1.68,31.86,0.5397489539748928,0.003892840208919481,2.208725824326749,base,adaptive disabled,1.15,1.5,76.8,65,90,80,80,OFF,bearish,neutral,OB,1.481,7,8.186,2.261,-0.3125,0.836,0.99,BOS bearish | Vol 1.7x | FVG | OB | BearWick | StrongTrend1h | Zone:OB | MTF 13 | Risk x1.15,BOS+2 | BodyStrong+1 | 1h+2 | 4hN+1 | Vol+1 | BTCok+1 | FVG+1 | OB+1 | BearWick+1 | Zone:OB+1 | Sess:OFF | Strong1h+1 | QualityRisk:1.15,0,0.55,bear
BZUSDT,264,280,1781790300,1781805600,SHORT,SL,77.59,76.42615,74.09845,78.75385,-1.0052841861064614,-1.1386175194397952,0.13333333333333375,14,1.79,31.95,0.15384615384615338,0.007163945081571533,1.74553999378394,base,adaptive disabled,1.15,1.0,71.3,65,78,70,80,OPEN,bearish,neutral,FVG,1.362,1,12.864,-1.0,-0.0436,0.0,1.266,BOS bearish | Vol 1.8x | FVG | LiqSweep | ChoCH | Session:OPEN | StrongTrend1h | Zone:FVG | MTF 14 | Risk x1.15,BOS+2 | BodyStrong+1 | 1h+2 | 4hN+1 | Vol+1 | BTC+2 | FVG+1 | LiqSweep+1 | ChoCH+1 | Zone:FVG+1 | Sess:OPEN | Strong1h+1 | QualityRisk:1.15,0,0.7,bull
NVDAUSDT,265,267,1781791200,1781793900,LONG,TRAIL,207.685,210.01,211.82,206.43629167,2.3588194530430133,1.859859860133114,0.49895959290989933,13,3.11,68.58,0.39914163090128957,0.005829940509106543,3.54751879979301,base,adaptive disabled,1.15,1.5,74.2,55,80,90,80,OPEN,bullish,neutral,FVG,2.097,6,0.775,2.908,0.1746,10.0,1.472,BOS bullish | Vol 3.1x | FVG | ChoCH | Session:OPEN | Zone:FVG | MTF 13 | Risk x1.15,BOS+2 | BodyStrong+1 | 1h+2 | 4hN+1 | Vol+2 | BTC+2 | FVG+1 | ChoCH+1 | Zone:FVG+1 | Sess:OPEN | QualityRisk:1.15,0,0.525,bull
SAMSUNGUSDT,265,268,1781791200,1781794800,LONG,TRAIL,237.675,241.240125,248.370375,234.109875,2.0401593763473214,1.8401593763473227,0.1999999999999987,14,6.25,67.89,0.3125671321160029,0.008704122203094996,1.6369320380035535,base,adaptive disabled,1.15,1.5,75.2,65,97,70,80,OPEN,bullish,neutral,FVG,1.605,3,1.397,3.439,0.0178,0.0,4.966,BOS bullish | Vol 6.2x | FVG | ChoCH | Session:OPEN | StrongTrend1h | Zone:FVG | MTF 14 | Risk x1.15,BOS+2 | 1h+2 | 4hN+1 | Vol+2 | RSI+1 | BTC+2 | FVG+1 | ChoCH+1 | Zone:FVG+1 | Sess:OPEN | Strong1h+1 | RelStrengthRisk:1.15,0,0.6,bear
SKHYNIXUSDT,265,267,1781791200,1781793900,LONG,TRAIL,1784.17,1810.93255,1864.45765,1757.40745,1.9369194424566611,1.7369194424566623,0.1999999999999989,16,3.57,62.03,0.3704491725768346,0.013226336498994759,1.9797773376435872,base,adaptive disabled,1.15,1.5,73.8,65,90,70,80,OPEN,bullish,neutral,FVG,0.627,7,0.536,13.088,0.1419,2.147,1.575,BOS bullish | Vol 3.6x | FVG | ChoCH | Engulfing | BullWick | Session:OPEN | StrongTrend1h | Zone:FVG | MTF 16 | Risk x1.15,BOS+2 | 1h+2 | 4hN+1 | Vol+2 | RSI+1 | BTC+2 | FVG+1 | ChoCH+1 | Engulfing+1 | BullWick+1 | Zone:FVG+1 | Sess:OPEN | Strong1h+1 | RelStrengthRisk:1.15,0,0.7,bull
XAUUSDT,271,302,1781796600,1781825400,SHORT,TRAIL,4245.7,4204.44860379,4121.94581136,4286.95139621,1.1723710854589184,0.9665259315937623,0.2058451538651561,13,1.66,33.32,0.25914149443561113,0.002774664857858423,1.4168958223552974,base,adaptive disabled,1.15,1.0,68.0,65,91,50,80,MIDDAY,bearish,neutral,FVG,0.571,1,8.107,0.899,-0.1579,7.359,1.728,BOS bearish | Vol 1.7x | FVG | ChoCH | StrongTrend1h | Zone:FVG | MTF 13 | Risk x1.15,BOS+2 | 1h+2 | 4hN+1 | Vol+1 | RSI+1 | BTC+2 | FVG+1 | ChoCH+1 | Zone:FVG+1 | Sess:MIDDAY | Strong1h+1 | QualityRisk:1.15,0,0.5,range
MSTRUSDT,272,278,1781797500,1781803800,SHORT,TRAIL,111.44,109.7684,106.4252,113.1116,2.1084749531898233,1.9751416198564897,0.1333333333333335,15,2.05,28.59,0.4642004773269693,0.013877399884760853,2.469756652220312,base,adaptive disabled,1.0,1.0,73.8,65,90,70,80,MIDDAY,bearish,neutral,FVG,5.025,9,7.435,-1.0,-0.4825,9.806,3.142,BOS bearish | Vol 2.0x | FVG | ChoCH | Engulfing | BearWick | StrongTrend1h | Zone:FVG | MTF 15,BOS+2 | 1h+2 | 4hN+1 | Vol+2 | BTC+2 | FVG+1 | ChoCH+1 | Engulfing+1 | BearWick+1 | Zone:FVG+1 | Sess:MIDDAY | Strong1h+1,0,0.55,bear
SKHYNIXUSDT,311,317,1781832600,1781838900,LONG,SL,1876.245,1904.388675,1960.676025,1848.101325,-1.7316501842776482,-1.8649835176109824,0.13333333333333428,13,1.7,69.44,0.29721274175199247,0.009328067532923605,1.2441326705538849,base,adaptive disabled,1.15,1.0,77.5,90,95,50,80,OFF,bullish,bullish,FVG,0.944,1,-1.0,16.884,0.1302,0.0,2.028,BOS bullish | Vol 1.7x | FVG | ChoCH | BullWick | StrongTrend1h | Zone:FVG | MTF 13 | Risk x1.15,BOS+2 | 1h+2 | 4h+2 | Vol+1 | BTCok+1 | FVG+1 | ChoCH+1 | BullWick+1 | Zone:FVG+1 | Sess:OFF | Strong1h+1 | TrendPairRisk:1.15,0,0.675,range
XAUUSDT,313,315,1781834400,1781837100,SHORT,TRAIL,4206.55,4186.67563927,4146.92691782,4226.42436073,1.8425517607260793,1.2075803937753582,0.6349713669507212,14,1.31,29.72,0.4440052700922317,0.001241811013691574,0.7968475491037909,base,adaptive disabled,1.15,1.5,82.5,90,90,70,80,OFF,bearish,bearish,FVG,4.38,9,14.149,-1.0,-0.3701,0.755,1.357,BOS bearish | Vol 1.3x | FVG | Engulfing | StrongTrend1h | Zone:FVG | MTF 14 | Risk x1.15,BOS+2 | BodyStrong+1 | 1h+2 | 4h+2 | Vol+1 | BTC+2 | FVG+1 | Engulfing+1 | Zone:FVG+1 | Sess:OFF | Strong1h+1 | QualityRisk:1.15,0,0.5,range
INTCUSDT,314,317,1781835300,1781838900,LONG,SL,136.895,138.948425,143.055275,134.841575,-1.3319210587189734,-1.4652543920523065,0.13333333333333308,14,2.71,70.09,0.43741935483871,0.009702104233961504,1.3415909700022577,base,adaptive disabled,1.25,1.0,90.5,90,100,90,80,OFF,bullish,bullish,FVG,1.935,3,-1.0,10.245,0.1581,7.071,1.759,BOS bullish | Vol 2.7x | FVG | ChoCH | StrongTrend1h | Zone:FVG | MTF 14 | Risk x1.25,BOS+2 | BodyStrong+1 | 1h+2 | 4h+2 | Vol+2 | BTCok+1 | FVG+1 | ChoCH+1 | Zone:FVG+1 | Sess:OFF | Strong1h+1 | QualityRisk:1.15 | TrendPairRisk:1.25,0,0.525,range
SPYUSDT,320,647,1781840700,1782135900,SHORT,SL,746.975,739.56,738.0113,749.9629,-1.8148197730847995,-2.5648197730848077,0.7500000000000082,13,3.11,30.19,0.44465290806753965,0.000652987925085243,0.888918398672598,base,adaptive disabled,1.15,1.5,80.0,60,100,90,80,OFF,neutral,bearish,FVG,2.415,8,5.257,0.278,-0.0668,1.821,4.407,BOS bearish | Vol 3.1x | FVG | ChoCH | Zone:FVG | MTF 13 | Risk x1.15,BOS+2 | BodyStrong+1 | 1hN+1 | 4h+2 | Vol+2 | BTC+2 | FVG+1 | ChoCH+1 | Zone:FVG+1 | Sess:OFF | QualityRisk:1.15,0,0.45,range
MSFTUSDT,323,333,1781843400,1781853300,SHORT,SL,378.735,375.51,374.04,381.44936239,-1.2691746734672524,-1.5482346850525186,0.2790600115852661,15,1.4,37.33,0.26239419588875523,0.005532897233819352,3.4919958741719768,base,adaptive disabled,1.0,1.0,78.7,90,71,70,80,OFF,bearish,bearish,FVG,1.769,9,3.817,3.928,-0.3456,2.014,0.668,BOS bearish | Vol 1.4x | FVG | BearWick | StrongTrend1h | Zone:FVG | MTF 15,BOS+2 | BodyStrong+1 | 1h+2 | 4h+2 | Vol+1 | RSI+1 | BTC+2 | FVG+1 | BearWick+1 | Zone:FVG+1 | Sess:OFF | Strong1h+1,0,0.75,range
GOOGLUSDT,324,344,1781844300,1781863200,SHORT,SL,367.045,363.17,362.67,368.51318,-1.0387009767194877,-1.5387009767195008,0.5000000000000132,13,1.32,33.21,0.2868525896414511,0.002187380178406835,1.434491733071653,base,adaptive disabled,1.15,1.0,72.8,60,94,70,80,OFF,neutral,bearish,FVG,1.852,2,4.328,2.155,-0.015,0.0,0.884,BOS bearish | Vol 1.3x | FVG | ChoCH | Zone:FVG | MTF 13 | Risk x1.15,BOS+2 | BodyStrong+1 | 1hN+1 | 4h+2 | Vol+1 | RSI+1 | BTC+2 | FVG+1 | ChoCH+1 | Zone:FVG+1 | Sess:OFF | QualityRisk:1.15,0,0.475,range
INTCUSDT,402,409,1781914500,1781921700,LONG,TP2,133.555,135.1,136.6793804,132.51353987,3.0000000096018566,2.743523556681863,0.25647645291999344,17,1.53,60.36,0.22417153996101372,0.005091869025941646,1.6250336291374945,base,adaptive disabled,1.25,1.0,81.7,90,86,70,80,OFF,bullish,bullish,FVG,1.568,6,2.583,4.46,0.0072,0.0,1.097,BOS bullish | Vol 1.5x | FVG | ChoCH | Engulfing | StrongTrend1h | Zone:FVG | MTF 17 | Risk x1.25,BOS+2 | BodyStrong+1 | 1h+2 | 4h+2 | Vol+1 | RSI+1 | BTCok+1 | FVG+1 | ChoCH+1 | Engulfing+1 | Zone:FVG+1 | Sess:OFF | Strong1h+1 | NestedOB_1h+2 | QualityRisk:1.15 | TrendPairRisk:1.25,0,0.5,bull
EWYUSDT,403,412,1781915400,1781924400,LONG,TRAIL,215.25,217.57,218.18,213.66005994,1.394771069362281,1.1240061450543803,0.27076492430790067,13,4.1,61.88,0.37785016286644574,0.004506637594722951,1.7956447127426947,base,adaptive disabled,1.0,1.0,80.0,60,100,90,80,OFF,neutral,bullish,FVG,0.097,2,0.161,3.775,0.1545,7.593,2.287,BOS bullish | Vol 4.1x | FVG | ChoCH | Zone:FVG | MTF 13,BOS+2 | BodyStrong+1 | 1hN+1 | 4h+2 | Vol+2 | RSI+1 | BTCok+1 | FVG+1 | ChoCH+1 | Zone:FVG+1 | Sess:OFF,0,0.4,range
MRVLUSDT,403,428,1781915400,1781938800,LONG,TRAIL,311.185,315.852775,325.188325,306.517225,0.9813973628174094,0.8480640294840762,0.13333333333333316,15,1.67,62.92,0.23580034423408217,0.0040911281900674135,1.1081621140925508,base,adaptive disabled,1.25,1.0,82.1,90,88,70,80,OFF,bullish,bullish,FVG,0.79,5,2.885,3.392,0.2484,0.0,1.987,BOS bullish | Vol 1.7x | FVG | ChoCH | Engulfing | StrongTrend1h | Zone:FVG | MTF 15 | Risk x1.25,BOS+2 | BodyStrong+1 | 1h+2 | 4h+2 | Vol+1 | RSI+1 | BTCok+1 | FVG+1 | ChoCH+1 | Engulfing+1 | Zone:FVG+1 | Sess:OFF | Strong1h+1 | QualityRisk:1.15 | TrendPairRisk:1.25,0,0.5,bear
SKHYNIXUSDT,410,417,1781921700,1781928900,LONG,TRAIL,1834.77,1858.1,1872.5,1812.27271638,1.4806635866770277,1.3175532280229811,0.16311035865404652,15,2.18,65.17,0.3813619061046092,0.00346556361371509,0.9840635221443531,base,adaptive disabled,1.25,1.0,84.5,90,100,70,80,OFF,bullish,bullish,FVG,0.278,1,0.223,4.336,0.0013,1.358,1.822,BOS bullish | Vol 2.2x | FVG | ChoCH | StrongTrend1h | Zone:FVG | MTF 15 | Risk x1.25,BOS+2 | 1h+2 | 4h+2 | Vol+2 | RSI+1 | BTC+2 | FVG+1 | ChoCH+1 | Zone:FVG+1 | Sess:OFF | Strong1h+1 | QualityRisk:1.15 | TrendPairRisk:1.25,0,0.7,range
SNDKUSDT,621,638,1782111600,1782127800,LONG,TRAIL,2250.965,2281.73580004,2343.27740012,2220.19419996,1.1316822426841324,0.9853769794427558,0.1463052632413766,16,1.8,64.09,0.16809838140880498,0.0028586336642291658,0.7388912372109903,base,adaptive disabled,1.15,1.0,78.5,90,70,70,80,OFF,bullish,bullish,FVG,0.729,1,0.595,4.837,0.029,0.0,2.407,BOS bullish | Vol 1.8x | FVG | ChoCH | Engulfing | StrongTrend1h | Zone:FVG | MTF 16 | Risk x1.15,BOS+2 | BodyStrong+1 | 1h+2 | 4h+2 | Vol+1 | RSI+1 | BTC+2 | FVG+1 | ChoCH+1 | Engulfing+1 | Zone:FVG+1 | Sess:OFF | Strong1h+1 | TrendPairRisk:1.15,0,0.575,bear
SOXLUSDT,625,634,1782115200,1782124200,LONG,TRAIL,282.465,286.701975,295.175925,278.228025,1.7318551472275634,1.5985218138942292,0.1333333333333342,15,3.91,58.96,0.3195435092724696,0.009714946776872723,1.2630326196738966,base,adaptive disabled,1.25,1.0,90.1,90,98,90,80,OFF,bullish,bullish,FVG,2.37,8,0.165,0.606,0.1129,1.409,1.913,BOS bullish | Vol 3.9x | FVG | ChoCH | StrongTrend1h | Zone:FVG | MTF 15 | Risk x1.25,BOS+2 | BodyStrong+1 | 1h+2 | 4h+2 | Vol+2 | RSI+1 | BTCok+1 | FVG+1 | ChoCH+1 | Zone:FVG+1 | Sess:OFF | Strong1h+1 | QualityRisk:1.15 | TrendPairRisk:1.25,0,0.475,bear
GOOGLUSDT,635,643,1782124200,1782132300,SHORT,TRAIL,363.195,361.15748406,357.08245219,365.23251594,1.4643808688860847,1.1078732285090465,0.3565076403770382,17,1.5,37.04,0.2672897196261712,0.0019312058402819155,1.4018623194610285,base,adaptive disabled,1.15,1.0,76.9,90,92,50,80,OFF,bearish,bearish,FVG,0.336,1,4.991,1.363,-0.1859,7.412,1.807,BOS bearish | Vol 1.5x | FVG | MACD_Div | ChoCH | Engulfing | StrongTrend1h | Zone:FVG | MTF 17 | Risk x1.15,BOS+2 | 1h+2 | 4h+2 | Vol+1 | RSI+1 | BTCok+1 | FVG+1 | MACD_Div+1 | ChoCH+1 | Engulfing+1 | Zone:FVG+1 | Sess:OFF | Strong1h+1 | NestedOB_1h+2 | QualityRisk:1.15,0,0.55,bull
SPCXUSDT,635,638,1782124200,1782127800,SHORT,TRAIL,177.22,174.5617,169.2451,179.8783,0.9257167771146039,0.7923834437812703,0.1333333333333335,14,1.89,36.41,0.2047159699892825,0.007158616965197928,1.5091898551995377,base,adaptive disabled,1.0,1.0,81.3,90,84,70,80,OFF,bearish,bearish,FVG,0.417,1,3.986,0.167,-0.1799,0.0,1.628,BOS bearish | Vol 1.9x | FVG | ChoCH | StrongTrend1h | Zone:FVG | MTF 14,BOS+2 | BodyStrong+1 | 1h+2 | 4h+2 | Vol+1 | RSI+1 | BTCok+1 | FVG+1 | ChoCH+1 | Zone:FVG+1 | Sess:OFF | Strong1h+1,0,0.55,bull
MUUSDT,636,640,1782125100,1782129600,LONG,TRAIL,1174.71,1192.1834725,1227.1304175,1157.2365275,1.1960754595299308,0.9943908773726071,0.20168458215732366,15,2.63,69.53,0.50648769574944,0.0041852751264041125,0.9196470866904577,base,adaptive disabled,1.25,1.5,90.5,90,100,90,80,OFF,bullish,bullish,FVG,1.783,3,-1.0,8.964,0.2217,1.819,1.894,BOS bullish | Vol 2.6x | FVG | ChoCH | StrongTrend1h | Zone:FVG | MTF 15 | Risk x1.25,BOS+2 | BodyStrong+1 | 1h+2 | 4h+2 | Vol+2 | BTC+2 | FVG+1 | ChoCH+1 | Zone:FVG+1 | Sess:OFF | Strong1h+1 | QualityRisk:1.15 | TrendPairRisk:1.25,0,0.625,bull
SNDKUSDT,636,646,1782125100,1782135000,LONG,TRAIL,2262.0,2290.46537505,2347.39612515,2233.53462495,0.0,-0.15892992774742928,0.15892992774742928,15,2.04,62.99,0.4314381270903043,0.002695848237540396,0.6898870814399098,base,adaptive disabled,1.25,1.0,85.5,90,90,80,80,OFF,bullish,bullish,OB,0.513,3,-1.0,6.981,0.1804,0.526,2.045,BOS bullish | Vol 2.0x | FVG | OB | StrongTrend1h | Zone:OB | MTF 15 | Risk x1.25,BOS+2 | 1h+2 | 4h+2 | Vol+2 | RSI+1 | BTC+2 | FVG+1 | OB+1 | Zone:OB+1 | Sess:OFF | Strong1h+1 | QualityRisk:1.15 | TrendPairRisk:1.25,0,0.475,range
SOXLUSDT,637,640,1782126000,1782129600,LONG,TRAIL,286.675,290.975125,299.575375,282.374875,1.2579041551086645,1.1245708217753323,0.1333333333333322,15,3.12,67.44,0.417769376181475,0.009150897899938008,1.1889722975627683,base,adaptive disabled,1.25,1.0,84.5,90,100,70,80,OFF,bullish,bullish,FVG,0.746,4,0.353,2.818,0.0437,1.042,1.368,BOS bullish | Vol 3.1x | FVG | ChoCH | StrongTrend1h | Zone:FVG | MTF 15 | Risk x1.25,BOS+2 | 1h+2 | 4h+2 | Vol+2 | RSI+1 | BTC+2 | FVG+1 | ChoCH+1 | Zone:FVG+1 | Sess:OFF | Strong1h+1 | QualityRisk:1.15 | TrendPairRisk:1.25,0,0.55,bull
SKHYNIXUSDT,638,648,1782126900,1782136800,LONG,TRAIL,1939.21,1968.29815,2026.47445,1910.12185,0.7499158055848221,0.616582472251489,0.13333333333333314,16,2.08,64.24,0.39231369488880163,0.009186785444337152,1.084641422257316,base,adaptive disabled,1.25,1.0,90.5,90,100,90,80,OFF,bullish,bullish,FVG,2.126,8,0.702,4.102,0.1604,3.185,1.348,BOS bullish | Vol 2.1x | FVG | ChoCH | StrongTrend1h | Zone:FVG | MTF 16 | Risk x1.25,BOS+2 | BodyStrong+1 | 1h+2 | 4h+2 | Vol+2 | RSI+1 | BTC+2 | FVG+1 | ChoCH+1 | Zone:FVG+1 | Sess:OFF | Strong1h+1 | QualityRisk:1.15 | TrendPairRisk:1.25,0,0.6,range
DRAMUSDT,649,676,1782136800,1782162000,LONG,TRAIL,80.37,81.57555,83.98665,79.16445,2.065223824051187,1.8652238240511871,0.19999999999999962,15,2.56,62.25,0.2885906040268499,0.014558527679734446,3.5859473491190568,base,adaptive disabled,1.25,1.5,85.3,90,74,90,80,OPEN,bullish,bullish,FVG,0.727,4,0.413,2.417,-0.1308,1.048,1.496,BOS bullish | Vol 2.6x | FVG | ChoCH | Session:OPEN | StrongTrend1h | Zone:FVG | MTF 15 | Risk x1.25,BOS+2 | BodyStrong+1 | 1h+2 | 4h+2 | Vol+2 | RSI+1 | BTCok+1 | FVG+1 | ChoCH+1 | Zone:FVG+1 | Sess:OPEN | Strong1h+1 | TrendPairRisk:1.15 | RelStrengthRisk:1.25,0,0.675,bull
MUUSDT,649,673,1782136800,1782159300,LONG,TRAIL,1192.965,1210.859475,1246.648425,1175.070525,1.683804849647568,1.5504715163142333,0.1333333333333346,14,1.58,57.69,0.19865974924340707,0.017601851612773577,3.8510173496038247,base,adaptive disabled,1.25,1.0,77.1,90,63,70,80,OPEN,bullish,bullish,FVG,0.217,4,-1.0,5.649,-0.1895,0.182,0.989,BOS bullish | Vol 1.6x | FVG | LiqSweep | Session:OPEN | StrongTrend1h | Zone:FVG | MTF 14 | Risk x1.25,BOS+2 | BodyStrong+1 | 1h+2 | 4h+2 | Vol+1 | RSI+1 | BTCok+1 | FVG+1 | LiqSweep+1 | Zone:FVG+1 | Sess:OPEN | Strong1h+1 | QualityRisk:1.15 | TrendPairRisk:1.25,0,0.475,bull
BZUSDT,651,654,1782138600,1782142200,SHORT,TRAIL,78.24,77.22024097,75.18072292,79.25975903,1.140278835283519,0.986830819236042,0.15344801604747693,16,1.31,39.57,0.3536121673003834,0.005317121891637923,1.4988586818125404,base,adaptive disabled,1.25,1.0,87.5,90,100,80,80,OPEN,bearish,bearish,OB,0.556,5,4.84,0.862,-0.1523,1.583,1.069,BOS bearish | Vol 1.3x | FVG | OB | ChoCH | Session:OPEN | StrongTrend1h | Zone:OB | MTF 16 | Risk x1.25,BOS+2 | BodyStrong+1 | 1h+2 | 4h+2 | Vol+1 | RSI+1 | BTC+2 | FVG+1 | OB+1 | ChoCH+1 | Zone:OB+1 | Sess:OPEN | Strong1h+1 | QualityRisk:1.15 | RelStrengthRisk:1.25,0,0.65,bear
METAUSDT,651,653,1782138600,1782141300,SHORT,TRAIL,570.975,564.27991458,550.88974373,577.67008542,1.3317524757018309,1.1611870641555193,0.17056541154631155,15,1.57,28.94,0.39571353894406963,0.00650966993574963,4.417691771457494,base,adaptive disabled,1.15,1.0,74.5,90,80,50,80,OPEN,bearish,bearish,FVG,2.175,1,4.541,0.469,0.278,5.256,1.363,BOS bearish | Vol 1.6x | FVG | LiqSweep | ChoCH | Engulfing | Session:OPEN | StrongTrend1h | Zone:FVG | MTF 15 | Risk x1.15,BOS+2 | 1h+2 | 4h+2 | Vol+1 | BTC+2 | FVG+1 | LiqSweep+1 | ChoCH+1 | Engulfing+1 | Zone:FVG+1 | Sess:OPEN | Strong1h+1 | QualityRisk:1.15,0,0.55,bear
CLUSDT,654,716,1782141300,1782198000,SHORT,TRAIL,73.92,72.8112,70.5936,75.0288,1.0209019711583123,0.8875686378249792,0.13333333333333305,16,2.2,33.33,0.47999999999999593,0.006593742524721568,1.5548869091129294,base,adaptive disabled,1.15,1.0,90.5,90,100,90,80,MIDDAY,bearish,bearish,FVG,0.374,1,6.182,2.193,-0.1016,1.1,2.322,BOS bearish | Vol 2.2x | FVG | ChoCH | StrongTrend1h | Zone:FVG | MTF 16 | Risk x1.15,BOS+2 | BodyStrong+1 | 1h+2 | 4h+2 | Vol+2 | RSI+1 | BTC+2 | FVG+1 | ChoCH+1 | Zone:FVG+1 | Sess:MIDDAY | Strong1h+1 | QualityRisk:1.15,0,0.575,bear
CBRSUSDT,691,696,1782174600,1782180000,SHORT,TRAIL,224.3,220.9355,214.2065,227.6645,1.9307215971782261,1.7973882638448924,0.13333333333333364,14,1.46,36.48,0.31794871794871643,0.012306901164511129,1.5820687756460952,base,adaptive disabled,1.0,1.0,84.1,90,98,70,80,OFF,bearish,bearish,FVG,1.22,2,4.841,7.387,-0.2608,1.394,0.88,BOS bearish | Vol 1.5x | FVG | ChoCH | StrongTrend1h | Zone:FVG | MTF 14,BOS+2 | BodyStrong+1 | 1h+2 | 4h+2 | Vol+1 | RSI+1 | BTCok+1 | FVG+1 | ChoCH+1 | Zone:FVG+1 | Sess:OFF | Strong1h+1,0,0.475,range
GOOGLUSDT,696,716,1782179100,1782198000,SHORT,TRAIL,346.635,342.5,336.17989097,350.12003634,1.4254653500348886,1.226537725653217,0.1989276243816716,15,4.34,34.64,0.22002635046112676,0.0017602721907365052,0.5603156323836035,base,adaptive disabled,1.15,1.0,79.7,90,76,70,80,OFF,bearish,bearish,FVG,1.674,9,5.093,4.337,-0.0413,10.0,7.778,BOS bearish | Vol 4.3x | FVG | ChoCH | StrongTrend1h | Zone:FVG | MTF 15 | Risk x1.15,BOS+2 | 1h+2 | 4h+2 | Vol+2 | RSI+1 | BTC+2 | FVG+1 | ChoCH+1 | Zone:FVG+1 | Sess:OFF | Strong1h+1 | QualityRisk:1.15,0,0.775,range
XAGUSDT,696,701,1782179100,1782184500,SHORT,TRAIL,64.345,63.379825,61.449475,65.310175,1.1701909464396067,1.0368576131062737,0.13333333333333303,16,3.06,29.47,0.370370370370368,0.007777388772884391,2.4209900194486247,base,adaptive disabled,1.15,1.0,82.5,90,90,70,80,OFF,bearish,bearish,FVG,2.625,7,3.273,0.252,-0.0708,10.0,2.749,BOS bearish | Vol 3.1x | FVG | ChoCH | StrongTrend1h | Zone:FVG | MTF 16 | Risk x1.15,BOS+2 | 1h+2 | 4h+2 | Vol+2 | BTC+2 | FVG+1 | ChoCH+1 | Zone:FVG+1 | Sess:OFF | Strong1h+1 | NestedOB_1h+2 | QualityRisk:1.15,0,0.5,bear
MRVLUSDT,697,701,1782180000,1782184500,SHORT,TRAIL,297.995,293.525075,284.585225,302.464925,1.5550901478932933,1.4217568145599595,0.13333333333333366,14,4.47,30.28,0.4791288566243166,0.010038953431234093,1.4252485998151172,base,adaptive disabled,1.15,1.0,84.5,90,100,70,80,OFF,bearish,bearish,FVG,0.693,1,6.082,0.748,-0.0564,2.171,2.507,BOS bearish | Vol 4.5x | FVG | ChoCH | StrongTrend1h | Zone:FVG | MTF 14 | Risk x1.15,BOS+2 | 1h+2 | 4h+2 | Vol+2 | BTC+2 | FVG+1 | ChoCH+1 | Zone:FVG+1 | Sess:OFF | Strong1h+1 | QualityRisk:1.15,0,0.425,bear
XAUUSDT,697,703,1782180000,1782186300,SHORT,TRAIL,4173.0,4138.78381407,4070.35144222,4207.21618593,1.4392904266193414,1.073410955844562,0.3658794707747795,15,1.57,31.51,0.3517786561264833,0.004132963347709039,3.1481157543441203,base,adaptive disabled,1.15,1.5,77.0,80,80,70,80,OFF,bearish,bearish,FVG,2.716,2,0.866,0.178,-0.2528,0.0,0.981,BOS bearish | Vol 1.6x | FVG | ChoCH | Zone:FVG | MTF 15 | Risk x1.15,BOS+2 | BodyStrong+1 | 1h+2 | 4h+2 | Vol+1 | BTC+2 | FVG+1 | ChoCH+1 | Zone:FVG+1 | Sess:OFF | NestedOB_1h+2 | QualityRisk:1.15,0,0.6,range
AMZNUSDT,702,711,1782184500,1782193500,SHORT,TRAIL,233.12,231.62928808,228.64786423,234.61071192,1.7210282216347,1.2518832509551856,0.4691449706795141,14,25.3,31.51,0.39667458432304203,0.002994304575324531,1.3780259350484183,base,adaptive disabled,1.0,1.5,84.5,90,100,70,80,OFF,bearish,bearish,FVG,1.516,1,5.858,-1.0,0.0644,2.711,11.94,BOS bearish | Vol 25.3x | FVG | ChoCH | StrongTrend1h | Zone:FVG | MTF 14,BOS+2 | 1h+2 | 4h+2 | Vol+2 | BTC+2 | FVG+1 | ChoCH+1 | Zone:FVG+1 | Sess:OFF | Strong1h+1,0,0.525,range
BZUSDT,702,713,1782184500,1782195300,SHORT,TRAIL,77.59,76.94396666,75.65189999,78.23603334,1.4794262268183493,1.2392219054748108,0.24020432134353845,16,1.64,36.1,0.27102803738318515,0.00348326256820802,1.3569049334471563,base,adaptive disabled,1.15,1.0,82.9,90,92,70,80,OFF,bearish,bearish,FVG,1.462,6,3.678,1.32,-0.145,0.0,1.515,BOS bearish | Vol 1.6x | FVG | ChoCH | Engulfing | StrongTrend1h | Zone:FVG | MTF 16 | Risk x1.15,BOS+2 | BodyStrong+1 | 1h+2 | 4h+2 | Vol+1 | RSI+1 | BTC+2 | FVG+1 | ChoCH+1 | Engulfing+1 | Zone:FVG+1 | Sess:OFF | Strong1h+1 | QualityRisk:1.15,0,0.55,bear
AAPLUSDT,703,721,1782185400,1782202500,LONG,SL,299.73,304.19155629,313.11466886,295.26844371,-1.5028388221904494,-1.7043806030294384,0.20154178083898916,13,1.64,70.98,0.5103448275862073,0.0033898342117307085,1.8813579875110995,base,adaptive disabled,1.15,1.5,82.5,90,90,70,80,OFF,bullish,bullish,FVG,1.305,1,0.323,6.379,0.3335,1.312,1.108,BOS bullish | Vol 1.6x | FVG | ChoCH | StrongTrend1h | Zone:FVG | MTF 13 | Risk x1.15,BOS+2 | BodyStrong+1 | 1h+2 | 4h+2 | Vol+1 | BTCok+1 | FVG+1 | ChoCH+1 | Zone:FVG+1 | Sess:OFF | Strong1h+1 | TrendPairRisk:1.15,0,0.575,range
SAMSUNGUSDT,704,707,1782186300,1782189900,SHORT,TRAIL,221.86,218.2,211.8763,225.1879,1.7281898573601626,1.5948565240268293,0.13333333333333336,17,1.39,37.97,0.4233059257159056,0.016178491739313742,2.9769688745017033,base,adaptive disabled,1.15,1.0,85.5,90,90,80,80,OFF,bearish,bearish,OB,0.817,3,3.574,1.498,0.0739,0.263,0.792,BOS bearish | Vol 1.4x | FVG | OB | ChoCH | Engulfing | StrongTrend1h | Zone:OB | MTF 17 | Risk x1.15,BOS+2 | BodyStrong+1 | 1h+2 | 4h+2 | Vol+1 | RSI+1 | BTC+2 | FVG+1 | OB+1 | ChoCH+1 | Engulfing+1 | Zone:OB+1 | Sess:OFF | Strong1h+1 | QualityRisk:1.15,0,0.4,bear
MSTRUSDT,709,712,1782190800,1782194400,SHORT,TRAIL,108.555,106.926675,103.670025,110.183325,1.0761006551300552,0.942767321796721,0.1333333333333342,16,1.67,36.65,0.22817764165390542,0.005575341583163257,0.9416323061541763,base,adaptive disabled,1.15,1.0,75.9,90,87,50,80,OFF,bearish,bearish,FVG,0.784,1,5.675,0.376,-0.1185,0.0,1.974,BOS bearish | Vol 1.7x | FVG | ChoCH | Engulfing | BearWick | StrongTrend1h | Zone:FVG | MTF 16 | Risk x1.15,BOS+2 | 1h+2 | 4h+2 | Vol+1 | RSI+1 | BTC+2 | FVG+1 | ChoCH+1 | Engulfing+1 | BearWick+1 | Zone:FVG+1 | Sess:OFF | Strong1h+1 | QualityRisk:1.15,0,0.575,bear
CBRSUSDT,712,742,1782193500,1782221400,SHORT,TRAIL,215.985,212.745225,206.265675,219.224775,1.0708671266213194,0.9375337932879853,0.13333333333333414,14,1.55,31.63,0.36132075471698066,0.008425275120915668,1.1745138046577956,base,adaptive disabled,1.15,1.0,78.5,90,100,50,80,OFF,bearish,bearish,FVG,0.028,1,3.839,2.784,0.0035,0.769,1.988,BOS bearish | Vol 1.6x | FVG | ChoCH | BearWick | StrongTrend1h | Zone:FVG | MTF 14 | Risk x1.15,BOS+2 | 1h+2 | 4h+2 | Vol+1 | BTC+2 | FVG+1 | ChoCH+1 | BearWick+1 | Zone:FVG+1 | Sess:OFF | Strong1h+1 | QualityRisk:1.15,0,0.575,bear
CLUSDT,713,797,1782194400,1782270900,SHORT,TRAIL,73.425,72.323625,70.120875,74.526375,1.6216038620548692,1.4216038620548699,0.1999999999999992,14,2.78,29.7,0.35344827586206706,0.00418066419808873,1.545173487615663,base,adaptive disabled,1.15,1.5,84.5,90,100,70,80,OFF,bearish,bearish,FVG,1.937,2,5.764,1.752,-0.1299,1.485,1.83,BOS bearish | Vol 2.8x | FVG | ChoCH | StrongTrend1h | Zone:FVG | MTF 14 | Risk x1.15,BOS+2 | 1h+2 | 4h+2 | Vol+2 | BTC+2 | FVG+1 | ChoCH+1 | Zone:FVG+1 | Sess:OFF | Strong1h+1 | QualityRisk:1.15,0,0.625,bear
METAUSDT,714,742,1782195300,1782221400,SHORT,SL,562.295,556.61028754,545.24086262,567.97971246,-1.3026164563475684,-1.5004435246316865,0.19782706828411814,15,1.87,36.53,0.2421383647798704,0.003000082471248147,2.040923574175627,base,adaptive disabled,1.15,1.0,80.3,90,79,70,80,OFF,bearish,bearish,FVG,1.784,6,14.508,0.623,-0.1991,0.0,0.965,BOS bearish | Vol 1.9x | FVG | BearWick | StrongTrend1h | Zone:FVG | MTF 15 | Risk x1.15,BOS+2 | BodyStrong+1 | 1h+2 | 4h+2 | Vol+1 | RSI+1 | BTC+2 | FVG+1 | BearWick+1 | Zone:FVG+1 | Sess:OFF | Strong1h+1 | QualityRisk:1.15,0,0.675,bull
AMZNUSDT,718,721,1782198900,1782202500,SHORT,TRAIL,231.995,230.0237664,226.08129921,233.9662336,1.7373516686597326,1.384280880905304,0.3530707877544286,17,2.03,29.55,0.49354838709678,0.0034669927982929317,1.8249777318476745,base,adaptive disabled,1.15,1.5,91.5,90,90,100,80,OFF,bearish,bearish,OB,1.435,3,8.237,-1.0,-0.1161,0.866,1.335,BOS bearish | Vol 2.0x | FVG | OB | ChoCH | BearWick | StrongTrend1h | Zone:OB | MTF 17 | Risk x1.15,BOS+2 | BodyStrong+1 | 1h+2 | 4h+2 | Vol+2 | BTC+2 | FVG+1 | OB+1 | ChoCH+1 | BearWick+1 | Zone:OB+1 | Sess:OFF | Strong1h+1 | QualityRisk:1.15,0,0.575,bear
XAGUSDT,720,765,1782200700,1782242100,SHORT,TRAIL,62.43,61.49355,59.62065,63.36645,0.9105988208643724,0.7772654875310392,0.13333333333333325,15,1.98,28.79,0.3760000000000005,0.006160441006526251,1.4298823607669835,base,adaptive disabled,1.15,1.0,84.5,90,100,70,80,OFF,bearish,bearish,FVG,2.283,8,8.529,-1.0,-0.1434,1.518,2.001,BOS bearish | Vol 2.0x | FVG | ChoCH | BearWick | StrongTrend1h | Zone:FVG | MTF 15 | Risk x1.15,BOS+2 | BodyStrong+1 | 1h+2 | 4h+2 | Vol+1 | BTC+2 | FVG+1 | ChoCH+1 | BearWick+1 | Zone:FVG+1 | Sess:OFF | Strong1h+1 | QualityRisk:1.15,0,0.625,range
XAUUSDT,722,784,1782202500,1782259200,SHORT,TRAIL,4123.9,4090.4795932,4023.63877961,4157.3204068,0.9780606179859059,0.7312712820763256,0.24678933590958033,15,1.55,28.04,0.4163424124513577,0.0022346686862426478,1.1743470442190542,base,adaptive disabled,1.15,1.0,87.5,90,100,80,80,OFF,bearish,bearish,OB,1.222,3,5.986,-1.0,-0.2293,1.253,2.204,BOS bearish | Vol 1.6x | FVG | OB | ChoCH | StrongTrend1h | Zone:OB | MTF 15 | Risk x1.15,BOS+2 | BodyStrong+1 | 1h+2 | 4h+2 | Vol+1 | BTC+2 | FVG+1 | OB+1 | ChoCH+1 | Zone:OB+1 | Sess:OFF | Strong1h+1 | QualityRisk:1.15,0,0.55,range
TSLAUSDT,744,750,1782222300,1782228600,SHORT,TRAIL,391.285,385.415725,373.677175,397.154275,1.86623175927078,1.6662317592707785,0.2000000000000014,15,3.94,34.04,0.1666666666666681,0.008719103435412079,3.483369013482351,base,adaptive disabled,1.15,1.5,82.5,90,60,90,80,OPEN,bearish,bearish,FVG,1.131,1,7.587,2.818,-0.3063,0.0,2.299,BOS bearish | Vol 3.9x | FVG | ChoCH | Session:OPEN | StrongTrend1h | Zone:FVG | MTF 15 | Risk x1.15,BOS+2 | BodyStrong+1 | 1h+2 | 4h+2 | Vol+2 | RSI+1 | BTCok+1 | FVG+1 | ChoCH+1 | Zone:FVG+1 | Sess:OPEN | Strong1h+1 | QualityRisk:1.15,0,0.45,bull
SNDKUSDT,765,776,1782241200,1782252000,SHORT,SL,1976.74,1947.0889,1887.7867,2006.3911,-1.1820809346027603,-1.3154142679360934,0.13333333333333314,16,1.33,38.52,0.2689885496183224,0.010982851284208575,1.0664653979127972,base,adaptive disabled,1.15,1.0,76.9,90,92,50,80,CLOSE,bearish,bearish,FVG,0.494,2,5.247,0.494,-0.2111,1.476,1.02,BOS bearish | Vol 1.3x | FVG | ChoCH | Engulfing | BearWick | Session:CLOSE | StrongTrend1h | Zone:FVG | MTF 16 | Risk x1.15,BOS+2 | 1h+2 | 4h+2 | Vol+1 | RSI+1 | BTC+2 | FVG+1 | ChoCH+1 | Engulfing+1 | BearWick+1 | Zone:FVG+1 | Sess:CLOSE | Strong1h+1 | QualityRisk:1.15,0,0.45,bear
SNDKUSDT,796,806,1782269100,1782279000,SHORT,SL,1976.74,1947.0889,1887.7867,2006.3911,-1.1348651483418841,-1.2681984816752172,0.13333333333333314,17,3.08,36.98,0.15758214388351438,0.011586326366482573,1.458287269122826,base,adaptive disabled,1.0,1.0,86.1,90,78,90,80,OFF,bearish,bearish,FVG,1.906,1,5.624,0.756,0.0087,0.0,1.912,BOS bearish | Vol 3.1x | FVG | LiqSweep | ChoCH | StrongTrend1h | Zone:FVG | MTF 17,BOS+2 | BodyStrong+1 | 1h+2 | 4h+2 | Vol+2 | RSI+1 | BTC+2 | FVG+1 | LiqSweep+1 | ChoCH+1 | Zone:FVG+1 | Sess:OFF | Strong1h+1,0,0.475,bull
SPCXUSDT,796,818,1782269100,1782289800,SHORT,SL,155.51,153.14,151.23,157.84265,-1.341821533449079,-1.4751548667824124,0.13333333333333325,16,1.4,36.23,0.2757130509939512,0.0050721238752106,0.6318636742728352,base,adaptive disabled,1.0,1.0,81.1,90,83,70,80,OFF,bearish,bearish,FVG,0.707,1,9.498,3.887,-0.0087,0.0,1.533,BOS bearish | Vol 1.4x | FVG | ChoCH | Engulfing | StrongTrend1h | Zone:FVG | MTF 16,BOS+2 | BodyStrong+1 | 1h+2 | 4h+2 | Vol+1 | RSI+1 | BTC+2 | FVG+1 | ChoCH+1 | Engulfing+1 | Zone:FVG+1 | Sess:OFF | Strong1h+1,0,0.6,range
CLUSDT,814,816,1782285300,1782288000,SHORT,TRAIL,72.895,72.38585754,71.36757262,73.40414246,1.4927733618298271,1.2064291429642506,0.2863442188655766,15,1.58,38.06,0.21551724137931097,0.0043208815155964695,1.8628082722264365,base,adaptive disabled,1.15,1.0,76.5,90,75,60,80,OFF,bearish,bearish,OB,0.564,1,4.873,-1.0,0.0726,2.846,1.267,BOS bearish | Vol 1.6x | FVG | OB | ChoCH | StrongTrend1h | Zone:OB | MTF 15 | Risk x1.15,BOS+2 | 1h+2 | 4h+2 | Vol+1 | RSI+1 | BTC+2 | FVG+1 | OB+1 | ChoCH+1 | Zone:OB+1 | Sess:OFF | Strong1h+1 | QualityRisk:1.15,0,0.475,bull
MSFTUSDT,817,838,1782288000,1782307800,SHORT,TRAIL,374.705,371.2,367.28955212,377.17681596,0.0,-0.30318195696090394,0.30318195696090394,14,11.02,31.76,0.2556179775280908,0.002418897477826074,1.488652954345751,base,adaptive disabled,1.0,1.0,72.0,60,90,70,80,OFF,neutral,bearish,FVG,1.641,3,5.776,0.379,-0.4513,0.0,5.211,BOS bearish | Vol 11.0x | FVG | ChoCH | BearWick | Zone:FVG | MTF 14,BOS+2 | 1hN+1 | 4h+2 | Vol+2 | BTCok+1 | FVG+1 | ChoCH+1 | BearWick+1 | Zone:FVG+1 | Sess:OFF | NestedOB_1h+2,0,0.475,bull
XAUUSDT,829,835,1782298800,1782305100,SHORT,TRAIL,4069.85,4033.11304976,3959.63914928,4106.58695024,2.146661126476472,1.8143104571847701,0.33235066929170176,14,3.35,31.05,0.5360360360360367,0.002691594853924388,1.2771930558017475,base,adaptive disabled,1.15,1.5,90.5,90,100,90,80,OFF,bearish,bearish,FVG,2.827,7,5.539,-1.0,-0.1997,2.934,2.194,BOS bearish | Vol 3.4x | FVG | ChoCH | StrongTrend1h | Zone:FVG | MTF 14 | Risk x1.15,BOS+2 | BodyStrong+1 | 1h+2 | 4h+2 | Vol+2 | BTCok+1 | FVG+1 | ChoCH+1 | Zone:FVG+1 | Sess:OFF | Strong1h+1 | QualityRisk:1.15,0,0.475,range
SPCXUSDT,833,836,1782302400,1782306000,SHORT,TRAIL,156.29,153.94565,149.25695,158.63435,1.5479990375649069,1.4146657042315747,0.1333333333333322,16,1.46,37.66,0.20297029702970026,0.00802012901682333,1.3347542376517518,base,adaptive disabled,1.0,1.0,75.3,90,84,50,80,OFF,bearish,bearish,FVG,0.983,3,3.704,0.563,-0.2404,0.0,1.515,BOS bearish | Vol 1.5x | FVG | LiqSweep | ChoCH | BearWick | StrongTrend1h | Zone:FVG | MTF 16,BOS+2 | 1h+2 | 4h+2 | Vol+1 | RSI+1 | BTC+2 | FVG+1 | LiqSweep+1 | ChoCH+1 | BearWick+1 | Zone:FVG+1 | Sess:OFF | Strong1h+1,0,0.65,range
SKHYNIXUSDT,839,854,1782307800,1782322200,SHORT,TRAIL,1688.84,1663.5074,1643.41,1714.1726,2.4845521245148,2.2845521245148013,0.19999999999999854,15,6.24,35.23,0.4019414839454216,0.018483651908653597,1.6592090702895674,base,adaptive disabled,1.15,1.5,87.5,90,100,80,80,OPEN,bearish,bearish,OB,1.583,1,3.55,0.637,-0.2292,1.712,1.978,BOS bearish | Vol 6.2x | OB | LiqSweep | ChoCH | Session:OPEN | StrongTrend1h | Zone:OB | MTF 15 | Risk x1.15,BOS+2 | 1h+2 | 4h+2 | Vol+2 | RSI+1 | BTCok+1 | OB+1 | LiqSweep+1 | ChoCH+1 | Zone:OB+1 | Sess:OPEN | Strong1h+1 | QualityRisk:1.15,0,0.425,range
SNDKUSDT,840,842,1782308700,1782311400,SHORT,TRAIL,1987.765,1957.948525,1898.315575,2017.581475,2.715589259233349,2.515589259233348,0.200000000000001,17,4.88,38.08,0.32273335391581637,0.02739045802418799,4.137114180966874,base,adaptive disabled,1.0,1.5,86.1,90,78,90,80,OPEN,bearish,bearish,FVG,1.578,3,3.409,0.706,-0.3335,1.51,2.343,BOS bearish | Vol 4.9x | FVG | LiqSweep | ChoCH | BearWick | Session:OPEN | StrongTrend1h | Zone:FVG | MTF 17,BOS+2 | BodyStrong+1 | 1h+2 | 4h+2 | Vol+2 | RSI+1 | BTCok+1 | FVG+1 | LiqSweep+1 | ChoCH+1 | BearWick+1 | Zone:FVG+1 | Sess:OPEN | Strong1h+1,0,0.45,range
GOOGLUSDT,859,902,1782325800,1782365400,SHORT,TRAIL,347.585,342.371225,331.943675,352.798775,1.0656642823080023,0.932330948974669,0.13333333333333336,14,2.8,28.13,0.24934657605854813,0.00792626800359738,3.906868662731816,base,adaptive disabled,1.15,1.0,73.8,60,69,90,80,CLOSE,neutral,bearish,FVG,3.187,1,3.797,1.316,-0.0354,0.0,1.534,BOS bearish | Vol 2.8x | FVG | LiqSweep | ChoCH | Session:CLOSE | Zone:FVG | MTF 14 | Risk x1.15,BOS+2 | BodyStrong+1 | 1hN+1 | 4h+2 | Vol+2 | BTC+2 | FVG+1 | LiqSweep+1 | ChoCH+1 | Zone:FVG+1 | Sess:CLOSE | QualityRisk:1.15,0,0.7,bull
NVDAUSDT,863,910,1782329400,1782372600,SHORT,SL,198.44,195.4634,189.5102,201.4166,-1.0112208560102132,-1.144554189343547,0.13333333333333375,15,1.94,35.56,0.39344262295082294,0.005074959652005862,1.619314903566243,base,adaptive disabled,1.25,1.0,87.5,90,100,80,80,CLOSE,bearish,bearish,OB,1.295,9,5.288,-1.0,-0.4091,0.867,1.796,BOS bearish | Vol 1.9x | FVG | OB | ChoCH | Session:CLOSE | StrongTrend1h | Zone:OB | MTF 15 | Risk x1.25,BOS+2 | BodyStrong+1 | 1h+2 | 4h+2 | Vol+1 | RSI+1 | BTCok+1 | FVG+1 | OB+1 | ChoCH+1 | Zone:OB+1 | Sess:CLOSE | Strong1h+1 | QualityRisk:1.15 | RelStrengthRisk:1.25,0,0.625,bear
INTCUSDT,882,932,1782346500,1782392400,LONG,TRAIL,138.12,140.89,144.3354,136.0482,1.234446470985341,1.1011131376520076,0.1333333333333336,17,2.32,61.81,0.5639943741209572,0.0070587897733305075,0.7756129892072422,base,adaptive disabled,1.25,1.0,88.0,80,90,100,80,OFF,bullish,bullish,OB,0.525,1,0.338,1.584,0.3812,0.094,2.187,BOS bullish | Vol 2.3x | FVG | OB | ChoCH | Engulfing | BullWick | Zone:OB | MTF 17 | Risk x1.25,BOS+2 | BodyStrong+1 | 1h+2 | 4h+2 | Vol+2 | RSI+1 | BTCok+1 | FVG+1 | OB+1 | ChoCH+1 | Engulfing+1 | BullWick+1 | Zone:OB+1 | Sess:OFF | QualityRisk:1.15 | TrendPairRisk:1.25,0,0.65,range
XAGUSDT,887,930,1782351000,1782390600,SHORT,SL,57.045,55.76,54.477975,57.900675,-1.1394513103690114,-1.2727846437023451,0.13333333333333366,20,2.41,34.46,0.2522522522522534,0.010247834952056922,1.8471722501114611,base,adaptive disabled,1.15,1.0,89.5,90,80,100,80,OFF,bearish,bearish,OB,0.969,3,13.614,3.525,-0.2171,10.0,1.401,BOS bearish | Vol 2.4x | FVG | OB | LiqSweep | MACD_Div | ChoCH | Premium | BearWick | StrongTrend1h | Zone:OB | MTF 20 | Risk x1.15,BOS+2 | BodyStrong+1 | 1h+2 | 4h+2 | Vol+2 | RSI+1 | BTCok+1 | FVG+1 | OB+1 | LiqSweep+1 | MACD_Div+1 | ChoCH+1 | Premium+1 | BearWick+1 | Zone:OB+1 | Sess:OFF | Strong1h+1 | QualityRisk:1.15,0,0.625,range
XAUUSDT,887,932,1782351000,1782392400,SHORT,SL,4013.85,3965.9,3956.27262623,4033.04245792,-1.258306783876496,-1.6765804637491797,0.4182736798726836,19,1.5,39.79,0.19918283963227856,0.004314252112173679,1.4871152647006054,base,adaptive disabled,1.15,1.0,84.1,90,83,80,80,OFF,bearish,bearish,OB,0.593,4,9.003,1.266,-0.1667,1.438,1.148,BOS bearish | Vol 1.5x | FVG | OB | LiqSweep | MACD_Div | StrongTrend1h | Zone:OB | 💎PREMIUM | MTF 19 | Risk x1.15,BOS+2 | BodyStrong+1 | 1h+2 | 4h+2 | Vol+1 | RSI+1 | BTCok+1 | FVG+1 | OB+1 | LiqSweep+1 | MACD_Div+1 | Zone:OB+1 | Sess:OFF | Strong1h+1 | 💎Premium+3 | QualityRisk:1.15,1,0.6,bull
CLUSDT,888,935,1782351900,1782395100,SHORT,SL,69.58,68.67385686,66.86157059,70.48614314,-1.1366857558508956,-1.2902597265151776,0.15357397066428202,13,2.62,30.78,0.29729729729729437,0.004314188430902657,1.2619001160408518,base,adaptive disabled,1.15,1.0,83.5,90,95,70,80,OFF,bearish,bearish,FVG,1.765,3,16.273,-1.0,-0.1989,0.0,2.432,BOS bearish | Vol 2.6x | FVG | ChoCH | StrongTrend1h | Zone:FVG | MTF 13 | Risk x1.15,BOS+2 | 1h+2 | 4h+2 | Vol+2 | BTCok+1 | FVG+1 | ChoCH+1 | Zone:FVG+1 | Sess:OFF | Strong1h+1 | QualityRisk:1.15,0,0.625,range
MSFTUSDT,903,905,1782365400,1782368100,SHORT,TRAIL,366.54,365.07384,362.14152,368.00616,1.1848769126719985,0.6848769126719991,0.49999999999999933,16,2.09,36.24,0.25589836660617293,0.002751057026151624,1.7077536200478867,base,adaptive disabled,1.0,1.0,82.5,90,90,70,80,OFF,bearish,bearish,FVG,0.438,2,9.765,2.519,-0.1565,0.763,1.361,BOS bearish | Vol 2.1x | FVG | ChoCH | StrongTrend1h | Zone:FVG | MTF 16,BOS+2 | 1h+2 | 4h+2 | Vol+2 | RSI+1 | BTCok+1 | FVG+1 | ChoCH+1 | Zone:FVG+1 | Sess:OFF | Strong1h+1 | NestedOB_1h+2,0,0.6,range
MUUSDT,903,915,1782365400,1782377100,LONG,SL,1238.58,1257.1587,1294.3161,1220.0013,-1.1475506897683856,-1.2808840231017187,0.13333333333333314,14,1.38,71.61,0.5799265043638039,0.009760006214497623,0.942534475140912,base,adaptive disabled,1.25,1.0,84.5,90,100,70,80,OFF,bullish,bullish,FVG,1.193,3,0.573,10.447,0.1817,1.74,1.354,BOS bullish | Vol 1.4x | FVG | ChoCH | StrongTrend1h | Zone:FVG | MTF 14 | Risk x1.25,BOS+2 | BodyStrong+1 | 1h+2 | 4h+2 | Vol+1 | BTC+2 | FVG+1 | ChoCH+1 | Zone:FVG+1 | Sess:OFF | Strong1h+1 | QualityRisk:1.15 | TrendPairRisk:1.25,0,0.45,bull
DRAMUSDT,904,934,1782366300,1782394200,LONG,SL,78.945,80.129175,82.497525,77.760825,-1.0091413853526692,-1.142474718686003,0.13333333333333378,16,1.35,60.1,0.395537525354973,0.008772665807466233,0.8136137497725402,base,adaptive disabled,1.15,1.0,75.8,65,100,70,80,OFF,bullish,neutral,FVG,1.502,8,1.985,5.789,0.0311,0.97,1.127,BOS bullish | Vol 1.4x | FVG | ChoCH | StrongTrend1h | Zone:FVG | MTF 16 | Risk x1.15,BOS+2 | BodyStrong+1 | 1h+2 | 4hN+1 | Vol+1 | RSI+1 | BTC+2 | FVG+1 | ChoCH+1 | Zone:FVG+1 | Sess:OFF | Strong1h+1 | NestedOB_1h+2 | QualityRisk:1.15,0,0.55,range
SKHYNIXUSDT,904,905,1782366300,1782368100,LONG,SL,1913.215,1961.69,1999.309675,1884.516775,-1.0120834999377133,-1.1454168332710473,0.13333333333333394,14,1.65,69.65,0.46901584833959464,0.015486733996508815,1.3868773419271314,base,adaptive disabled,1.15,1.0,75.8,65,100,70,80,OFF,bullish,neutral,FVG,1.852,6,0.437,0.245,0.2056,1.511,1.075,BOS bullish | Vol 1.6x | FVG | ChoCH | BullWick | StrongTrend1h | Zone:FVG | MTF 14 | Risk x1.15,BOS+2 | BodyStrong+1 | 1h+2 | 4hN+1 | Vol+1 | BTC+2 | FVG+1 | ChoCH+1 | BullWick+1 | Zone:FVG+1 | Sess:OFF | Strong1h+1 | RelStrengthRisk:1.15,0,0.55,range
METAUSDT,906,929,1782368100,1782389700,SHORT,TRAIL,559.17,556.93332,552.45996,561.40668,1.1206039705795396,0.6206039705795603,0.49999999999997935,14,1.43,35.28,0.29372937293728085,0.0012773736300798826,0.9632432879152636,base,adaptive disabled,1.15,1.0,83.5,90,95,70,80,OFF,bearish,bearish,FVG,1.194,2,6.118,2.418,-0.156,3.0,1.428,BOS bearish | Vol 1.4x | FVG | ChoCH | StrongTrend1h | Zone:FVG | MTF 14 | Risk x1.15,BOS+2 | BodyStrong+1 | 1h+2 | 4h+2 | Vol+1 | RSI+1 | BTCok+1 | FVG+1 | ChoCH+1 | Zone:FVG+1 | Sess:OFF | Strong1h+1 | QualityRisk:1.15,0,0.575,bear
GOOGLUSDT,911,933,1782372600,1782393300,SHORT,TP2,342.6,338.5,338.4888,343.9704,3.000000000000083,2.500000000000069,0.5000000000000142,16,2.84,37.7,0.184041184041184,0.003539317162583332,1.8169375195087492,base,adaptive disabled,1.15,1.0,84.9,90,72,90,80,OFF,bearish,bearish,FVG,0.961,2,11.934,1.755,-0.2926,2.865,1.62,BOS bearish | Vol 2.8x | FVG | ChoCH | BearWick | StrongTrend1h | Zone:FVG | MTF 16 | Risk x1.15,BOS+2 | BodyStrong+1 | 1h+2 | 4h+2 | Vol+2 | RSI+1 | BTCok+1 | FVG+1 | ChoCH+1 | BearWick+1 | Zone:FVG+1 | Sess:OFF | Strong1h+1 | QualityRisk:1.15,0,0.55,range
INTCUSDT,911,932,1782372600,1782392400,LONG,TRAIL,138.64,140.89,144.07169285,136.82943572,1.131789382626685,0.978643756667467,0.15314562595921802,15,1.79,65.75,0.4061135371178996,0.0034310754296634563,0.8065934950756978,base,adaptive disabled,1.25,1.0,84.5,90,100,70,80,OFF,bullish,bullish,FVG,0.924,1,0.129,4.583,0.2125,0.771,2.553,BOS bullish | Vol 1.8x | FVG | ChoCH | StrongTrend1h | Zone:FVG | MTF 15 | Risk x1.25,BOS+2 | BodyStrong+1 | 1h+2 | 4h+2 | Vol+1 | RSI+1 | BTC+2 | FVG+1 | ChoCH+1 | Zone:FVG+1 | Sess:OFF | Strong1h+1 | QualityRisk:1.15 | TrendPairRisk:1.25,0,0.5,range
METAUSDT,931,933,1782390600,1782393300,SHORT,TRAIL,559.17,556.93332,552.45996,561.40668,1.4813667844847263,0.9813667844847469,0.49999999999997935,16,7.52,33.83,0.1885714285714303,0.0026065966053811875,2.8037956639504333,base,adaptive disabled,1.15,1.0,84.9,90,72,90,80,OFF,bearish,bearish,FVG,1.777,3,7.745,-1.0,-0.4039,0.0,2.27,BOS bearish | Vol 7.5x | FVG | ChoCH | BearWick | StrongTrend1h | Zone:FVG | MTF 16 | Risk x1.15,BOS+2 | BodyStrong+1 | 1h+2 | 4h+2 | Vol+2 | RSI+1 | BTCok+1 | FVG+1 | ChoCH+1 | BearWick+1 | Zone:FVG+1 | Sess:OFF | Strong1h+1 | QualityRisk:1.15,0,0.55,range
EWYUSDT,979,985,1782433800,1782440100,SHORT,TRAIL,202.8,199.12,193.674,205.842,1.7695781375374409,1.6362448042041076,0.13333333333333328,15,3.42,32.84,0.2664995822890582,0.01132188510436821,1.9613996327097363,base,adaptive disabled,1.0,1.0,83.2,80,81,90,80,OFF,bearish,bearish,FVG,1.499,1,0.304,1.522,-0.1049,10.0,2.826,BOS bearish | Vol 3.4x | FVG | LiqSweep | ChoCH | Zone:FVG | MTF 15,BOS+2 | BodyStrong+1 | 1h+2 | 4h+2 | Vol+2 | RSI+1 | BTCok+1 | FVG+1 | LiqSweep+1 | ChoCH+1 | Zone:FVG+1 | Sess:OFF,0,0.6,range
SPCXUSDT,981,986,1782435600,1782441000,SHORT,TRAIL,152.435,150.64669144,147.07007431,154.22330856,1.241881690438165,1.0714021620060015,0.17047952843216369,15,1.46,36.19,0.35760171306210115,0.0035099496593170854,0.5752543301865131,base,adaptive disabled,1.0,1.0,82.5,90,90,70,80,OFF,bearish,bearish,FVG,1.019,3,2.958,1.203,-0.1083,2.151,1.641,BOS bearish | Vol 1.5x | FVG | ChoCH | StrongTrend1h | Zone:FVG | MTF 15,BOS+2 | BodyStrong+1 | 1h+2 | 4h+2 | Vol+1 | RSI+1 | BTC+2 | FVG+1 | ChoCH+1 | Zone:FVG+1 | Sess:OFF | Strong1h+1,0,0.575,bull
MSTRUSDT,983,986,1782437400,1782441000,SHORT,TRAIL,84.825,83.552625,81.007875,86.097375,2.1062804760323406,1.9729471426990068,0.1333333333333337,16,2.02,35.25,0.2,0.008772697841816742,0.7976551930160289,base,adaptive disabled,1.0,1.0,85.3,90,74,90,80,OFF,bearish,bearish,FVG,0.786,1,17.855,-1.0,-0.1668,10.0,3.096,BOS bearish | Vol 2.0x | FVG | ChoCH | StrongTrend1h | Zone:FVG | MTF 16,BOS+2 | BodyStrong+1 | 1h+2 | 4h+2 | Vol+2 | RSI+1 | BTC+2 | FVG+1 | ChoCH+1 | Zone:FVG+1 | Sess:OFF | Strong1h+1,0,0.5,range
INTCUSDT,984,986,1782438300,1782441000,SHORT,TRAIL,130.0,128.05,124.15,131.95,1.6867933029710884,1.5534599696377542,0.1333333333333341,13,1.75,31.81,0.4883720930232523,0.007486674816180324,0.9361942883125071,base,adaptive disabled,1.15,1.0,78.5,90,100,50,80,OFF,bearish,bearish,FVG,1.754,4,5.917,0.52,-0.3734,10.0,2.021,BOS bearish | Vol 1.8x | FVG | ChoCH | StrongTrend1h | Zone:FVG | MTF 13 | Risk x1.15,BOS+2 | 1h+2 | 4h+2 | Vol+1 | BTC+2 | FVG+1 | ChoCH+1 | Zone:FVG+1 | Sess:OFF | Strong1h+1 | QualityRisk:1.15,0,0.325,range
METAUSDT,984,1032,1782438300,1782482400,SHORT,SL,544.445,539.01269987,528.1480996,549.87730013,-1.0925390457025468,-1.2929863652434157,0.20044731954086897,16,2.69,35.0,0.16598079561043105,0.002623891952672285,0.8531241079217188,base,adaptive disabled,1.15,1.0,80.3,90,79,70,80,OFF,bearish,bearish,FVG,1.567,2,13.136,0.943,-0.302,0.0,3.48,BOS bearish | Vol 2.7x | FVG | ChoCH | BearWick | StrongTrend1h | Zone:FVG | MTF 16 | Risk x1.15,BOS+2 | 1h+2 | 4h+2 | Vol+2 | RSI+1 | BTC+2 | FVG+1 | ChoCH+1 | BearWick+1 | Zone:FVG+1 | Sess:OFF | Strong1h+1 | QualityRisk:1.15,0,0.5,range
CRCLUSDT,986,1002,1782440100,1782455400,SHORT,SL,68.27,67.24595,65.19785,69.29405,-1.1327571895903596,-1.2660905229236927,0.133333333333333,17,5.59,31.61,0.3858695652173866,0.01091576863689805,1.5623193861582945,base,adaptive disabled,1.0,1.0,84.5,90,100,70,80,OFF,bearish,bearish,FVG,2.517,7,4.161,0.229,-0.0461,10.0,3.358,BOS bearish | Vol 5.6x | FVG | ChoCH | Engulfing | StrongTrend1h | Zone:FVG | MTF 17,BOS+2 | 1h+2 | 4h+2 | Vol+2 | BTC+2 | FVG+1 | ChoCH+1 | Engulfing+1 | Zone:FVG+1 | Sess:OFF | Strong1h+1 | NestedOB_1h+2,0,0.575,range
AMZNUSDT,987,989,1782441000,1782443700,SHORT,TRAIL,227.57,225.94425811,222.69277434,229.19574189,1.1240224145123079,0.8440640750000008,0.27995833951230714,16,1.42,36.06,0.19887165021156342,0.003217615671024368,1.0513329375386102,base,adaptive disabled,1.15,1.0,81.1,90,83,70,80,OFF,bearish,bearish,FVG,1.251,3,13.46,1.14,-0.4259,0.0,0.988,BOS bearish | Vol 1.4x | FVG | ChoCH | BearWick | StrongTrend1h | Zone:FVG | MTF 16 | Risk x1.15,BOS+2 | BodyStrong+1 | 1h+2 | 4h+2 | Vol+1 | RSI+1 | BTC+2 | FVG+1 | ChoCH+1 | BearWick+1 | Zone:FVG+1 | Sess:OFF | Strong1h+1 | QualityRisk:1.15,0,0.5,range
GOOGLUSDT,987,1057,1782441000,1782504900,SHORT,TRAIL,341.195,336.077075,325.841225,346.312925,1.293949753191459,1.0939497531914595,0.19999999999999946,17,2.07,30.54,0.31645569620253106,0.003193978882311618,1.1080203104458701,base,adaptive disabled,1.15,1.5,89.9,90,97,90,80,OFF,bearish,bearish,FVG,3.014,4,10.284,1.034,-0.054,0.0,1.603,BOS bearish | Vol 2.1x | FVG | MACD_Div | ChoCH | BearWick | StrongTrend1h | Zone:FVG | MTF 17 | Risk x1.15,BOS+2 | BodyStrong+1 | 1h+2 | 4h+2 | Vol+2 | BTC+2 | FVG+1 | MACD_Div+1 | ChoCH+1 | BearWick+1 | Zone:FVG+1 | Sess:OFF | Strong1h+1 | QualityRisk:1.15,0,0.55,range
SPYUSDT,987,1296,1782441000,1782720000,SHORT,SL,731.645,726.04628293,714.84884879,737.24371707,-1.5525878324121272,-1.944630325818566,0.3920424934064389,16,2.18,30.29,0.3498871331828405,0.0011637767200277673,0.6278489832732949,base,adaptive disabled,1.0,1.5,88.5,90,90,90,80,OFF,bearish,bearish,FVG,2.998,4,6.439,-1.0,-0.4587,0.0,3.032,BOS bearish | Vol 2.2x | FVG | ChoCH | BearWick | StrongTrend1h | Zone:FVG | MTF 16,BOS+2 | BodyStrong+1 | 1h+2 | 4h+2 | Vol+2 | BTC+2 | FVG+1 | ChoCH+1 | BearWick+1 | Zone:FVG+1 | Sess:OFF | Strong1h+1,0,0.475,bull
NVDAUSDT,990,1318,1782443700,1782739800,SHORT,SL,193.17,190.27245,184.47735,196.06755,-1.5323290365998776,-1.732329036599876,0.19999999999999835,14,1.33,30.96,0.3698224852071011,0.003733759088040486,1.0771345886783805,base,adaptive disabled,1.25,1.5,87.5,90,100,80,80,OFF,bearish,bearish,OB,3.595,9,14.318,-1.0,-0.184,0.0,1.066,BOS bearish | Vol 1.3x | FVG | OB | ChoCH | StrongTrend1h | Zone:OB | MTF 14 | Risk x1.25,BOS+2 | BodyStrong+1 | 1h+2 | 4h+2 | Vol+1 | BTCok+1 | FVG+1 | OB+1 | ChoCH+1 | Zone:OB+1 | Sess:OFF | Strong1h+1 | QualityRisk:1.15 | RelStrengthRisk:1.25,0,0.575,range
BZUSDT,1011,1038,1782462600,1782487800,SHORT,TRAIL,73.325,72.225125,70.025375,74.424875,1.0809182918634566,0.9475849585301229,0.13333333333333366,16,2.65,31.45,0.33879781420764526,0.009587385531397534,3.963851284708534,base,adaptive disabled,1.15,1.0,86.5,90,80,90,80,OFF,bearish,bearish,FVG,3.429,6,2.384,1.241,-0.1536,0.0,1.767,BOS bearish | Vol 2.6x | FVG | ChoCH | Engulfing | StrongTrend1h | Zone:FVG | MTF 16 | Risk x1.15,BOS+2 | BodyStrong+1 | 1h+2 | 4h+2 | Vol+2 | BTC+2 | FVG+1 | ChoCH+1 | Engulfing+1 | Zone:FVG+1 | Sess:OFF | Strong1h+1 | QualityRisk:1.15,0,0.65,bear
METAUSDT,1286,1320,1782710100,1782741600,LONG,TRAIL,557.405,562.9219185,573.9557555,551.8880815,2.6028521646540845,2.4007810265722,0.2020711380818849,14,1.96,68.13,0.44264194669757484,0.0024224247572931473,1.385182026012399,base,adaptive disabled,1.15,1.0,69.8,65,100,50,80,OFF,bullish,neutral,FVG,0.617,1,7.525,1.432,0.2841,0.806,2.526,BOS bullish | Vol 2.0x | FVG | ChoCH | Engulfing | BullWick | StrongTrend1h | Zone:FVG | MTF 14 | Risk x1.15,BOS+2 | 1h+2 | 4hN+1 | Vol+1 | BTC+2 | FVG+1 | ChoCH+1 | Engulfing+1 | BullWick+1 | Zone:FVG+1 | Sess:OFF | Strong1h+1 | QualityRisk:1.15,0,0.45,bull
BZUSDT,1287,1303,1782711000,1782726300,SHORT,SL,73.305,72.53,72.13,73.77410997,-1.3323102043642603,-1.6448382028632111,0.31252799849895074,15,1.92,33.14,0.24210526315789457,0.00351336345230832,1.4285726170821529,base,adaptive disabled,1.15,1.0,82.3,90,89,70,80,OFF,bearish,bearish,FVG,1.105,2,5.571,0.144,-0.0452,0.0,1.249,BOS bearish | Vol 1.9x | FVG | ChoCH | BearWick | StrongTrend1h | Zone:FVG | MTF 15 | Risk x1.15,BOS+2 | BodyStrong+1 | 1h+2 | 4h+2 | Vol+1 | RSI+1 | BTCok+1 | FVG+1 | ChoCH+1 | BearWick+1 | Zone:FVG+1 | Sess:OFF | Strong1h+1 | QualityRisk:1.15,0,0.5,range
CLUSDT,1287,1303,1782711000,1782726300,SHORT,SL,70.105,69.19,68.76659979,70.5511334,-1.4681707309966265,-1.7824489267111863,0.3142781957145598,15,1.82,34.92,0.19230769230768838,0.004104845455107496,1.3710183820078994,base,adaptive disabled,1.15,1.0,81.1,90,83,70,80,OFF,bearish,bearish,FVG,0.81,2,4.364,1.17,-0.1332,0.0,1.347,BOS bearish | Vol 1.8x | FVG | ChoCH | BearWick | StrongTrend1h | Zone:FVG | MTF 15 | Risk x1.15,BOS+2 | BodyStrong+1 | 1h+2 | 4h+2 | Vol+1 | RSI+1 | BTCok+1 | FVG+1 | ChoCH+1 | BearWick+1 | Zone:FVG+1 | Sess:OFF | Strong1h+1 | QualityRisk:1.15,0,0.425,range
TSLAUSDT,1289,1318,1782712800,1782739800,LONG,TP2,380.47,387.79,388.25,378.94812,5.11209819433853,4.612098194338533,0.4999999999999967,20,2.5,58.22,0.2108229988726047,0.0018959450908908326,1.363899971328631,base,adaptive disabled,1.25,1.0,90.5,90,85,100,80,OFF,bullish,bullish,OB,0.332,1,7.794,4.478,0.262,1.2,3.125,BOS bullish | Vol 2.5x | FVG | OB | ChoCH | Engulfing | BullWick | StrongTrend1h | Zone:OB | MTF 20 | Risk x1.25,BOS+2 | BodyStrong+1 | 1h+2 | 4h+2 | Vol+2 | RSI+1 | BTCok+1 | FVG+1 | OB+1 | ChoCH+1 | Engulfing+1 | BullWick+1 | Zone:OB+1 | Sess:OFF | Strong1h+1 | NestedOB_1h+2 | QualityRisk:1.15 | TrendPairRisk:1.25,0,0.4,range
SPYUSDT,1290,1310,1782713700,1782732600,LONG,TRAIL,735.58,738.52232,744.40696,732.63768,0.8783059704018915,0.37830597040189073,0.5000000000000008,13,3.23,56.96,0.21772639691714996,0.0012216865288702684,1.2297697424792318,base,adaptive disabled,1.15,1.0,73.0,65,86,70,80,OFF,bullish,neutral,FVG,0.127,3,0.178,4.319,0.4702,0.0,3.256,BOS bullish | Vol 3.2x | FVG | ChoCH | StrongTrend1h | Zone:FVG | MTF 13 | Risk x1.15,BOS+2 | 1h+2 | 4hN+1 | Vol+2 | RSI+1 | BTCok+1 | FVG+1 | ChoCH+1 | Zone:FVG+1 | Sess:OFF | Strong1h+1 | QualityRisk:1.15,0,0.5,range
XAUUSDT,1305,1322,1782727200,1782743400,SHORT,TRAIL,4055.8,4032.93833651,3988.7,4078.66166349,2.1398938656273128,1.7850815395886523,0.3548123260386603,16,1.86,36.43,0.2170542635658923,0.003313440694841205,1.4958343936822385,base,adaptive disabled,1.15,1.0,76.0,65,86,80,80,OFF,bearish,neutral,OB,0.202,1,4.046,6.444,0.0415,0.0,1.358,BOS bearish | Vol 1.9x | FVG | OB | ChoCH | StrongTrend1h | Zone:OB | MTF 16 | Risk x1.15,BOS+2 | BodyStrong+1 | 1h+2 | 4hN+1 | Vol+1 | RSI+1 | BTCok+1 | FVG+1 | OB+1 | ChoCH+1 | Zone:OB+1 | Sess:OFF | Strong1h+1 | NestedOB_1h+2 | QualityRisk:1.15,0,0.5,bear
SPCXUSDT,1306,1319,1782728100,1782740700,LONG,TRAIL,156.185,157.86,160.75803662,154.66065446,0.0,-0.307381094184194,0.307381094184194,18,1.68,66.1,0.34732824427480724,0.003809481271669437,1.2203556637026967,base,adaptive disabled,1.25,1.5,84.5,90,100,70,80,OFF,bullish,bullish,FVG,1.424,1,2.065,6.256,0.1829,1.889,1.707,BOS bullish | Vol 1.7x | FVG | LiqSweep | ChoCH | StrongTrend1h | Zone:FVG | MTF 18 | Risk x1.25,BOS+2 | BodyStrong+1 | 1h+2 | 4h+2 | Vol+1 | RSI+1 | BTC+2 | FVG+1 | LiqSweep+1 | ChoCH+1 | Zone:FVG+1 | Sess:OFF | Strong1h+1 | NestedOB_1h+2 | TrendPairRisk:1.15 | RelStrengthRisk:1.25,0,0.4,range
SPYUSDT,1308,1320,1782729900,1782741600,LONG,TRAIL,737.25,740.199,746.097,734.301,0.0,-0.5000000000000075,0.5000000000000075,15,2.05,65.42,0.1894409937888292,0.0009845061957372038,1.1152940572787906,base,adaptive disabled,1.15,1.0,72.2,65,82,70,80,OFF,bullish,neutral,FVG,0.507,1,3.342,7.52,0.3096,2.05,1.463,BOS bullish | Vol 2.0x | FVG | ChoCH | BullWick | StrongTrend1h | Zone:FVG | MTF 15 | Risk x1.15,BOS+2 | 1h+2 | 4hN+1 | Vol+2 | RSI+1 | BTC+2 | FVG+1 | ChoCH+1 | BullWick+1 | Zone:FVG+1 | Sess:OFF | Strong1h+1 | QualityRisk:1.15,0,0.5,bull
CRCLUSDT,1314,1318,1782735300,1782739800,LONG,SL,75.235,76.363525,78.620575,74.106475,-1.2715712988192616,-1.4049046321525953,0.13333333333333378,15,7.61,69.21,0.3978494623655944,0.008283426823287462,2.4634911372490045,base,adaptive disabled,1.15,1.0,88.5,90,90,90,80,OFF,bullish,bullish,FVG,1.334,1,5.399,2.42,0.1939,4.045,4.157,BOS bullish | Vol 7.6x | FVG | ChoCH | Engulfing | StrongTrend1h | Zone:FVG | MTF 15 | Risk x1.15,BOS+2 | BodyStrong+1 | 1h+2 | 4h+2 | Vol+2 | BTCok+1 | FVG+1 | ChoCH+1 | Engulfing+1 | Zone:FVG+1 | Sess:OFF | Strong1h+1 | TrendPairRisk:1.15,0,0.4,bull
SKHYNIXUSDT,1320,1322,1782740700,1782743400,SHORT,TRAIL,1674.6,1649.481,1599.243,1699.719,2.4621869368995744,2.2621869368995755,0.19999999999999887,16,6.01,33.48,0.3259248210023855,0.016538695022596497,2.2280865602404507,base,adaptive disabled,1.0,1.5,88.3,90,89,90,80,OPEN,bearish,bearish,FVG,2.007,1,5.228,0.674,-0.1543,10.0,2.219,BOS bearish | Vol 6.0x | FVG | ChoCH | Session:OPEN | StrongTrend1h | Zone:FVG | MTF 16,BOS+2 | BodyStrong+1 | 1h+2 | 4h+2 | Vol+2 | RSI+1 | BTC+2 | FVG+1 | ChoCH+1 | Zone:FVG+1 | Sess:OPEN | Strong1h+1,0,0.475,range
SAMSUNGUSDT,1322,1331,1782742500,1782751500,SHORT,SL,205.985,202.895225,196.715675,209.074775,-1.6627424327014158,-1.8627424327014173,0.20000000000000168,16,3.32,33.06,0.3811718235681357,0.01488402572152893,3.022172799631516,base,adaptive disabled,1.0,1.5,86.5,90,80,90,80,OPEN,bearish,bearish,FVG,3.676,7,7.152,4.376,-0.2704,0.0,1.759,BOS bearish | Vol 3.3x | FVG | MACD_Div | ChoCH | Session:OPEN | StrongTrend1h | Zone:FVG | MTF 16,BOS+2 | BodyStrong+1 | 1h+2 | 4h+2 | Vol+2 | RSI+1 | BTCok+1 | FVG+1 | MACD_Div+1 | ChoCH+1 | Zone:FVG+1 | Sess:OPEN | Strong1h+1,0,0.425,bull
SPYUSDT,1338,1340,1782756900,1782759600,LONG,TRAIL,735.655,739.01140147,745.7242044,732.29859853,1.9137591252669992,1.4753997653540645,0.4383593599129348,17,3.04,62.29,0.20195971692977005,0.0007913969444963512,0.8847098387701585,base,adaptive disabled,1.25,1.0,90.3,90,84,100,80,MIDDAY,bullish,bullish,OB,0.351,5,9.023,7.259,-0.0191,0.912,4.116,BOS bullish | Vol 3.0x | FVG | OB | ChoCH | StrongTrend1h | Zone:OB | MTF 17 | Risk x1.25,BOS+2 | BodyStrong+1 | 1h+2 | 4h+2 | Vol+2 | RSI+1 | BTC+2 | FVG+1 | OB+1 | ChoCH+1 | Zone:OB+1 | Sess:MIDDAY | Strong1h+1 | QualityRisk:1.15 | TrendPairRisk:1.25,0,0.6,range
MRVLUSDT,1361,1376,1782777600,1782792000,LONG,TRAIL,276.205,279.59107594,286.36322781,272.81892406,1.189505797816706,1.0263641525055858,0.16314164531112021,14,2.42,64.93,0.3333333333333333,0.004468357288609559,0.7659839060888067,base,adaptive disabled,1.25,1.0,82.5,90,90,70,80,OFF,bullish,bullish,FVG,1.013,2,0.485,1.064,0.3349,1.438,1.514,BOS bullish | Vol 2.4x | FVG | ChoCH | StrongTrend1h | Zone:FVG | MTF 14 | Risk x1.25,BOS+2 | 1h+2 | 4h+2 | Vol+2 | RSI+1 | BTCok+1 | FVG+1 | ChoCH+1 | Zone:FVG+1 | Sess:OFF | Strong1h+1 | QualityRisk:1.15 | TrendPairRisk:1.25,0,0.45,range
XAUUSDT,1366,1387,1782782100,1782801900,SHORT,SL,3996.2,3956.69346492,3877.68039475,4035.70653508,-1.012490716257467,-1.2147964862728715,0.2023057700154045,15,3.2,34.17,0.3527851458885953,0.007549784378804921,4.530997460772254,base,adaptive disabled,1.15,1.0,86.5,90,80,90,80,OFF,bearish,bearish,FVG,2.602,4,8.394,1.805,-0.0761,6.389,1.181,BOS bearish | Vol 3.2x | FVG | ChoCH | StrongTrend1h | Zone:FVG | MTF 15 | Risk x1.15,BOS+2 | BodyStrong+1 | 1h+2 | 4h+2 | Vol+2 | RSI+1 | BTCok+1 | FVG+1 | ChoCH+1 | Zone:FVG+1 | Sess:OFF | Strong1h+1 | QualityRisk:1.15,0,0.525,range
XAGUSDT,1367,1385,1782783000,1782800100,SHORT,SL,57.665,56.800025,55.070075,58.529975,-1.4624700135842064,-1.5958033469175394,0.13333333333333316,15,1.82,39.13,0.25222551928783443,0.014973475349305253,4.593704621644795,base,adaptive disabled,1.15,1.0,78.5,90,70,70,80,OFF,bearish,bearish,FVG,2.328,5,3.92,0.059,-0.0914,0.0,1.285,BOS bearish | Vol 1.8x | FVG | MACD_Div | ChoCH | StrongTrend1h | Zone:FVG | MTF 15 | Risk x1.15,BOS+2 | BodyStrong+1 | 1h+2 | 4h+2 | Vol+1 | RSI+1 | BTCok+1 | FVG+1 | MACD_Div+1 | ChoCH+1 | Zone:FVG+1 | Sess:OFF | Strong1h+1 | QualityRisk:1.15,0,0.525,bull
CBRSUSDT,1370,1373,1782785700,1782789300,LONG,TRAIL,216.025,219.42,221.06,212.784625,0.5528488887401551,0.41951555540682184,0.13333333333333333,15,1.42,64.92,0.1548331907613347,0.009061000151237677,0.890005361887509,base,adaptive disabled,1.25,1.0,74.1,90,78,50,80,OFF,bullish,bullish,FVG,0.655,2,2.151,14.91,-0.0657,0.0,2.402,BOS bullish | Vol 1.4x | FVG | MACD_Div | ChoCH | BullWick | StrongTrend1h | Zone:FVG | MTF 15 | Risk x1.25,BOS+2 | 1h+2 | 4h+2 | Vol+1 | RSI+1 | BTCok+1 | FVG+1 | MACD_Div+1 | ChoCH+1 | BullWick+1 | Zone:FVG+1 | Sess:OFF | Strong1h+1 | QualityRisk:1.15 | TrendPairRisk:1.25,0,0.6,bear
SPYUSDT,1379,1418,1782793800,1782829800,LONG,TRAIL,741.805,744.77222,750.70666,738.83778,1.2044861772630537,0.7044861772630534,0.5000000000000003,15,1.41,68.62,0.2361927144535832,0.000686425160821061,1.0183940970974799,base,adaptive disabled,1.25,1.0,82.1,90,88,70,80,OFF,bullish,bullish,FVG,2.739,4,-1.0,5.769,0.0823,0.0,1.273,BOS bullish | Vol 1.4x | FVG | ChoCH | Engulfing | StrongTrend1h | Zone:FVG | MTF 15 | Risk x1.25,BOS+2 | BodyStrong+1 | 1h+2 | 4h+2 | Vol+1 | BTC+2 | FVG+1 | ChoCH+1 | Engulfing+1 | Zone:FVG+1 | Sess:OFF | Strong1h+1 | QualityRisk:1.15 | TrendPairRisk:1.25,0,0.45,bear
INTCUSDT,1380,1416,1782794700,1782828000,LONG,TRAIL,132.55,134.53825,138.51475,130.56175,2.599801013287047,2.466467679953715,0.13333333333333186,16,4.32,64.84,0.1664516129032266,0.003600773484069351,0.8156372764438006,base,adaptive disabled,1.25,1.0,83.3,90,79,80,80,OFF,bullish,bullish,OB,1.681,5,14.271,5.463,-0.0854,0.0,6.395,BOS bullish | Vol 4.3x | FVG | OB | ChoCH | StrongTrend1h | Zone:OB | MTF 16 | Risk x1.25,BOS+2 | 1h+2 | 4h+2 | Vol+2 | RSI+1 | BTC+2 | FVG+1 | OB+1 | ChoCH+1 | Zone:OB+1 | Sess:OFF | Strong1h+1 | QualityRisk:1.15 | TrendPairRisk:1.25,0,0.55,bear
TSLAUSDT,1381,1408,1782795600,1782820800,LONG,SL,410.56,413.79149455,420.25448365,407.32850545,-1.148075586263948,-1.4021747305747454,0.2540991443107974,14,3.6,67.69,0.17134559535333924,0.001819737783843715,0.769861643666089,base,adaptive disabled,1.25,1.0,78.5,90,70,70,80,OFF,bullish,bullish,FVG,1.772,4,1.406,4.939,-0.0988,0.0,3.063,BOS bullish | Vol 3.6x | FVG | ChoCH | StrongTrend1h | Zone:FVG | MTF 14 | Risk x1.25,BOS+2 | 1h+2 | 4h+2 | Vol+2 | RSI+1 | BTCok+1 | FVG+1 | ChoCH+1 | Zone:FVG+1 | Sess:OFF | Strong1h+1 | QualityRisk:1.15 | TrendPairRisk:1.25,0,0.5,bear
CLUSDT,1387,1399,1782801000,1782812700,SHORT,SL,70.445,69.69,68.50639801,71.09120066,-1.1064674554804659,-1.3244957069526926,0.21802825147222668,17,2.43,39.54,0.1746031746031763,0.0028522440202820923,1.4340675470567208,base,adaptive disabled,1.15,1.0,79.0,60,80,100,80,OFF,neutral,bearish,OB,0.493,1,3.947,2.083,0.104,0.0,2.017,BOS bearish | Vol 2.4x | FVG | OB | ChoCH | Zone:OB | MTF 17 | Risk x1.15,BOS+2 | BodyStrong+1 | 1hN+1 | 4h+2 | Vol+2 | RSI+1 | BTC+2 | FVG+1 | OB+1 | ChoCH+1 | Zone:OB+1 | Sess:OFF | NestedOB_1h+2 | QualityRisk:1.15,0,0.575,range
XAUUSDT,1458,1465,1782864900,1782872100,SHORT,TRAIL,4033.85,3982.6,3950.8,4049.9854,3.4115486356901874,2.911548635690191,0.4999999999999964,15,2.94,34.98,0.30706075533661625,0.0013958702674353657,1.0618622158955353,base,adaptive disabled,1.15,1.0,79.2,60,96,90,80,OFF,neutral,bearish,FVG,0.968,2,6.564,0.523,-0.364,1.671,2.106,BOS bearish | Vol 2.9x | FVG | ChoCH | Zone:FVG | MTF 15 | Risk x1.15,BOS+2 | BodyStrong+1 | 1hN+1 | 4h+2 | Vol+2 | RSI+1 | BTCok+1 | FVG+1 | ChoCH+1 | Zone:FVG+1 | Sess:OFF | NestedOB_1h+2 | QualityRisk:1.15,0,0.475,bear
CLUSDT,1464,1488,1782870300,1782892800,SHORT,TRAIL,70.195,69.47,69.31398752,70.48867083,2.3218280376592593,1.8437757912036106,0.47805224645564875,16,1.7,38.52,0.19148936170212338,0.0025711785158367127,1.2019402502049177,base,adaptive disabled,1.15,1.0,74.9,90,82,50,80,OFF,bearish,bearish,FVG,0.763,1,2.987,1.78,0.0338,10.0,1.276,BOS bearish | Vol 1.7x | FVG | ChoCH | Engulfing | Premium | StrongTrend1h | Zone:FVG | MTF 16 | Risk x1.15,BOS+2 | 1h+2 | 4h+2 | Vol+1 | RSI+1 | BTC+2 | FVG+1 | ChoCH+1 | Engulfing+1 | Premium+1 | Zone:FVG+1 | Sess:OFF | Strong1h+1 | QualityRisk:1.15,0,0.45,bear
CLUSDT,1481,1488,1782885600,1782892800,SHORT,TRAIL,70.195,69.43,69.35266,70.47578,2.4308458811490685,1.9308458811490814,0.49999999999998723,16,1.62,34.03,0.4054054054054199,0.002148197661982933,1.2570536652054223,base,adaptive disabled,1.15,1.0,78.5,90,100,50,80,OFF,bearish,bearish,FVG,0.405,1,5.026,1.054,-0.1072,2.333,1.82,BOS bearish | Vol 1.6x | FVG | ChoCH | Engulfing | BearWick | StrongTrend1h | Zone:FVG | MTF 16 | Risk x1.15,BOS+2 | 1h+2 | 4h+2 | Vol+1 | RSI+1 | BTC+2 | FVG+1 | ChoCH+1 | Engulfing+1 | BearWick+1 | Zone:FVG+1 | Sess:OFF | Strong1h+1 | QualityRisk:1.15,0,0.475,range
TSLAUSDT,1485,1512,1782889200,1782914400,LONG,TRAIL,417.995,424.93,429.24935492,414.24354836,2.791536158963622,2.4572695549031227,0.3342666040604993,15,1.61,64.51,0.4904761904761857,0.003050534601934621,2.440838330437091,base,adaptive disabled,1.25,1.5,82.5,90,90,70,80,OFF,bullish,bullish,FVG,1.59,1,9.258,6.123,0.4171,1.497,1.393,BOS bullish | Vol 1.6x | FVG | ChoCH | BullWick | StrongTrend1h | Zone:FVG | MTF 15 | Risk x1.25,BOS+2 | BodyStrong+1 | 1h+2 | 4h+2 | Vol+1 | RSI+1 | BTCok+1 | FVG+1 | ChoCH+1 | BullWick+1 | Zone:FVG+1 | Sess:OFF | Strong1h+1 | QualityRisk:1.15 | TrendPairRisk:1.25,0,0.55,bear
BZUSDT,1487,1489,1782891000,1782893700,SHORT,TRAIL,73.52,73.22592,72.63776,73.81408,2.063688691617221,1.5636886916172346,0.49999999999998623,15,1.3,37.2,0.28571428571429813,0.004100337524935666,2.7349251291358314,base,adaptive disabled,1.15,1.0,75.3,90,84,50,80,OFF,bearish,bearish,FVG,0.707,7,4.179,1.543,0.054,3.0,0.652,BOS bearish | Vol 1.3x | FVG | ChoCH | Engulfing | StrongTrend1h | Zone:FVG | MTF 15 | Risk x1.15,BOS+2 | 1h+2 | 4h+2 | Vol+1 | RSI+1 | BTC+2 | FVG+1 | ChoCH+1 | Engulfing+1 | Zone:FVG+1 | Sess:OFF | Strong1h+1 | QualityRisk:1.15,0,0.625,range
AMZNUSDT,1496,1509,1782899100,1782911700,LONG,TRAIL,239.115,241.18,241.98438,238.15854,1.1402169091410286,0.6402169091410397,0.49999999999998895,14,1.65,61.03,0.1643192488263065,0.0010300458538844877,1.4504863350678154,base,adaptive disabled,1.0,1.0,63.8,60,79,50,80,OFF,neutral,bullish,FVG,2.032,7,1.084,3.839,0.1225,0.0,1.258,BOS bullish | Vol 1.6x | FVG | ChoCH | Zone:FVG | MTF 14,BOS+2 | 1hN+1 | 4h+2 | Vol+1 | RSI+1 | BTC+2 | FVG+1 | ChoCH+1 | Zone:FVG+1 | Sess:OFF | NestedOB_1h+2,0,0.4,bear
MSFTUSDT,1496,1510,1782899100,1782912600,LONG,TRAIL,378.01,381.7,386.16438966,375.29187011,0.0,-0.41720964261939664,0.41720964261939664,14,3.6,69.66,0.35812672176307836,0.002292876922972266,1.914246513759337,base,adaptive disabled,1.15,1.5,82.5,90,90,70,80,OFF,bullish,bullish,FVG,3.393,7,0.517,1.494,-0.2761,0.0,2.8,BOS bullish | Vol 3.6x | FVG | ChoCH | StrongTrend1h | Zone:FVG | MTF 14 | Risk x1.15,BOS+2 | 1h+2 | 4h+2 | Vol+2 | BTC+2 | FVG+1 | ChoCH+1 | Zone:FVG+1 | Sess:OFF | Strong1h+1 | TrendPairRisk:1.15,0,0.425,range
GOOGLUSDT,1499,1505,1782901800,1782908100,LONG,TP2,355.74,358.62,359.21,354.31704,2.438578737280034,1.9385787372800303,0.5000000000000038,16,4.97,58.03,0.22005571030640694,0.0011500025700031248,1.1059294985368158,base,adaptive disabled,1.15,1.0,71.2,60,86,70,80,OFF,neutral,bullish,FVG,0.651,1,4.746,8.245,0.2719,1.633,5.236,BOS bullish | Vol 5.0x | FVG | ChoCH | BullWick | Zone:FVG | MTF 16 | Risk x1.15,BOS+2 | 1hN+1 | 4h+2 | Vol+2 | RSI+1 | BTC+2 | FVG+1 | ChoCH+1 | BullWick+1 | Zone:FVG+1 | Sess:OFF | NestedOB_1h+2 | QualityRisk:1.15,0,0.35,range
METAUSDT,1501,1506,1782903600,1782909000,LONG,TP2,565.46,571.79,577.53635844,561.43454719,4.500000003726207,4.078586542913588,0.4214134608126186,15,1.46,69.0,0.31417624521072374,0.001829395510541562,1.7477548600462516,base,adaptive disabled,1.25,1.5,83.9,90,97,70,80,OFF,bullish,bullish,FVG,2.301,4,0.999,5.388,0.1813,6.628,1.048,BOS bullish | Vol 1.5x | FVG | ChoCH | StrongTrend1h | Zone:FVG | MTF 15 | Risk x1.25,BOS+2 | BodyStrong+1 | 1h+2 | 4h+2 | Vol+1 | BTCok+1 | FVG+1 | ChoCH+1 | Zone:FVG+1 | Sess:OFF | Strong1h+1 | NestedOB_1h+2 | QualityRisk:1.15 | TrendPairRisk:1.25,0,0.375,range
EWYUSDT,1512,1517,1782913500,1782918900,SHORT,TRAIL,191.455,188.583175,182.839525,194.326825,1.4531535213166118,1.2531535213166118,0.1999999999999999,15,2.69,36.73,0.2465878070973611,0.01126223154215999,2.3781670888006277,base,adaptive disabled,1.0,1.5,86.3,90,79,90,80,OPEN,bearish,bearish,FVG,1.356,5,8.082,0.122,-0.2095,0.0,1.579,BOS bearish | Vol 2.7x | FVG | ChoCH | Session:OPEN | StrongTrend1h | Zone:FVG | MTF 15,BOS+2 | BodyStrong+1 | 1h+2 | 4h+2 | Vol+2 | RSI+1 | BTCok+1 | FVG+1 | ChoCH+1 | Zone:FVG+1 | Sess:OPEN | Strong1h+1,0,0.55,range
SPYUSDT,1514,1608,1782915300,1783000800,LONG,TRAIL,746.41,749.97181655,757.09544965,742.84818345,2.1913792856830083,1.562702887399667,0.6286763982833418,14,5.27,62.15,0.25055432372504227,0.0020269900293560165,3.6819532301531575,base,adaptive disabled,1.0,1.5,68.0,60,70,70,80,OPEN,neutral,bullish,FVG,1.166,1,1.421,1.044,0.1302,2.424,8.184,BOS bullish | Vol 5.3x | FVG | ChoCH | BullWick | Session:OPEN | Zone:FVG | MTF 14,BOS+2 | 1hN+1 | 4h+2 | Vol+2 | RSI+1 | BTC+2 | FVG+1 | ChoCH+1 | BullWick+1 | Zone:FVG+1 | Sess:OPEN,0,0.55,bear
AMZNUSDT,1516,1996,1782917100,1783350000,LONG,EXPIRED,241.415,247.2,252.278675,237.793775,0.0,-0.13333333333333403,0.13333333333333403,17,1.64,62.26,0.172892209178227,0.0068545156317874134,6.600350192163478,base,adaptive disabled,1.25,1.0,76.5,90,60,70,80,OPEN,bullish,bullish,FVG,1.166,1,3.427,2.363,0.0113,1.234,1.746,BOS bullish | Vol 1.6x | FVG | LiqSweep | ChoCH | BullWick | Session:OPEN | StrongTrend1h | Zone:FVG | MTF 17 | Risk x1.25,BOS+2 | BodyStrong+1 | 1h+2 | 4h+2 | Vol+1 | RSI+1 | BTC+2 | FVG+1 | LiqSweep+1 | ChoCH+1 | BullWick+1 | Zone:FVG+1 | Sess:OPEN | Strong1h+1 | TrendPairRisk:1.15 | RelStrengthRisk:1.25,0,0.525,range
TSLAUSDT,1516,1519,1782917100,1782920700,LONG,TRAIL,425.68,432.0652,444.8356,419.2948,1.0566905472135328,0.9233572138801994,0.1333333333333334,14,2.07,68.4,0.3838533927686985,0.0067260532055558415,3.622497039900665,base,adaptive disabled,1.25,1.0,80.5,90,80,70,80,OPEN,bullish,bullish,FVG,1.896,4,-1.0,5.353,0.0066,2.708,1.1,BOS bullish | Vol 2.1x | FVG | ChoCH | Session:OPEN | StrongTrend1h | Zone:FVG | MTF 14 | Risk x1.25,BOS+2 | 1h+2 | 4h+2 | Vol+2 | BTC+2 | FVG+1 | ChoCH+1 | Zone:FVG+1 | Sess:OPEN | Strong1h+1 | QualityRisk:1.15 | TrendPairRisk:1.25,0,0.4,bull
BZUSDT,1517,1519,1782918000,1782920700,SHORT,TRAIL,72.215,71.74175238,70.79525715,72.68824762,1.879502522134291,1.574313454305484,0.30518906782880706,16,2.91,36.84,0.26973684210526505,0.005724312629367051,1.9765233750283886,base,adaptive disabled,1.15,1.0,89.9,90,82,100,80,MIDDAY,bearish,bearish,OB,0.868,2,7.45,-1.0,-0.095,1.343,1.752,BOS bearish | Vol 2.9x | FVG | OB | ChoCH | StrongTrend1h | Zone:OB | MTF 16 | Risk x1.15,BOS+2 | BodyStrong+1 | 1h+2 | 4h+2 | Vol+2 | RSI+1 | BTCok+1 | FVG+1 | OB+1 | ChoCH+1 | Zone:OB+1 | Sess:MIDDAY | Strong1h+1 | QualityRisk:1.15,0,0.5,range
MSFTUSDT,1518,1623,1782918900,1783014300,LONG,TRAIL,386.34,392.1351,403.7253,380.5449,1.0455248404286868,0.9121915070953532,0.13333333333333353,13,1.38,71.12,0.288888888888888,0.005233838068674958,2.7254674019542087,base,adaptive disabled,1.15,1.0,75.3,90,84,50,80,MIDDAY,bullish,bullish,FVG,1.675,3,-1.0,4.474,0.0226,10.0,1.835,BOS bullish | Vol 1.4x | FVG | ChoCH | StrongTrend1h | Zone:FVG | MTF 13 | Risk x1.15,BOS+2 | 1h+2 | 4h+2 | Vol+1 | BTC+2 | FVG+1 | ChoCH+1 | Zone:FVG+1 | Sess:MIDDAY | Strong1h+1 | TrendPairRisk:1.15,0,0.55,range
EWYUSDT,1554,1556,1782951300,1782954000,SHORT,TRAIL,184.665,181.895025,176.355075,187.434975,0.0,-0.13333333333333253,0.13333333333333253,13,5.55,30.69,0.34278122232063757,0.012356905986377948,2.304991176074121,base,adaptive disabled,1.0,1.0,82.5,90,90,70,80,OFF,bearish,bearish,FVG,1.369,2,9.899,-1.0,-0.3034,0.0,3.046,BOS bearish | Vol 5.5x | FVG | ChoCH | StrongTrend1h | Zone:FVG | MTF 13,BOS+2 | 1h+2 | 4h+2 | Vol+2 | BTCok+1 | FVG+1 | ChoCH+1 | Zone:FVG+1 | Sess:OFF | Strong1h+1,0,0.525,bear
AAPLUSDT,1555,1557,1782952200,1782954900,LONG,TRAIL,293.99,295.16596,297.51788,292.81404,1.8531864366051605,1.353186436605174,0.4999999999999865,18,2.83,66.29,0.32839506172839944,0.002559429342283891,1.2552721209235134,base,adaptive disabled,1.25,1.0,93.3,90,99,100,80,OFF,bullish,bullish,OB,0.168,1,1.92,12.809,0.2099,0.0,3.445,BOS bullish | Vol 2.8x | FVG | OB | ChoCH | BullWick | StrongTrend1h | Zone:OB | MTF 18 | Risk x1.25,BOS+2 | BodyStrong+1 | 1h+2 | 4h+2 | Vol+2 | RSI+1 | BTC+2 | FVG+1 | OB+1 | ChoCH+1 | BullWick+1 | Zone:OB+1 | Sess:OFF | Strong1h+1 | QualityRisk:1.15 | TrendPairRisk:1.25,0,0.425,range
BZUSDT,1557,1559,1782954000,1782956700,SHORT,TRAIL,71.425,71.1393,70.5679,71.7107,2.0716610828474162,1.571661082847426,0.4999999999999902,14,1.55,33.47,0.2258064516129025,0.0028608342277421563,1.1970066977622567,base,adaptive disabled,1.15,1.0,81.9,90,87,70,80,OFF,bearish,bearish,FVG,1.024,3,17.592,-1.0,0.1833,0.0,0.863,BOS bearish | Vol 1.6x | FVG | ChoCH | StrongTrend1h | Zone:FVG | MTF 14 | Risk x1.15,BOS+2 | BodyStrong+1 | 1h+2 | 4h+2 | Vol+1 | RSI+1 | BTCok+1 | FVG+1 | ChoCH+1 | Zone:FVG+1 | Sess:OFF | Strong1h+1 | QualityRisk:1.15,0,0.575,bear
XAUUSDT,1557,1602,1782954000,1782995400,LONG,TP2,4054.75,4117.3,4132.4223319,4028.8592227,4.5,4.030170536826642,0.46982946317335794,15,2.8,65.35,0.3694117647058854,0.0033486707917637537,2.041889500398719,base,adaptive disabled,1.15,1.5,79.8,65,90,90,80,OFF,bullish,neutral,FVG,2.367,1,1.268,2.137,0.1639,4.509,1.302,BOS bullish | Vol 2.8x | FVG | ChoCH | StrongTrend1h | Zone:FVG | MTF 15 | Risk x1.15,BOS+2 | BodyStrong+1 | 1h+2 | 4hN+1 | Vol+2 | RSI+1 | BTC+2 | FVG+1 | ChoCH+1 | Zone:FVG+1 | Sess:OFF | Strong1h+1 | QualityRisk:1.15,0,0.45,range
AMZNUSDT,1558,1601,1782954900,1782994500,LONG,SL,242.91,245.21,247.2,241.60451144,-1.0264356510332173,-1.398572194305573,0.3721365432723555,15,1.99,60.29,0.3894736842105312,0.002123776569476499,0.8317325626367698,base,adaptive disabled,1.25,1.0,78.5,90,100,50,80,OFF,bullish,bullish,FVG,0.591,1,3.483,3.931,-0.1117,0.591,2.437,BOS bullish | Vol 2.0x | FVG | ChoCH | BullWick | StrongTrend1h | Zone:FVG | MTF 15 | Risk x1.25,BOS+2 | 1h+2 | 4h+2 | Vol+1 | RSI+1 | BTC+2 | FVG+1 | ChoCH+1 | BullWick+1 | Zone:FVG+1 | Sess:OFF | Strong1h+1 | QualityRisk:1.15 | TrendPairRisk:1.25,0,0.425,range
INTCUSDT,1578,1600,1782972900,1782993600,SHORT,SL,126.405,118.71,116.3358,128.301075,-1.5954010258033104,-1.728734359136644,0.1333333333333336,16,3.43,29.79,0.4024255788313057,0.007861543346408442,1.500264078018725,base,adaptive disabled,1.15,1.0,84.5,90,100,70,80,OFF,bearish,bearish,FVG,1.473,1,5.666,8.222,-0.2636,3.679,3.893,BOS bearish | Vol 3.4x | FVG | ChoCH | Engulfing | BearWick | StrongTrend1h | Zone:FVG | MTF 16 | Risk x1.15,BOS+2 | 1h+2 | 4h+2 | Vol+2 | BTC+2 | FVG+1 | ChoCH+1 | Engulfing+1 | BearWick+1 | Zone:FVG+1 | Sess:OFF | Strong1h+1 | QualityRisk:1.15,0,0.575,range
EWYUSDT,1579,1602,1782973800,1782995400,SHORT,SL,182.62,179.8807,174.4021,185.3593,-1.5259372832475553,-1.6592706165808893,0.13333333333333403,16,1.77,37.08,0.38107416879795314,0.01509408944770854,2.093234807514314,base,adaptive disabled,1.0,1.0,82.5,90,90,70,80,OFF,bearish,bearish,FVG,1.797,4,5.087,0.034,-0.2131,1.185,1.182,BOS bearish | Vol 1.8x | FVG | ChoCH | BearWick | StrongTrend1h | Zone:FVG | MTF 16,BOS+2 | BodyStrong+1 | 1h+2 | 4h+2 | Vol+1 | RSI+1 | BTC+2 | FVG+1 | ChoCH+1 | BearWick+1 | Zone:FVG+1 | Sess:OFF | Strong1h+1,0,0.5,range
MUUSDT,1579,1582,1782973800,1782977400,SHORT,TRAIL,1011.135,995.967975,965.633925,1026.302025,1.4145780786281152,1.2812447452947815,0.13333333333333364,15,1.4,36.8,0.2872841444270019,0.013291333623351385,1.5907074357327664,base,adaptive disabled,1.15,1.0,77.3,90,94,50,80,OFF,bearish,bearish,FVG,0.76,2,4.484,0.76,-0.2272,2.253,1.326,BOS bearish | Vol 1.4x | FVG | ChoCH | BearWick | StrongTrend1h | Zone:FVG | MTF 15 | Risk x1.15,BOS+2 | 1h+2 | 4h+2 | Vol+1 | RSI+1 | BTC+2 | FVG+1 | ChoCH+1 | BearWick+1 | Zone:FVG+1 | Sess:OFF | Strong1h+1 | QualityRisk:1.15,0,0.55,range
SAMSUNGUSDT,1579,1583,1782973800,1782978300,SHORT,TRAIL,186.365,183.569525,177.978575,189.160475,0.6940666112412442,0.56073327790791,0.1333333333333342,16,2.47,35.01,0.37505548158011615,0.020011921409150535,2.353451676776769,base,adaptive disabled,1.0,1.0,82.5,90,90,70,80,OFF,bearish,bearish,FVG,0.576,2,8.88,-1.0,-0.386,1.071,1.554,BOS bearish | Vol 2.5x | FVG | ChoCH | BearWick | StrongTrend1h | Zone:FVG | MTF 16,BOS+2 | 1h+2 | 4h+2 | Vol+2 | RSI+1 | BTC+2 | FVG+1 | ChoCH+1 | BearWick+1 | Zone:FVG+1 | Sess:OFF | Strong1h+1,0,0.475,bear
SPCXUSDT,1580,1602,1782974700,1782995400,SHORT,SL,157.715,155.23,151.30283424,159.85238859,-1.0550257499035283,-1.2026030325164199,0.1475772826128916,16,3.55,32.23,0.3014084507042273,0.0061848351435996075,1.9168138094078233,base,adaptive disabled,1.0,1.0,87.7,90,86,90,80,OFF,bearish,bearish,FVG,2.597,4,2.015,0.284,-0.1887,0.0,1.839,BOS bearish | Vol 3.5x | FVG | ChoCH | StrongTrend1h | Zone:FVG | MTF 16,BOS+2 | BodyStrong+1 | 1h+2 | 4h+2 | Vol+2 | RSI+1 | BTC+2 | FVG+1 | ChoCH+1 | Zone:FVG+1 | Sess:OFF | Strong1h+1,0,0.6,range
MRVLUSDT,1583,1587,1782977400,1782981900,SHORT,SL,264.91,251.17,246.1466,268.88365,-1.1022611452946374,-1.235594478627972,0.13333333333333458,17,2.12,32.97,0.5389640690620628,0.010340382747747684,1.7986338373143063,base,adaptive disabled,1.15,1.0,93.5,90,100,100,80,OFF,bearish,bearish,OB,1.661,6,3.252,0.078,-0.2483,4.298,1.534,BOS bearish | Vol 2.1x | FVG | OB | ChoCH | StrongTrend1h | Zone:OB | MTF 17 | Risk x1.15,BOS+2 | BodyStrong+1 | 1h+2 | 4h+2 | Vol+2 | RSI+1 | BTC+2 | FVG+1 | OB+1 | ChoCH+1 | Zone:OB+1 | Sess:OFF | Strong1h+1 | QualityRisk:1.15,0,0.45,range
BZUSDT,1599,1601,1782991800,1782994500,SHORT,TRAIL,71.015,70.57984655,69.70953966,71.45015345,1.3112474740883446,0.9848568640633073,0.3263906100250373,15,1.44,39.03,0.15523465703971193,0.0036843437761359195,1.3110737327397906,base,adaptive disabled,1.15,1.0,77.1,90,78,60,80,OFF,bearish,bearish,OB,0.045,1,3.677,-1.0,0.054,2.071,1.059,BOS bearish | Vol 1.4x | FVG | OB | ChoCH | Engulfing | StrongTrend1h | Zone:OB | MTF 15 | Risk x1.15,BOS+2 | 1h+2 | 4h+2 | Vol+1 | RSI+1 | BTCok+1 | FVG+1 | OB+1 | ChoCH+1 | Engulfing+1 | Zone:OB+1 | Sess:OFF | Strong1h+1 | QualityRisk:1.15,0,0.625,range
XAGUSDT,1604,1606,1782996300,1782999000,LONG,TRAIL,60.5,61.4075,63.2225,59.5925,0.9726860063384852,0.8393526730051517,0.1333333333333335,17,2.25,69.35,0.4545454545454539,0.014669950914745883,3.8212033013213254,base,adaptive disabled,1.25,1.0,86.5,90,80,90,80,OFF,bullish,bullish,FVG,2.388,1,-1.0,5.187,0.3934,2.462,1.436,BOS bullish | Vol 2.2x | FVG | ChoCH | Engulfing | BullWick | StrongTrend1h | Zone:FVG | MTF 17 | Risk x1.25,BOS+2 | BodyStrong+1 | 1h+2 | 4h+2 | Vol+2 | BTC+2 | FVG+1 | ChoCH+1 | Engulfing+1 | BullWick+1 | Zone:FVG+1 | Sess:OFF | Strong1h+1 | QualityRisk:1.15 | TrendPairRisk:1.25,0,0.5,bull
XAUUSDT,1604,1608,1782996300,1783000800,LONG,TRAIL,4096.4,4135.26249073,4212.98747219,4057.53750927,1.2901257595441722,1.0793106561860222,0.21081510335815004,15,3.18,69.3,0.3922155688622737,0.008421789548444627,4.21505368264145,base,adaptive disabled,1.25,1.0,86.5,90,80,90,80,OFF,bullish,bullish,FVG,2.766,1,-1.0,3.101,0.3009,10.0,1.9,BOS bullish | Vol 3.2x | FVG | ChoCH | StrongTrend1h | Zone:FVG | MTF 15 | Risk x1.25,BOS+2 | BodyStrong+1 | 1h+2 | 4h+2 | Vol+2 | BTC+2 | FVG+1 | ChoCH+1 | Zone:FVG+1 | Sess:OFF | Strong1h+1 | QualityRisk:1.15 | TrendPairRisk:1.25,0,0.5,bear
XAUUSDT,1649,1651,1783036800,1783039500,LONG,TRAIL,4117.05,4133.5182,4166.4546,4100.5818,1.6109108649053943,1.110910864905402,0.49999999999999234,14,1.83,66.18,0.4800000000000182,0.00244342244750675,1.3632646295973812,base,adaptive disabled,1.25,1.0,84.5,90,100,70,80,OFF,bullish,bullish,FVG,1.172,3,1.353,9.489,0.0977,0.959,0.93,BOS bullish | Vol 1.8x | FVG | ChoCH | StrongTrend1h | Zone:FVG | MTF 14 | Risk x1.25,BOS+2 | BodyStrong+1 | 1h+2 | 4h+2 | Vol+1 | RSI+1 | BTCok+1 | FVG+1 | ChoCH+1 | Zone:FVG+1 | Sess:OFF | Strong1h+1 | QualityRisk:1.15 | TrendPairRisk:1.25,0,0.425,bull
MSTRUSDT,1654,1692,1783041300,1783076400,LONG,TRAIL,102.73,104.27095,107.35285,101.18905,1.0674773104434572,0.9341439771101246,0.13333333333333253,16,1.93,64.2,0.3846153846153875,0.00811697926972857,0.8955733794276151,base,adaptive disabled,1.25,1.0,84.5,90,100,70,80,OFF,bullish,bullish,FVG,1.845,8,1.752,11.492,0.1207,2.651,1.962,BOS bullish | Vol 1.9x | FVG | ChoCH | Engulfing | StrongTrend1h | Zone:FVG | MTF 16 | Risk x1.25,BOS+2 | BodyStrong+1 | 1h+2 | 4h+2 | Vol+1 | RSI+1 | BTC+2 | FVG+1 | ChoCH+1 | Engulfing+1 | Zone:FVG+1 | Sess:OFF | Strong1h+1 | QualityRisk:1.15 | TrendPairRisk:1.25,0,0.5,range
AAPLUSDT,1671,1677,1783056600,1783062900,LONG,TRAIL,308.0,309.67121597,313.01364792,306.32878403,1.0447191700095722,0.6761252772645171,0.36859389274505505,15,26.59,59.87,0.2814645308924597,0.006788667164373964,6.73238692369081,base,adaptive disabled,1.25,1.0,79.1,90,73,70,80,OFF,bullish,bullish,FVG,0.071,1,0.342,2.377,-0.3715,1.05,3.957,BOS bullish | Vol 26.6x | FVG | LiqSweep | ChoCH | StrongTrend1h | Zone:FVG | MTF 15 | Risk x1.25,BOS+2 | 1h+2 | 4h+2 | Vol+2 | RSI+1 | BTCok+1 | FVG+1 | LiqSweep+1 | ChoCH+1 | Zone:FVG+1 | Sess:OFF | Strong1h+1 | QualityRisk:1.15 | TrendPairRisk:1.25,0,0.425,range
MSFTUSDT,1671,1689,1783056600,1783073700,LONG,SL,391.22,392.78488,395.91464,389.65512,-1.6103471192679206,-2.360347119267913,0.7499999999999921,15,1.69,65.58,0.40397350993377107,0.0007234187208123441,0.6898062168332708,base,adaptive disabled,1.15,1.5,82.5,90,90,70,80,OFF,bullish,bullish,FVG,2.148,6,1.991,18.334,0.2941,0.0,1.497,BOS bullish | Vol 1.7x | FVG | ChoCH | BullWick | StrongTrend1h | Zone:FVG | MTF 15 | Risk x1.15,BOS+2 | BodyStrong+1 | 1h+2 | 4h+2 | Vol+1 | RSI+1 | BTCok+1 | FVG+1 | ChoCH+1 | BullWick+1 | Zone:FVG+1 | Sess:OFF | Strong1h+1 | TrendPairRisk:1.15,0,0.425,range
GOOGLUSDT,1674,1978,1783059300,1783333800,LONG,TRAIL,360.05,362.33,363.41,358.50565569,1.6534047562304215,1.187122726156437,0.4662820300739845,16,6.47,61.59,0.5282392026577996,0.0009336874838918337,0.8392216527093584,base,adaptive disabled,1.25,1.0,90.5,90,100,90,80,OFF,bullish,bullish,FVG,0.061,1,5.659,5.507,0.2284,0.187,7.329,BOS bullish | Vol 6.5x | FVG | ChoCH | StrongTrend1h | Zone:FVG | MTF 16 | Risk x1.25,BOS+2 | BodyStrong+1 | 1h+2 | 4h+2 | Vol+2 | RSI+1 | BTC+2 | FVG+1 | ChoCH+1 | Zone:FVG+1 | Sess:OFF | Strong1h+1 | QualityRisk:1.15 | TrendPairRisk:1.25,0,0.525,bull
XAGUSDT,1682,1700,1783066500,1783083600,LONG,SL,62.715,63.33513023,64.5753907,62.09486977,-1.0239784633624525,-1.2262424297554468,0.20226396639299432,14,1.4,65.39,0.2098765432098799,0.002707937215310905,0.9939722484451151,base,adaptive disabled,1.25,1.0,81.5,90,85,70,80,OFF,bullish,bullish,FVG,0.631,4,-1.0,12.036,-0.0337,10.0,2.043,BOS bullish | Vol 1.4x | FVG | ChoCH | StrongTrend1h | Zone:FVG | MTF 14 | Risk x1.25,BOS+2 | BodyStrong+1 | 1h+2 | 4h+2 | Vol+1 | RSI+1 | BTCok+1 | FVG+1 | ChoCH+1 | Zone:FVG+1 | Sess:OFF | Strong1h+1 | QualityRisk:1.15 | TrendPairRisk:1.25,0,0.375,bear
CBRSUSDT,1684,1687,1783068300,1783071900,SHORT,TRAIL,203.41,200.77750912,195.51252737,206.04249088,0.9321591134948432,0.7776210662443246,0.15453804725051853,16,1.9,35.63,0.276485788113695,0.004343819368991391,1.526927401638661,base,adaptive disabled,1.0,1.0,83.1,90,93,70,80,OFF,bearish,bearish,FVG,1.901,8,4.46,24.199,-0.1232,2.963,1.189,BOS bearish | Vol 1.9x | FVG | ChoCH | BearWick | StrongTrend1h | Zone:FVG | MTF 16,BOS+2 | BodyStrong+1 | 1h+2 | 4h+2 | Vol+1 | RSI+1 | BTC+2 | FVG+1 | ChoCH+1 | BearWick+1 | Zone:FVG+1 | Sess:OFF | Strong1h+1,0,0.475,range
MSTRUSDT,1692,1709,1783075500,1783091700,LONG,TRAIL,103.935,105.494025,108.612075,102.375975,1.2920004341792939,1.158667100845961,0.13333333333333286,18,2.85,61.81,0.25704225352112786,0.0061139000541237986,1.2433994384594615,base,adaptive disabled,1.15,1.0,88.5,90,90,90,80,OFF,bullish,bullish,FVG,1.415,9,0.168,18.419,0.1302,1.607,3.649,BOS bullish | Vol 2.9x | FVG | ChoCH | Engulfing | BullWick | StrongTrend1h | Zone:FVG | MTF 18 | Risk x1.15,BOS+2 | BodyStrong+1 | 1h+2 | 4h+2 | Vol+2 | RSI+1 | BTC+2 | FVG+1 | ChoCH+1 | Engulfing+1 | BullWick+1 | Zone:FVG+1 | Sess:OFF | Strong1h+1 | TrendPairRisk:1.15,0,0.45,range
GOOGLUSDT,1695,1802,1783078200,1783175400,LONG,SL,360.755,364.73,365.08406,359.31198,-1.5644273814638805,-2.3144273814638856,0.7500000000000051,14,1.49,71.87,0.37142857142857244,0.0010233752737719892,1.5311826127456627,base,adaptive disabled,1.25,1.5,78.5,90,100,50,80,OFF,bullish,bullish,FVG,3.614,9,2.326,10.805,0.2662,10.0,1.979,BOS bullish | Vol 1.5x | FVG | ChoCH | Engulfing | StrongTrend1h | Zone:FVG | MTF 14 | Risk x1.25,BOS+2 | 1h+2 | 4h+2 | Vol+1 | BTC+2 | FVG+1 | ChoCH+1 | Engulfing+1 | Zone:FVG+1 | Sess:OFF | Strong1h+1 | QualityRisk:1.15 | TrendPairRisk:1.25,0,0.6,range
CBRSUSDT,1756,1762,1783133100,1783139400,SHORT,SL,201.185,199.03803394,194.74410183,203.33196606,-1.217997828992227,-1.405411131650583,0.1874133026583559,17,1.53,39.28,0.574229691876755,0.002189540915803845,0.8158878205153243,base,adaptive disabled,1.15,1.0,84.5,90,100,70,80,OFF,bearish,bearish,FVG,0.289,3,1.529,1.736,0.1857,0.464,1.233,BOS bearish | Vol 1.5x | FVG | ChoCH | Engulfing | StrongTrend1h | Zone:FVG | MTF 17 | Risk x1.15,BOS+2 | BodyStrong+1 | 1h+2 | 4h+2 | Vol+1 | RSI+1 | BTCok+1 | FVG+1 | ChoCH+1 | Engulfing+1 | Zone:FVG+1 | Sess:OFF | Strong1h+1 | NestedOB_1h+2 | QualityRisk:1.15,0,0.55,bear
BZUSDT,1968,2040,1783323900,1783389600,SHORT,SL,71.72,70.80674362,68.98023085,72.63325638,-1.1059325969340583,-1.2629969253540787,0.15706432842002035,15,7.62,28.6,0.31877729257642407,0.004944737613142683,2.5451270885968196,base,adaptive disabled,1.15,1.0,88.1,90,88,90,80,OFF,bearish,bearish,FVG,2.615,1,3.922,4.6,-0.323,0.0,3.658,BOS bearish | Vol 7.6x | FVG | LiqSweep | ChoCH | StrongTrend1h | Zone:FVG | MTF 15 | Risk x1.15,BOS+2 | BodyStrong+1 | 1h+2 | 4h+2 | Vol+2 | BTCok+1 | FVG+1 | LiqSweep+1 | ChoCH+1 | Zone:FVG+1 | Sess:OFF | Strong1h+1 | QualityRisk:1.15,0,0.625,bull
CLUSDT,1968,2055,1783323900,1783403100,SHORT,SL,68.45,67.48101812,65.54305437,69.41898188,-1.042331152776551,-1.183613464474681,0.14128231169812985,13,1.61,30.13,0.2931034482758695,0.005130318257989493,2.5094585307690553,base,adaptive disabled,1.15,1.0,81.5,90,85,70,80,OFF,bearish,bearish,FVG,2.202,1,4.083,3.946,-0.1026,0.0,0.923,BOS bearish | Vol 1.6x | FVG | ChoCH | StrongTrend1h | Zone:FVG | MTF 13 | Risk x1.15,BOS+2 | BodyStrong+1 | 1h+2 | 4h+2 | Vol+1 | BTCok+1 | FVG+1 | ChoCH+1 | Zone:FVG+1 | Sess:OFF | Strong1h+1 | QualityRisk:1.15,0,0.6,range
AMZNUSDT,1972,1977,1783327500,1783332900,LONG,TRAIL,244.675,245.68227153,247.6968146,243.66772847,1.8470780551140924,1.3612606906542952,0.4858173644597973,15,1.59,66.32,0.2195121951219422,0.0009667142610158957,1.0270708557474881,base,adaptive disabled,1.15,1.0,71.2,60,86,70,80,OFF,neutral,bullish,FVG,1.603,1,0.267,2.182,0.4094,0.0,1.486,BOS bullish | Vol 1.6x | FVG | LiqSweep | MACD_Div | ChoCH | Zone:FVG | MTF 15 | Risk x1.15,BOS+2 | BodyStrong+1 | 1hN+1 | 4h+2 | Vol+1 | RSI+1 | BTC+2 | FVG+1 | LiqSweep+1 | MACD_Div+1 | ChoCH+1 | Zone:FVG+1 | Sess:OFF | QualityRisk:1.15,0,0.475,range
METAUSDT,1972,1991,1783327500,1783345500,LONG,SL,592.54,598.12036374,609.28109121,586.95963626,-1.6110060954557253,-1.823372180394843,0.21236608493911777,15,1.95,65.68,0.4393833216538185,0.002793167280389948,2.18954520998285,base,adaptive disabled,1.15,1.0,75.0,60,90,80,80,OFF,neutral,bullish,OB,0.116,1,0.116,4.069,0.4511,2.059,1.758,BOS bullish | Vol 1.9x | FVG | OB | ChoCH | BullWick | Zone:OB | MTF 15 | Risk x1.15,BOS+2 | BodyStrong+1 | 1hN+1 | 4h+2 | Vol+1 | RSI+1 | BTC+2 | FVG+1 | OB+1 | ChoCH+1 | BullWick+1 | Zone:OB+1 | Sess:OFF | QualityRisk:1.15,0,0.45,bull
AAPLUSDT,1985,1992,1783339200,1783346400,LONG,TRAIL,306.3,309.06,310.14841389,305.01719537,2.7364165459354064,2.258869158224461,0.47754738771094574,15,4.65,65.87,0.2965009208103059,0.0019638012196847025,1.469881264139027,base,adaptive disabled,1.0,1.0,73.0,60,95,70,80,OFF,neutral,bullish,FVG,1.462,4,1.874,0.021,-0.1544,0.0,2.28,BOS bullish | Vol 4.7x | FVG | ChoCH | Zone:FVG | MTF 15,BOS+2 | 1hN+1 | 4h+2 | Vol+2 | RSI+1 | BTC+2 | FVG+1 | ChoCH+1 | Zone:FVG+1 | Sess:OFF | NestedOB_1h+2,0,0.475,range
MUUSDT,2008,2029,1783359900,1783379700,SHORT,TRAIL,993.195,978.297075,948.501225,1008.092925,1.430551320788826,1.2972179874554925,0.13333333333333347,16,1.3,37.06,0.21219977125428865,0.009962590866250117,1.3128019020234738,base,adaptive disabled,1.15,1.0,75.5,90,85,50,80,MIDDAY,bearish,bearish,FVG,0.859,2,3.742,3.551,0.0093,3.453,1.34,BOS bearish | Vol 1.3x | FVG | MACD_Div | ChoCH | BearWick | StrongTrend1h | Zone:FVG | MTF 16 | Risk x1.15,BOS+2 | 1h+2 | 4h+2 | Vol+1 | RSI+1 | BTC+2 | FVG+1 | MACD_Div+1 | ChoCH+1 | BearWick+1 | Zone:FVG+1 | Sess:MIDDAY | Strong1h+1 | QualityRisk:1.15,0,0.4,range
GOOGLUSDT,2012,2088,1783363500,1783432800,LONG,TRAIL,365.53,371.01295,381.97885,360.04705,2.169663520251576,1.9696635202515742,0.20000000000000145,14,1.49,71.3,0.7305084745762673,0.0027407313580524416,1.538182768335138,base,adaptive disabled,1.25,1.5,84.5,90,100,70,80,CLOSE,bullish,bullish,FVG,1.321,1,-1.0,7.062,0.435,0.444,1.117,BOS bullish | Vol 1.5x | FVG | ChoCH | Session:CLOSE | StrongTrend1h | Zone:FVG | MTF 14 | Risk x1.25,BOS+2 | BodyStrong+1 | 1h+2 | 4h+2 | Vol+1 | BTC+2 | FVG+1 | ChoCH+1 | Zone:FVG+1 | Sess:CLOSE | Strong1h+1 | QualityRisk:1.15 | TrendPairRisk:1.25,0,0.525,bull
METAUSDT,2016,2072,1783367100,1783418400,LONG,TRAIL,599.005,607.990075,625.960225,590.019925,1.0247324605764343,0.8913991272431017,0.13333333333333258,15,2.48,65.52,0.5981356809943028,0.004076610111950972,1.401175667496341,base,adaptive disabled,1.25,1.0,90.5,90,100,90,80,CLOSE,bullish,bullish,FVG,1.036,6,11.614,4.805,0.16,1.016,1.618,BOS bullish | Vol 2.5x | FVG | ChoCH | Session:CLOSE | StrongTrend1h | Zone:FVG | MTF 15 | Risk x1.25,BOS+2 | BodyStrong+1 | 1h+2 | 4h+2 | Vol+2 | RSI+1 | BTCok+1 | FVG+1 | ChoCH+1 | Zone:FVG+1 | Sess:CLOSE | Strong1h+1 | QualityRisk:1.15 | TrendPairRisk:1.25,0,0.425,bull
BZUSDT,2033,2041,1783382400,1783390500,LONG,TRAIL,72.26,72.54904,73.12712,71.97096,2.6359455515295553,1.8859455515295551,0.7500000000000002,17,1.57,66.42,0.3924050632911602,0.0012431968831629538,0.7440533345741237,base,adaptive disabled,1.15,1.5,73.8,65,90,70,80,OFF,bullish,neutral,FVG,1.738,3,0.869,4.249,0.2694,6.75,0.854,BOS bullish | Vol 1.6x | FVG | ChoCH | BullWick | StrongTrend1h | Zone:FVG | MTF 17 | Risk x1.15,BOS+2 | BodyStrong+1 | 1h+2 | 4hN+1 | Vol+1 | RSI+1 | BTC+2 | FVG+1 | ChoCH+1 | BullWick+1 | Zone:FVG+1 | Sess:OFF | Strong1h+1 | NestedOB_1h+2 | QualityRisk:1.15,0,0.55,range
NVDAUSDT,2033,2035,1783382400,1783385100,SHORT,TRAIL,196.33,195.16020048,192.82060145,197.49979952,1.901874629830803,1.3983780990748311,0.5034965307559718,13,1.86,31.38,0.7591240875912325,0.0017428726268905665,0.8113487047852498,base,adaptive disabled,1.15,1.5,78.5,90,100,50,80,OFF,bearish,bearish,FVG,1.296,2,4.27,1.943,-0.3705,0.576,1.501,BOS bearish | Vol 1.9x | FVG | ChoCH | BearWick | StrongTrend1h | Zone:FVG | MTF 13 | Risk x1.15,BOS+2 | 1h+2 | 4h+2 | Vol+1 | BTCok+1 | FVG+1 | ChoCH+1 | BearWick+1 | Zone:FVG+1 | Sess:OFF | Strong1h+1 | QualityRisk:1.15,0,0.4,bear
DRAMUSDT,2034,2036,1783383300,1783386000,SHORT,TRAIL,62.975,62.030375,60.141125,63.919625,1.0936759989126676,0.9603426655793346,0.13333333333333305,16,2.15,29.21,0.5092783505154628,0.01682202680236411,2.6952169284120764,base,adaptive disabled,1.0,1.0,88.5,90,90,90,80,OFF,bearish,bearish,FVG,3.18,6,4.139,6.259,-0.3399,10.0,1.083,BOS bearish | Vol 2.1x | FVG | ChoCH | Engulfing | BearWick | StrongTrend1h | Zone:FVG | MTF 16,BOS+2 | BodyStrong+1 | 1h+2 | 4h+2 | Vol+2 | BTCok+1 | FVG+1 | ChoCH+1 | Engulfing+1 | BearWick+1 | Zone:FVG+1 | Sess:OFF | Strong1h+1,0,0.5,bull
MUUSDT,2034,2036,1783383300,1783386000,SHORT,TRAIL,967.78,953.2633,924.2299,982.2967,1.0753340302574665,0.9420006969241334,0.1333333333333332,13,1.97,29.67,0.6051741878582985,0.013006538520781721,1.5973328373142301,base,adaptive disabled,1.15,1.0,78.5,90,100,50,80,OFF,bearish,bearish,FVG,2.442,7,6.78,1.267,-0.3806,1.92,1.269,BOS bearish | Vol 2.0x | FVG | ChoCH | BearWick | StrongTrend1h | Zone:FVG | MTF 13 | Risk x1.15,BOS+2 | 1h+2 | 4h+2 | Vol+1 | BTCok+1 | FVG+1 | ChoCH+1 | BearWick+1 | Zone:FVG+1 | Sess:OFF | Strong1h+1 | QualityRisk:1.15,0,0.475,range
XAGUSDT,2036,2038,1783385100,1783387800,SHORT,TRAIL,61.84,61.34837157,60.3651147,62.33162843,1.7426471097462042,1.4910750027384783,0.25157210700772603,16,4.35,30.81,0.412587412587413,0.005021919649739298,2.069365690339176,base,adaptive disabled,1.15,1.0,79.8,65,90,90,80,OFF,bearish,neutral,FVG,3.001,4,5.39,0.796,-0.288,0.0,2.73,BOS bearish | Vol 4.3x | FVG | LiqSweep | ChoCH | Engulfing | BearWick | StrongTrend1h | Zone:FVG | MTF 16 | Risk x1.15,BOS+2 | BodyStrong+1 | 1h+2 | 4hN+1 | Vol+2 | BTCok+1 | FVG+1 | LiqSweep+1 | ChoCH+1 | Engulfing+1 | BearWick+1 | Zone:FVG+1 | Sess:OFF | Strong1h+1 | QualityRisk:1.15,0,0.475,range
INTCUSDT,2039,2048,1783387800,1783396800,SHORT,TRAIL,120.42,118.6137,115.0011,122.2263,1.3639127092640502,1.2305793759307164,0.13333333333333383,15,1.78,37.0,0.3072776280323444,0.008390611961913307,1.3213062401059603,base,adaptive disabled,1.15,1.0,83.7,90,96,70,80,OFF,bearish,bearish,FVG,2.237,9,4.339,1.931,-0.2673,1.747,1.194,BOS bearish | Vol 1.8x | FVG | ChoCH | StrongTrend1h | Zone:FVG | MTF 15 | Risk x1.15,BOS+2 | BodyStrong+1 | 1h+2 | 4h+2 | Vol+1 | RSI+1 | BTC+2 | FVG+1 | ChoCH+1 | Zone:FVG+1 | Sess:OFF | Strong1h+1 | QualityRisk:1.15,0,0.575,bear
MRVLUSDT,2039,2048,1783387800,1783396800,SHORT,TRAIL,244.015,240.354775,233.034325,247.675225,1.6583387989065266,1.5250054655731942,0.1333333333333324,16,2.3,34.44,0.3653413353338358,0.009060219298091178,1.3830645739500311,base,adaptive disabled,1.15,1.0,90.5,90,100,90,80,OFF,bearish,bearish,FVG,0.046,1,8.004,3.583,-0.3448,1.297,1.527,BOS bearish | Vol 2.3x | FVG | ChoCH | StrongTrend1h | Zone:FVG | MTF 16 | Risk x1.15,BOS+2 | BodyStrong+1 | 1h+2 | 4h+2 | Vol+2 | RSI+1 | BTC+2 | FVG+1 | ChoCH+1 | Zone:FVG+1 | Sess:OFF | Strong1h+1 | QualityRisk:1.15,0,0.55,bear
SKHYNIXUSDT,2039,2041,1783387800,1783390500,SHORT,TRAIL,1495.65,1473.21525,1428.34575,1518.08475,1.7667480341460269,1.633414700812693,0.13333333333333397,17,3.18,36.54,0.3462209809739915,0.018941487170318082,2.392099717088098,base,adaptive disabled,1.15,1.0,91.5,90,90,100,80,OFF,bearish,bearish,OB,3.158,9,4.207,5.359,-0.2807,1.302,2.106,BOS bearish | Vol 3.2x | OB | ChoCH | BearWick | StrongTrend1h | Zone:OB | MTF 17 | Risk x1.15,BOS+2 | BodyStrong+1 | 1h+2 | 4h+2 | Vol+2 | RSI+1 | BTC+2 | OB+1 | ChoCH+1 | BearWick+1 | Zone:OB+1 | Sess:OFF | Strong1h+1 | QualityRisk:1.15,0,0.45,range
CLUSDT,2041,2043,1783389600,1783392300,LONG,TRAIL,68.925,69.25003892,69.90011676,68.59996108,2.2252647923119198,1.5891102050397194,0.6361545872722004,17,2.61,68.97,0.40425531914893015,0.003036753072128352,1.611347899351729,base,adaptive disabled,1.15,1.5,84.8,65,100,100,80,OFF,bullish,neutral,OB,1.642,1,0.214,3.998,0.0272,1.85,1.588,BOS bullish | Vol 2.6x | FVG | OB | ChoCH | BullWick | StrongTrend1h | Zone:OB | MTF 17 | Risk x1.15,BOS+2 | BodyStrong+1 | 1h+2 | 4hN+1 | Vol+2 | BTCok+1 | FVG+1 | OB+1 | ChoCH+1 | BullWick+1 | Zone:OB+1 | Sess:OFF | Strong1h+1 | NestedOB_1h+2 | QualityRisk:1.15,0,0.375,bull
MSTRUSDT,2043,2054,1783391400,1783402200,SHORT,TRAIL,100.92,97.99,94.83,102.4338,2.0968172084094405,1.9634838750761074,0.13333333333333305,18,6.75,33.68,0.38197424892703913,0.008508417856076532,1.0131942705135455,base,adaptive disabled,1.15,1.0,90.5,90,100,90,80,OFF,bearish,bearish,FVG,2.172,5,5.506,6.415,-0.1755,2.296,4.49,BOS bearish | Vol 6.8x | FVG | ChoCH | StrongTrend1h | Zone:FVG | MTF 18 | Risk x1.15,BOS+2 | BodyStrong+1 | 1h+2 | 4h+2 | Vol+2 | RSI+1 | BTC+2 | FVG+1 | ChoCH+1 | Zone:FVG+1 | Sess:OFF | Strong1h+1 | NestedOB_1h+2 | QualityRisk:1.15,0,0.7,range
BZUSDT,2045,2047,1783393200,1783395900,LONG,TRAIL,72.365,72.65446,73.23338,72.07554,1.35797387155466,0.6079738715546373,0.7500000000000229,16,1.55,64.63,0.34939759036144247,0.0028439473934122896,1.7075534141304696,base,adaptive disabled,1.15,1.5,78.8,65,100,80,80,OFF,bullish,neutral,OB,3.393,9,14.929,5.157,-0.1005,1.522,0.995,BOS bullish | Vol 1.6x | FVG | OB | ChoCH | StrongTrend1h | Zone:OB | MTF 16 | Risk x1.15,BOS+2 | BodyStrong+1 | 1h+2 | 4hN+1 | Vol+1 | RSI+1 | BTCok+1 | FVG+1 | OB+1 | ChoCH+1 | Zone:OB+1 | Sess:OFF | Strong1h+1 | NestedOB_1h+2 | QualityRisk:1.15,0,0.525,range
EWYUSDT,2045,2047,1783393200,1783395900,SHORT,TRAIL,183.06,180.3141,174.8223,185.8059,1.1756713267946495,1.0423379934613164,0.13333333333333305,17,1.88,33.24,0.4646182495344492,0.006591737391723039,1.4717969929759267,base,adaptive disabled,1.15,1.0,87.5,90,100,80,80,OFF,bearish,bearish,OB,4.962,9,5.22,4.52,-0.336,0.252,1.833,BOS bearish | Vol 1.9x | FVG | OB | ChoCH | BearWick | StrongTrend1h | Zone:OB | MTF 17 | Risk x1.15,BOS+2 | BodyStrong+1 | 1h+2 | 4h+2 | Vol+1 | RSI+1 | BTC+2 | FVG+1 | OB+1 | ChoCH+1 | BearWick+1 | Zone:OB+1 | Sess:OFF | Strong1h+1 | QualityRisk:1.15,0,0.6,range
CBRSUSDT,2048,2072,1783395900,1783418400,SHORT,TRAIL,188.87,186.03695,180.37085,191.70305,1.134326726822817,1.000993393489483,0.133333333333334,14,1.91,31.23,0.3291614518147687,0.008176816317090127,1.1745966797110579,base,adaptive disabled,1.15,1.0,78.3,90,99,50,80,OFF,bearish,bearish,FVG,1.03,1,11.828,3.842,-0.3181,0.561,1.494,BOS bearish | Vol 1.9x | FVG | ChoCH | Engulfing | StrongTrend1h | Zone:FVG | MTF 14 | Risk x1.15,BOS+2 | 1h+2 | 4h+2 | Vol+1 | BTC+2 | FVG+1 | ChoCH+1 | Engulfing+1 | Zone:FVG+1 | Sess:OFF | Strong1h+1 | QualityRisk:1.15,0,0.6,range
AAPLUSDT,2055,2059,1783402200,1783406700,LONG,SL,314.245,315.77965907,318.84897721,312.71034093,-1.1631247844513035,-1.572655482367152,0.40953069791584845,18,1.62,57.31,0.1547826086956498,0.0029972908360526023,2.7574194135566534,base,adaptive disabled,1.25,1.0,78.1,90,68,70,80,OFF,bullish,bullish,FVG,1.269,2,-1.0,3.755,0.1454,0.0,1.207,BOS bullish | Vol 1.6x | FVG | ChoCH | Engulfing | StrongTrend1h | Zone:FVG | MTF 18 | Risk x1.25,BOS+2 | BodyStrong+1 | 1h+2 | 4h+2 | Vol+1 | RSI+1 | BTC+2 | FVG+1 | ChoCH+1 | Engulfing+1 | Zone:FVG+1 | Sess:OFF | Strong1h+1 | NestedOB_1h+2 | QualityRisk:1.15 | TrendPairRisk:1.25,0,0.525,bull
CLUSDT,2057,2059,1783404000,1783406700,LONG,TRAIL,68.925,69.2007,69.7521,68.6493,1.8208999313335807,1.3208999313335816,0.4999999999999991,17,3.02,61.36,0.2888888888888973,0.0030739693257064078,1.9217897320830741,base,adaptive disabled,1.15,1.0,81.5,65,84,100,80,OFF,bullish,neutral,OB,0.269,1,0.873,4.366,0.1438,1.6,1.872,BOS bullish | Vol 3.0x | FVG | OB | ChoCH | Engulfing | StrongTrend1h | Zone:OB | MTF 17 | Risk x1.15,BOS+2 | BodyStrong+1 | 1h+2 | 4hN+1 | Vol+2 | RSI+1 | BTC+2 | FVG+1 | OB+1 | ChoCH+1 | Engulfing+1 | Zone:OB+1 | Sess:OFF | Strong1h+1 | QualityRisk:1.15,0,0.35,bull
BZUSDT,2060,2062,1783406700,1783409400,LONG,TRAIL,72.715,73.07073704,73.78221111,72.35926296,1.0743062305821651,0.6654930240631121,0.4088132065190531,14,1.36,70.73,0.28484848484847825,0.0021013171166330167,1.5167306947876837,base,adaptive disabled,1.25,1.0,83.3,90,94,70,80,OFF,bullish,bullish,FVG,1.626,4,13.289,7.634,0.2134,0.0,1.067,BOS bullish | Vol 1.4x | FVG | ChoCH | StrongTrend1h | Zone:FVG | MTF 14 | Risk x1.25,BOS+2 | BodyStrong+1 | 1h+2 | 4h+2 | Vol+1 | BTC+2 | FVG+1 | ChoCH+1 | Zone:FVG+1 | Sess:OFF | Strong1h+1 | QualityRisk:1.15 | TrendPairRisk:1.25,0,0.425,bull
METAUSDT,2065,2067,1783411200,1783413900,LONG,TRAIL,600.47,603.98830218,611.02490653,596.95169782,1.1025965691534134,0.7612557921085015,0.34134077704491195,18,2.57,71.66,0.21801801801801834,0.002242325302414585,1.8919540784011997,base,adaptive disabled,1.25,1.0,85.7,90,76,90,80,OFF,bullish,bullish,FVG,2.335,3,0.27,13.737,-0.0423,0.0,0.738,BOS bullish | Vol 2.6x | FVG | MACD_Div | ChoCH | StrongTrend1h | Zone:FVG | MTF 18 | Risk x1.25,BOS+2 | BodyStrong+1 | 1h+2 | 4h+2 | Vol+2 | BTC+2 | FVG+1 | MACD_Div+1 | ChoCH+1 | Zone:FVG+1 | Sess:OFF | Strong1h+1 | NestedOB_1h+2 | QualityRisk:1.15 | TrendPairRisk:1.25,0,0.35,bear
TSLAUSDT,2074,2088,1783419300,1783432800,LONG,SL,414.67,419.75,423.16809512,411.83730163,-2.096940522474333,-2.3897143697653878,0.2927738472910546,15,1.34,61.17,0.36960600375235203,0.002019674209180085,1.2799532295059455,base,adaptive disabled,1.25,1.0,84.5,90,100,70,80,OFF,bullish,bullish,FVG,0.832,1,4.818,5.004,0.0131,1.478,0.94,BOS bullish | Vol 1.3x | FVG | ChoCH | Engulfing | StrongTrend1h | Zone:FVG | MTF 15 | Risk x1.25,BOS+2 | BodyStrong+1 | 1h+2 | 4h+2 | Vol+1 | RSI+1 | BTCok+1 | FVG+1 | ChoCH+1 | Engulfing+1 | Zone:FVG+1 | Sess:OFF | Strong1h+1 | QualityRisk:1.15 | TrendPairRisk:1.25,0,0.575,bull
AMZNUSDT,2075,2092,1783420200,1783436400,LONG,SL,247.94,251.6591,259.0973,244.2209,-1.681858514156647,-1.8818585141566473,0.20000000000000012,14,1.43,65.62,0.45179063360881794,0.002902897161710899,2.963858002107925,base,adaptive disabled,1.15,1.5,82.5,90,90,70,80,OFF,bullish,bullish,FVG,6.184,9,-1.0,6.434,0.3663,1.929,1.261,BOS bullish | Vol 1.4x | FVG | Engulfing | StrongTrend1h | Zone:FVG | MTF 14 | Risk x1.15,BOS+2 | BodyStrong+1 | 1h+2 | 4h+2 | Vol+1 | RSI+1 | BTCok+1 | FVG+1 | Engulfing+1 | Zone:FVG+1 | Sess:OFF | Strong1h+1 | TrendPairRisk:1.15,0,0.55,range
AAPLUSDT,2082,2086,1783426500,1783431000,LONG,SL,314.65,316.92099172,321.46297517,312.37900828,-1.1008406494762641,-1.3779442577624295,0.2771036082861652,17,1.38,62.02,0.3541666666666673,0.002082480818241321,1.3907427217654384,base,adaptive disabled,1.15,1.0,84.5,90,100,70,80,OFF,bullish,bullish,FVG,0.172,1,0.69,5.23,-0.0143,0.534,1.126,BOS bullish | Vol 1.4x | FVG | ChoCH | StrongTrend1h | Zone:FVG | MTF 17 | Risk x1.15,BOS+2 | BodyStrong+1 | 1h+2 | 4h+2 | Vol+1 | RSI+1 | BTC+2 | FVG+1 | ChoCH+1 | Zone:FVG+1 | Sess:OFF | Strong1h+1 | NestedOB_1h+2 | TrendPairRisk:1.15,0,0.5,range
CLUSDT,2087,2089,1783431000,1783433700,LONG,TRAIL,69.365,69.89780396,70.96341189,68.83219604,2.289562265069745,2.029185071176514,0.2603771938932308,16,1.91,66.32,0.18725099601593223,0.005737905016875396,1.9792903355740086,base,adaptive disabled,1.25,1.0,81.9,90,72,80,80,OPEN,bullish,bullish,OB,1.369,1,6.964,4.695,-0.0632,0.0,1.323,BOS bullish | Vol 1.9x | FVG | OB | ChoCH | Engulfing | Session:OPEN | StrongTrend1h | Zone:OB | MTF 16 | Risk x1.25,BOS+2 | BodyStrong+1 | 1h+2 | 4h+2 | Vol+1 | RSI+1 | BTCok+1 | FVG+1 | OB+1 | ChoCH+1 | Engulfing+1 | Zone:OB+1 | Sess:OPEN | Strong1h+1 | QualityRisk:1.15 | TrendPairRisk:1.25,0,0.5,bear
GOOGLUSDT,2088,2110,1783431900,1783452600,LONG,SL,370.455,374.16363245,381.58089735,366.74636755,-1.7007616918198531,-2.000431452839176,0.29966976101932274,14,2.91,71.13,0.2535787321063318,0.008599389921043768,5.019586745342092,base,adaptive disabled,1.25,1.5,78.5,90,70,70,80,OPEN,bullish,bullish,FVG,0.557,1,-1.0,7.188,0.1999,0.0,1.311,BOS bullish | Vol 2.9x | FVG | ChoCH | BullWick | Session:OPEN | StrongTrend1h | Zone:FVG | MTF 14 | Risk x1.25,BOS+2 | 1h+2 | 4h+2 | Vol+2 | BTCok+1 | FVG+1 | ChoCH+1 | BullWick+1 | Zone:FVG+1 | Sess:OPEN | Strong1h+1 | QualityRisk:1.15 | TrendPairRisk:1.25,0,0.425,bull
SAMSUNGUSDT,2090,2092,1783433700,1783436400,SHORT,TRAIL,191.215,188.346775,182.610325,194.083225,1.2826629609128617,1.1493296275795282,0.13333333333333355,16,2.14,38.47,0.22370370370370493,0.016007787619226038,2.1300225347867303,base,adaptive disabled,1.0,1.0,79.7,90,76,70,80,OPEN,bearish,bearish,FVG,0.361,1,3.852,1.121,0.1604,3.377,1.78,BOS bearish | Vol 2.1x | FVG | LiqSweep | ChoCH | Session:OPEN | StrongTrend1h | Zone:FVG | MTF 16,BOS+2 | 1h+2 | 4h+2 | Vol+2 | RSI+1 | BTC+2 | FVG+1 | LiqSweep+1 | ChoCH+1 | Zone:FVG+1 | Sess:OPEN | Strong1h+1,0,0.5,bear
METAUSDT,2107,2164,1783449000,1783501200,LONG,SL,614.2,623.413,641.839,604.987,-1.215673504830126,-1.3490068381634581,0.1333333333333322,13,1.31,68.01,0.15538057742782035,0.012475226989726881,3.683219929686087,base,adaptive disabled,1.25,1.0,76.1,90,58,70,80,CLOSE,bullish,bullish,FVG,2.797,3,2.473,5.762,-0.0171,0.0,0.982,BOS bullish | Vol 1.3x | FVG | ChoCH | Session:CLOSE | StrongTrend1h | Zone:FVG | MTF 13 | Risk x1.25,BOS+2 | BodyStrong+1 | 1h+2 | 4h+2 | Vol+1 | BTCok+1 | FVG+1 | ChoCH+1 | Zone:FVG+1 | Sess:CLOSE | Strong1h+1 | QualityRisk:1.15 | TrendPairRisk:1.25,0,0.425,range
MSFTUSDT,2129,2164,1783468800,1783501200,SHORT,TRAIL,389.535,385.08,383.20600067,391.64466644,2.9022660768135995,2.532980209991915,0.36928586682168413,14,4.87,38.03,0.29914529914530474,0.0014658523517020719,0.6782412604718107,base,adaptive disabled,1.0,1.0,75.2,55,85,90,80,OFF,bearish,neutral,FVG,0.197,6,0.591,2.38,0.1152,2.415,3.091,BOS bearish | Vol 4.9x | FVG | ChoCH | Engulfing | Zone:FVG | MTF 14,BOS+2 | BodyStrong+1 | 1h+2 | 4hN+1 | Vol+2 | RSI+1 | BTCok+1 | FVG+1 | ChoCH+1 | Engulfing+1 | Zone:FVG+1 | Sess:OFF,0,0.525,range
AMZNUSDT,2141,2161,1783479600,1783498500,LONG,SL,245.67,249.0,249.29,244.68732,-1.2211503236048393,-1.7211503236048455,0.5000000000000062,15,1.88,53.36,0.15652173913042952,0.0008130346034911093,0.5524795973669551,base,adaptive disabled,1.15,1.0,67.6,60,68,70,80,OFF,neutral,bullish,FVG,0.166,1,1.265,2.363,0.0211,0.2,3.131,BOS bullish | Vol 1.9x | FVG | ChoCH | Discount | BullWick | Zone:FVG | MTF 15 | Risk x1.15,BOS+2 | BodyStrong+1 | 1hN+1 | 4h+2 | Vol+1 | RSI+1 | BTC+2 | FVG+1 | ChoCH+1 | Discount+1 | BullWick+1 | Zone:FVG+1 | Sess:OFF | QualityRisk:1.15,0,0.425,range
CLUSDT,2151,2163,1783488600,1783500300,LONG,TRAIL,72.525,73.40026649,75.15079948,71.64973351,2.81078890642421,2.6450679498273226,0.16572095659688718,14,1.85,61.19,0.20851063829787672,0.004813255689956142,1.5829047689491362,base,adaptive disabled,1.25,1.0,75.5,90,85,50,80,OFF,bullish,bullish,FVG,0.166,1,0.54,3.783,0.1032,1.333,1.059,BOS bullish | Vol 1.9x | FVG | ChoCH | BullWick | StrongTrend1h | Zone:FVG | MTF 14 | Risk x1.25,BOS+2 | 1h+2 | 4h+2 | Vol+1 | RSI+1 | BTCok+1 | FVG+1 | ChoCH+1 | BullWick+1 | Zone:FVG+1 | Sess:OFF | Strong1h+1 | QualityRisk:1.15 | TrendPairRisk:1.25,0,0.4,bear
BZUSDT,2155,2162,1783492200,1783499400,LONG,TP2,76.28,77.13091461,78.83274383,75.42908539,2.999999999999983,2.8207105646005846,0.17928943539939846,16,2.48,62.93,0.3360995850622421,0.003173783986486159,1.013759501684798,base,adaptive disabled,1.25,1.0,84.5,90,100,70,80,OFF,bullish,bullish,FVG,1.075,5,-1.0,4.879,0.1634,1.025,2.497,BOS bullish | Vol 2.5x | FVG | ChoCH | StrongTrend1h | Zone:FVG | MTF 16 | Risk x1.25,BOS+2 | 1h+2 | 4h+2 | Vol+2 | RSI+1 | BTCok+1 | FVG+1 | ChoCH+1 | Zone:FVG+1 | Sess:OFF | Strong1h+1 | NestedOB_1h+2 | QualityRisk:1.15 | TrendPairRisk:1.25,0,0.475,bear
INTCUSDT,2156,2160,1783493100,1783497600,SHORT,SL,108.61,106.98085,103.72255,110.23915,-1.2767394039836748,-1.4100727373170086,0.1333333333333337,15,1.72,33.8,0.27547169811320865,0.00761159636950749,1.144619518918325,base,adaptive disabled,1.15,1.0,77.1,90,93,50,80,OFF,bearish,bearish,FVG,1.594,5,5.384,-1.0,-0.0718,0.0,1.479,BOS bearish | Vol 1.7x | FVG | ChoCH | Engulfing | StrongTrend1h | Zone:FVG | MTF 15 | Risk x1.15,BOS+2 | 1h+2 | 4h+2 | Vol+1 | RSI+1 | BTC+2 | FVG+1 | ChoCH+1 | Engulfing+1 | Zone:FVG+1 | Sess:OFF | Strong1h+1 | QualityRisk:1.15,0,0.525,range
MRVLUSDT,2156,2163,1783493100,1783500300,SHORT,TRAIL,228.155,224.66,217.888025,231.577325,2.954216830228616,2.8208834968952825,0.1333333333333333,17,1.36,36.56,0.2981651376146783,0.006368666632405792,0.8795204436816063,base,adaptive disabled,1.15,1.0,86.5,90,95,80,80,OFF,bearish,bearish,OB,2.097,9,5.526,1.925,-0.1672,10.0,1.237,BOS bearish | Vol 1.4x | FVG | OB | ChoCH | Engulfing | StrongTrend1h | Zone:OB | MTF 17 | Risk x1.15,BOS+2 | BodyStrong+1 | 1h+2 | 4h+2 | Vol+1 | RSI+1 | BTC+2 | FVG+1 | OB+1 | ChoCH+1 | Engulfing+1 | Zone:OB+1 | Sess:OFF | Strong1h+1 | QualityRisk:1.15,0,0.525,range
CRCLUSDT,2163,2166,1783499400,1783503000,SHORT,TRAIL,64.635,63.22,61.726425,65.604525,1.6364823823269385,1.503149048993604,0.13333333333333472,15,7.42,29.52,0.44813278008299356,0.012983624640728678,2.834325259075425,base,adaptive disabled,1.0,1.0,82.5,90,90,70,80,OFF,bearish,bearish,FVG,2.169,1,5.865,1.502,-0.1933,1.227,4.649,BOS bearish | Vol 7.4x | FVG | ChoCH | Engulfing | StrongTrend1h | Zone:FVG | MTF 15,BOS+2 | 1h+2 | 4h+2 | Vol+2 | BTC+2 | FVG+1 | ChoCH+1 | Engulfing+1 | Zone:FVG+1 | Sess:OFF | Strong1h+1,0,0.45,bear
CBRSUSDT,2164,2166,1783500300,1783503000,SHORT,TRAIL,175.415,172.783775,167.521325,178.046225,1.9527253696730362,1.819392036339703,0.1333333333333333,15,2.51,31.24,0.5461077844311357,0.026643841864158715,4.520571836288206,base,adaptive disabled,1.0,1.0,80.5,90,80,70,80,OFF,bearish,bearish,FVG,2.117,2,5.382,-1.0,-0.2079,1.252,1.428,BOS bearish | Vol 2.5x | FVG | ChoCH | BearWick | StrongTrend1h | Zone:FVG | MTF 15,BOS+2 | 1h+2 | 4h+2 | Vol+2 | BTC+2 | FVG+1 | ChoCH+1 | BearWick+1 | Zone:FVG+1 | Sess:OFF | Strong1h+1,0,0.425,bear
SOXLUSDT,2166,2169,1783502100,1783505700,SHORT,SL,151.345,149.074825,144.534475,153.615175,-1.552743731210155,-1.6860770645434888,0.13333333333333364,14,1.75,31.95,0.41979695431472097,0.030274119591875103,2.000347611779624,base,adaptive disabled,1.0,1.0,82.5,90,90,70,80,OFF,bearish,bearish,FVG,2.263,4,6.549,-1.0,-0.175,1.917,2.058,BOS bearish | Vol 1.8x | FVG | ChoCH | StrongTrend1h | Zone:FVG | MTF 14,BOS+2 | BodyStrong+1 | 1h+2 | 4h+2 | Vol+1 | BTC+2 | FVG+1 | ChoCH+1 | Zone:FVG+1 | Sess:OFF | Strong1h+1,0,0.4,bear
MSTRUSDT,2167,2177,1783503000,1783512900,SHORT,SL,93.655,92.250175,89.440525,95.059825,-1.0285978680618515,-1.1619312013951846,0.1333333333333331,15,1.47,34.82,0.24481327800829808,0.010436679499117607,1.7887723184399065,base,adaptive disabled,1.0,1.0,82.3,90,89,70,80,OFF,bearish,bearish,FVG,2.278,5,13.207,-1.0,-0.0565,0.0,1.054,BOS bearish | Vol 1.5x | FVG | ChoCH | StrongTrend1h | Zone:FVG | MTF 15,BOS+2 | BodyStrong+1 | 1h+2 | 4h+2 | Vol+1 | RSI+1 | BTC+2 | FVG+1 | ChoCH+1 | Zone:FVG+1 | Sess:OFF | Strong1h+1,0,0.575,bull
NVDAUSDT,2185,2195,1783519200,1783529100,LONG,TRAIL,196.83,199.78245,205.68735,193.87755,1.0942277694445182,0.9608944361111847,0.1333333333333334,15,1.87,65.16,0.5328638497652567,0.012298411623108583,5.293236362588466,base,adaptive disabled,1.25,1.0,65.8,65,80,50,80,OPEN,bullish,neutral,FVG,0.527,2,0.176,0.724,0.1077,1.768,1.283,BOS bullish | Vol 1.9x | FVG | LiqSweep | ChoCH | Engulfing | BullWick | Session:OPEN | StrongTrend1h | Zone:FVG | MTF 15 | Risk x1.25,BOS+2 | 1h+2 | 4hN+1 | Vol+1 | RSI+1 | BTCok+1 | FVG+1 | LiqSweep+1 | ChoCH+1 | Engulfing+1 | BullWick+1 | Zone:FVG+1 | Sess:OPEN | Strong1h+1 | QualityRisk:1.15 | RelStrengthRisk:1.25,0,0.525,bear
BZUSDT,2190,2193,1783523700,1783527300,LONG,TRAIL,78.985,80.169775,82.539325,77.800225,1.1430993301871257,1.0097659968537926,0.1333333333333331,14,1.44,63.01,0.19818456883509827,0.006358965424449955,1.2137869124831548,base,adaptive disabled,1.25,1.0,81.1,90,83,70,80,MIDDAY,bullish,bullish,FVG,1.722,4,-1.0,7.057,0.0991,0.0,1.448,BOS bullish | Vol 1.4x | FVG | ChoCH | StrongTrend1h | Zone:FVG | MTF 14 | Risk x1.25,BOS+2 | BodyStrong+1 | 1h+2 | 4h+2 | Vol+1 | RSI+1 | BTCok+1 | FVG+1 | ChoCH+1 | Zone:FVG+1 | Sess:MIDDAY | Strong1h+1 | QualityRisk:1.15 | TrendPairRisk:1.25,0,0.4,range
XAUUSDT,2190,2249,1783523700,1783577700,SHORT,SL,4054.2,4011.88760805,3927.26282414,4096.51239195,-1.2218642723174953,-1.4134960762954298,0.1916318039779345,14,1.37,31.64,0.1609287429943935,0.0027047691161642255,1.2691274121846094,base,adaptive disabled,1.15,1.0,74.3,90,79,50,80,MIDDAY,bearish,bearish,FVG,0.867,3,6.569,5.685,-0.2412,0.0,1.764,BOS bearish | Vol 1.4x | FVG | ChoCH | Engulfing | StrongTrend1h | Zone:FVG | MTF 14 | Risk x1.15,BOS+2 | 1h+2 | 4h+2 | Vol+1 | BTC+2 | FVG+1 | ChoCH+1 | Engulfing+1 | Zone:FVG+1 | Sess:MIDDAY | Strong1h+1 | QualityRisk:1.15,0,0.525,range
XAGUSDT,2238,2249,1783566900,1783577700,SHORT,SL,57.9,57.03390575,55.30171725,58.76609425,-1.2123391882580912,-1.3460428815916972,0.13370369333360607,15,1.68,34.41,0.31632653061224575,0.0047829310359748765,1.4749048915697351,base,adaptive disabled,1.15,1.0,77.9,90,97,50,80,OFF,bearish,bearish,FVG,0.377,1,4.43,2.309,-0.1531,9.333,1.779,BOS bearish | Vol 1.7x | FVG | MACD_Div | ChoCH | Engulfing | StrongTrend1h | Zone:FVG | MTF 15 | Risk x1.15,BOS+2 | 1h+2 | 4h+2 | Vol+1 | RSI+1 | BTCok+1 | FVG+1 | MACD_Div+1 | ChoCH+1 | Engulfing+1 | Zone:FVG+1 | Sess:OFF | Strong1h+1 | QualityRisk:1.15,0,0.475,bear
XAUUSDT,2238,2249,1783566900,1783577700,SHORT,SL,4083.45,4028.4,3947.832,4099.7838,-1.374450525903302,-1.8744505259032915,0.4999999999999897,18,1.49,36.77,0.2163265306122421,0.0020093382209359282,1.2023229834067912,base,adaptive disabled,1.15,1.0,78.5,90,85,60,80,OFF,bearish,bearish,OB,0.52,1,4.342,4.498,-0.1045,7.833,1.823,BOS bearish | Vol 1.5x | FVG | OB | MACD_Div | ChoCH | Engulfing | StrongTrend1h | Zone:OB | MTF 18 | Risk x1.15,BOS+2 | 1h+2 | 4h+2 | Vol+1 | RSI+1 | BTCok+1 | FVG+1 | OB+1 | MACD_Div+1 | ChoCH+1 | Engulfing+1 | Zone:OB+1 | Sess:OFF | Strong1h+1 | NestedOB_1h+2 | QualityRisk:1.15,0,0.45,bear
AAPLUSDT,2245,2261,1783573200,1783588500,LONG,SL,314.225,316.07413508,319.77240525,312.37586492,-1.0842907160681843,-1.4241523123340456,0.3398615962658614,17,1.68,67.4,0.24105011933174347,0.0015270081228036293,1.2260309063940251,base,adaptive disabled,1.15,1.0,76.1,90,88,50,80,OFF,bullish,bullish,FVG,0.257,1,0.911,4.436,-0.0523,0.0,1.356,BOS bullish | Vol 1.7x | FVG | ChoCH | Engulfing | StrongTrend1h | Zone:FVG | MTF 17 | Risk x1.15,BOS+2 | 1h+2 | 4h+2 | Vol+1 | RSI+1 | BTC+2 | FVG+1 | ChoCH+1 | Engulfing+1 | Zone:FVG+1 | Sess:OFF | Strong1h+1 | NestedOB_1h+2 | TrendPairRisk:1.15,0,0.5,range
NVDAUSDT,2251,2258,1783578600,1783585800,LONG,TRAIL,204.395,206.10239454,209.51718361,202.68760546,0.7757458440415559,0.5363225646394827,0.23942327940207322,16,1.74,63.39,0.18660287081339683,0.001998541998530104,0.784081832923689,base,adaptive disabled,1.25,1.0,75.9,90,72,60,80,OFF,bullish,bullish,OB,0.362,1,0.572,17.95,0.2193,0.0,2.616,BOS bullish | Vol 1.7x | FVG | OB | ChoCH | BullWick | StrongTrend1h | Zone:OB | MTF 16 | Risk x1.25,BOS+2 | 1h+2 | 4h+2 | Vol+1 | RSI+1 | BTC+2 | FVG+1 | OB+1 | ChoCH+1 | BullWick+1 | Zone:OB+1 | Sess:OFF | Strong1h+1 | QualityRisk:1.15 | TrendPairRisk:1.25,0,0.425,bull
MSFTUSDT,2258,2267,1783584900,1783593900,SHORT,TRAIL,383.405,380.93455881,375.99367643,385.87544119,2.146002726139149,1.6804118006575406,0.4655909254816082,15,1.48,29.87,0.34864300626304984,0.002036599228125855,1.9050647218807124,base,adaptive disabled,1.0,1.5,76.5,90,90,50,80,OFF,bearish,bearish,FVG,1.563,3,3.824,1.959,-0.3117,0.0,1.485,BOS bearish | Vol 1.5x | FVG | MACD_Div | ChoCH | Engulfing | StrongTrend1h | Zone:FVG | MTF 15,BOS+2 | 1h+2 | 4h+2 | Vol+1 | BTC+2 | FVG+1 | MACD_Div+1 | ChoCH+1 | Engulfing+1 | Zone:FVG+1 | Sess:OFF | Strong1h+1,0,0.6,bull
GOOGLUSDT,2259,2271,1783585800,1783597500,SHORT,TRAIL,362.43,358.68,358.09,363.87972,2.813905473956974,2.3139054739569787,0.4999999999999954,19,5.4,32.44,0.25865580448064374,0.0024146750651160716,2.0323140763171748,base,adaptive disabled,1.15,1.0,86.7,90,81,90,80,OFF,bearish,bearish,FVG,1.882,2,1.167,3.652,-0.1549,0.0,2.586,BOS bearish | Vol 5.4x | FVG | MACD_Div | ChoCH | StrongTrend1h | Zone:FVG | MTF 19 | Risk x1.15,BOS+2 | BodyStrong+1 | 1h+2 | 4h+2 | Vol+2 | RSI+1 | BTC+2 | FVG+1 | MACD_Div+1 | ChoCH+1 | Zone:FVG+1 | Sess:OFF | Strong1h+1 | NestedOB_1h+2 | QualityRisk:1.15,0,0.6,bull
AMZNUSDT,2268,2273,1783593900,1783599300,SHORT,TRAIL,243.175,240.95,239.08268826,244.53910391,2.6477116139212447,2.1129099799313464,0.5348016339898982,15,2.45,31.01,0.4739454094292727,0.0023354961664700364,2.2714101516630327,base,adaptive disabled,1.0,1.5,78.0,60,90,90,80,OFF,neutral,bearish,FVG,1.815,1,5.695,2.82,-0.2615,1.146,0.804,BOS bearish | Vol 2.5x | FVG | ChoCH | Zone:FVG | MTF 15,BOS+2 | BodyStrong+1 | 1hN+1 | 4h+2 | Vol+2 | BTC+2 | FVG+1 | ChoCH+1 | Zone:FVG+1 | Sess:OFF | NestedOB_1h+2,0,0.45,bear
BZUSDT,2271,2280,1783596600,1783605600,LONG,SL,78.405,79.581075,81.933225,77.228925,-1.101120251684633,-1.2344535850179668,0.13333333333333364,17,1.37,58.68,0.2216748768472892,0.003861266373789378,1.066536933390198,base,adaptive disabled,1.25,1.0,75.7,90,86,50,80,OFF,bullish,bullish,FVG,1.292,5,2.078,1.966,0.0425,0.0,1.483,BOS bullish | Vol 1.4x | FVG | LiqSweep | MACD_Div | StrongTrend1h | Zone:FVG | MTF 17 | Risk x1.25,BOS+2 | 1h+2 | 4h+2 | Vol+1 | RSI+1 | BTC+2 | FVG+1 | LiqSweep+1 | MACD_Div+1 | Zone:FVG+1 | Sess:OFF | Strong1h+1 | NestedOB_1h+2 | QualityRisk:1.15 | TrendPairRisk:1.25,0,0.475,bear
GOOGLUSDT,2272,2278,1783597500,1783603800,SHORT,TRAIL,359.935,355.92279707,347.8983912,363.94720293,0.0,-0.1794201371564224,0.1794201371564224,14,2.18,28.12,0.5201072386059029,0.00478919947519934,3.864564696522016,base,adaptive disabled,1.15,1.0,80.5,90,80,70,80,OFF,bearish,bearish,FVG,4.189,9,3.685,0.517,-0.1804,1.168,2.99,BOS bearish | Vol 2.2x | FVG | ChoCH | BearWick | StrongTrend1h | Zone:FVG | MTF 14 | Risk x1.15,BOS+2 | 1h+2 | 4h+2 | Vol+2 | BTCok+1 | FVG+1 | ChoCH+1 | BearWick+1 | Zone:FVG+1 | Sess:OFF | Strong1h+1 | QualityRisk:1.15,0,0.575,bull
CRCLUSDT,2279,2283,1783603800,1783608300,SHORT,TRAIL,63.63,62.67555,62.0,64.58445,2.4056034705717386,2.205603470571739,0.19999999999999973,15,23.42,36.31,0.3197969543147222,0.018554783699745458,4.443527088990424,base,adaptive disabled,1.0,1.5,69.6,60,78,70,80,OPEN,neutral,bearish,FVG,1.009,1,2.469,0.386,0.4693,1.136,6.455,BOS bearish | Vol 23.4x | FVG | ChoCH | Engulfing | Session:OPEN | Zone:FVG | MTF 15,BOS+2 | 1hN+1 | 4h+2 | Vol+2 | RSI+1 | BTCok+1 | FVG+1 | ChoCH+1 | Engulfing+1 | Zone:FVG+1 | Sess:OPEN | NestedOB_1h+2,0,0.375,range
MSFTUSDT,2281,2301,1783605600,1783624500,SHORT,SL,376.785,371.133225,359.829675,382.436775,-1.0819609768612457,-1.2152943101945795,0.13333333333333366,16,1.86,39.18,0.29660023446659056,0.00933521109657653,5.9362607363149085,base,adaptive disabled,1.15,1.0,82.5,90,75,80,80,OPEN,bearish,bearish,OB,2.851,9,5.308,-1.0,-0.0611,0.278,1.117,BOS bearish | Vol 1.9x | FVG | OB | ChoCH | Session:OPEN | StrongTrend1h | Zone:OB | MTF 16 | Risk x1.15,BOS+2 | BodyStrong+1 | 1h+2 | 4h+2 | Vol+1 | RSI+1 | BTC+2 | FVG+1 | OB+1 | ChoCH+1 | Zone:OB+1 | Sess:OPEN | Strong1h+1 | QualityRisk:1.15,0,0.55,bear
SPCXUSDT,2347,2356,1783665000,1783674000,SHORT,TRAIL,151.05,149.55,146.66759271,152.51080243,1.0758250879576763,0.8690209412805655,0.20680414667711075,14,1.7,30.98,0.3681318681318569,0.004127194456284531,1.6835607007769653,base,adaptive disabled,1.15,1.0,77.0,60,100,80,80,OFF,neutral,bearish,OB,0.972,2,0.071,4.056,-0.2315,0.0,1.464,BOS bearish | Vol 1.7x | FVG | OB | ChoCH | Engulfing | Zone:OB | MTF 14 | Risk x1.15,BOS+2 | BodyStrong+1 | 1hN+1 | 4h+2 | Vol+1 | BTC+2 | FVG+1 | OB+1 | ChoCH+1 | Engulfing+1 | Zone:OB+1 | Sess:OFF | QualityRisk:1.15,0,0.5,range
INTCUSDT,2355,2375,1783672200,1783691100,SHORT,TRAIL,109.36,107.7196,104.4388,111.0004,0.0,-0.13333333333333336,0.13333333333333336,15,2.98,29.36,0.5569620253164579,0.009738620588038616,2.9605406587664485,base,adaptive disabled,1.15,1.0,88.5,90,90,90,80,OFF,bearish,bearish,FVG,3.24,9,2.271,0.835,-0.1174,0.778,3.073,BOS bearish | Vol 3.0x | FVG | ChoCH | Engulfing | StrongTrend1h | Zone:FVG | MTF 15 | Risk x1.15,BOS+2 | BodyStrong+1 | 1h+2 | 4h+2 | Vol+2 | BTCok+1 | FVG+1 | ChoCH+1 | Engulfing+1 | Zone:FVG+1 | Sess:OFF | Strong1h+1 | QualityRisk:1.15,0,0.5,bear
MRVLUSDT,2355,2374,1783672200,1783690200,SHORT,TP2,240.45,236.46,235.03,244.05675,1.5027379219518902,1.369404588618557,0.13333333333333314,14,2.42,30.94,0.5806988352745476,0.008079085474651469,2.0016546315387465,base,adaptive disabled,1.15,1.0,76.2,55,90,90,80,OFF,bearish,neutral,FVG,1.052,3,2.819,2.199,0.0265,0.785,2.333,BOS bearish | Vol 2.4x | FVG | ChoCH | Zone:FVG | MTF 14 | Risk x1.15,BOS+2 | BodyStrong+1 | 1h+2 | 4hN+1 | Vol+2 | BTCok+1 | FVG+1 | ChoCH+1 | Zone:FVG+1 | Sess:OFF | NestedOB_1h+2 | QualityRisk:1.15,0,0.575,range
METAUSDT,2356,2364,1783673100,1783681200,LONG,TRAIL,641.735,648.54152836,662.15458509,634.92847164,1.3253950308180222,1.1368304745395852,0.18856455627843696,15,1.95,64.36,0.1662921348314557,0.0043893446322115426,1.4170304349338745,base,adaptive disabled,1.25,1.0,74.3,90,79,50,80,OFF,bullish,bullish,FVG,1.099,3,1.448,16.326,0.0181,0.0,1.733,BOS bullish | Vol 1.9x | FVG | MACD_Div | ChoCH | StrongTrend1h | Zone:FVG | MTF 15 | Risk x1.25,BOS+2 | 1h+2 | 4h+2 | Vol+1 | RSI+1 | BTC+2 | FVG+1 | MACD_Div+1 | ChoCH+1 | Zone:FVG+1 | Sess:OFF | Strong1h+1 | QualityRisk:1.15 | TrendPairRisk:1.25,0,0.525,range
AMZNUSDT,2357,2374,1783674000,1783690200,LONG,TP2,247.45,249.29,250.4194,246.4602,3.0,2.5000000000000013,0.4999999999999988,18,3.36,64.35,0.2594594594594604,0.0032386036272975508,4.443903943925086,base,adaptive disabled,1.15,1.0,78.7,90,71,70,80,OFF,bullish,bullish,FVG,0.63,2,4.17,4.86,0.3115,7.727,2.49,BOS bullish | Vol 3.4x | FVG | ChoCH | BullWick | StrongTrend1h | Zone:FVG | MTF 18 | Risk x1.15,BOS+2 | 1h+2 | 4h+2 | Vol+2 | RSI+1 | BTC+2 | FVG+1 | ChoCH+1 | BullWick+1 | Zone:FVG+1 | Sess:OFF | Strong1h+1 | NestedOB_1h+2 | TrendPairRisk:1.15,0,0.55,bull
TSLAUSDT,2365,2374,1783681200,1783690200,LONG,TRAIL,404.9,410.47,419.29,400.41948904,0.0,-0.1807383147211405,0.1807383147211405,15,2.06,65.97,0.1802618328298106,0.002025273435079226,1.3692536149002286,base,adaptive disabled,1.25,1.0,86.7,90,81,90,80,OFF,bullish,bullish,FVG,2.31,5,1.648,3.783,0.157,0.0,1.085,BOS bullish | Vol 2.1x | FVG | ChoCH | StrongTrend1h | Zone:FVG | MTF 15 | Risk x1.25,BOS+2 | BodyStrong+1 | 1h+2 | 4h+2 | Vol+2 | RSI+1 | BTCok+1 | FVG+1 | ChoCH+1 | Zone:FVG+1 | Sess:OFF | Strong1h+1 | QualityRisk:1.15 | TrendPairRisk:1.25,0,0.575,bear
NVDAUSDT,2383,2392,1783697400,1783706400,LONG,TRAIL,207.77,210.88655,217.11965,204.65345,1.1061358961932248,0.9728025628598922,0.13333333333333258,14,1.42,71.84,0.46867565424266483,0.00773360143604012,4.624466199888454,base,adaptive disabled,1.25,1.0,74.5,90,80,50,80,MIDDAY,bullish,bullish,FVG,0.079,1,-1.0,4.702,0.4531,0.0,0.863,BOS bullish | Vol 1.4x | FVG | ChoCH | Engulfing | StrongTrend1h | Zone:FVG | MTF 14 | Risk x1.25,BOS+2 | 1h+2 | 4h+2 | Vol+1 | BTC+2 | FVG+1 | ChoCH+1 | Engulfing+1 | Zone:FVG+1 | Sess:MIDDAY | Strong1h+1 | QualityRisk:1.15 | TrendPairRisk:1.25,0,0.5,bull
CBRSUSDT,2384,2386,1783698300,1783701000,LONG,TRAIL,209.085,212.221275,218.493825,205.948725,1.7943005333019366,1.6609671999686038,0.13333333333333283,15,1.56,68.06,0.3379065040650413,0.02845180432372452,4.400916201607076,base,adaptive disabled,1.15,1.0,80.5,90,80,70,80,MIDDAY,bullish,bullish,FVG,0.214,2,-1.0,3.07,0.108,0.0,1.588,BOS bullish | Vol 1.6x | FVG | ChoCH | BullWick | StrongTrend1h | Zone:FVG | MTF 15 | Risk x1.15,BOS+2 | BodyStrong+1 | 1h+2 | 4h+2 | Vol+1 | BTC+2 | FVG+1 | ChoCH+1 | BullWick+1 | Zone:FVG+1 | Sess:MIDDAY | Strong1h+1 | TrendPairRisk:1.15,0,0.45,range
QQQUSDT,2394,2447,1783707300,1783755900,LONG,TRAIL,723.465,729.59641583,741.85924749,717.33358417,0.9294987527907398,0.6935124748872901,0.23598627790344978,19,7.36,61.76,0.27635960044395247,0.0012485705948381794,1.209165706865253,base,adaptive disabled,1.25,1.0,86.1,90,93,80,80,MIDDAY,bullish,bullish,OB,1.33,9,0.433,4.27,0.1746,0.976,8.352,BOS bullish | Vol 7.4x | FVG | OB | ChoCH | BullWick | StrongTrend1h | Zone:OB | MTF 19 | Risk x1.25,BOS+2 | 1h+2 | 4h+2 | Vol+2 | RSI+1 | BTC+2 | FVG+1 | OB+1 | ChoCH+1 | BullWick+1 | Zone:OB+1 | Sess:MIDDAY | Strong1h+1 | NestedOB_1h+2 | QualityRisk:1.15 | TrendPairRisk:1.25,0,0.525,range
SOXLUSDT,2417,2609,1783728000,1783901700,LONG,SL,193.865,202.06,202.74,190.957025,-1.3153483093905514,-1.4486816427238838,0.13333333333333233,18,2.1,70.79,0.5393654524089248,0.008744230176883258,0.8253867465007456,base,adaptive disabled,1.25,1.0,90.5,90,100,90,80,OFF,bullish,bullish,FVG,1.705,1,0.312,4.415,0.0701,2.957,1.084,BOS bullish | Vol 2.1x | FVG | ChoCH | Engulfing | StrongTrend1h | Zone:FVG | MTF 18 | Risk x1.25,BOS+2 | BodyStrong+1 | 1h+2 | 4h+2 | Vol+2 | BTC+2 | FVG+1 | ChoCH+1 | Engulfing+1 | Zone:FVG+1 | Sess:OFF | Strong1h+1 | NestedOB_1h+2 | QualityRisk:1.15 | TrendPairRisk:1.25,0,0.35,range
CBRSUSDT,2427,2467,1783737000,1783773900,LONG,SL,215.85,219.04906641,225.44719922,212.65093359,-1.4035344767975542,-1.5384800967604733,0.1349456199629191,16,1.77,66.85,0.2878270762229806,0.007043425518129432,1.110168157402166,base,adaptive disabled,1.25,1.0,83.3,90,94,70,80,OFF,bullish,bullish,FVG,1.163,1,-1.0,17.332,0.0471,10.0,2.15,BOS bullish | Vol 1.8x | FVG | ChoCH | BullWick | StrongTrend1h | Zone:FVG | MTF 16 | Risk x1.25,BOS+2 | BodyStrong+1 | 1h+2 | 4h+2 | Vol+1 | RSI+1 | BTC+2 | FVG+1 | ChoCH+1 | BullWick+1 | Zone:FVG+1 | Sess:OFF | Strong1h+1 | QualityRisk:1.15 | TrendPairRisk:1.25,0,0.5,bull
