symbol,entry_bar,exit_bar,entry_time,exit_time,direction,outcome,entry,tp1,tp2,sl,gross_r,net_r,cost_r,mtf_score,volume_ratio,rsi,eff_ratio,vol_atr_pct,vol_ratio_regime,adaptive_pack,adaptive_reason,risk_mult,size_mult,quality_score,trend_score,volatility_score,entry_quality_score,portfolio_risk_score,session,trend_1h,trend_4h,entry_source,bos_extension_atr,bos_candles_ago,overhead_atr,underfoot_atr,buy_pressure,accel_ratio,absorption,signals,score_tags,premium,knn_score,swing_trend
MSFTUSDT,96,168,1775677500,1775743200,SHORT,TRAIL,376.235,372.30336406,364.44009217,380.16663594,2.0281467266894118,1.83675820255256,0.19138852413685187,14,6.84,36.75,0.28366762177650556,0.0031488860669244777,1.3520267142688571,base,adaptive disabled,1.15,1.0,80.0,55,94,100,80,CLOSE,bearish,neutral,OB,2.81,9,11.82,-1.0,-0.1802,2.474,4.143,BOS bearish | Vol 6.8x | FVG | OB | ChoCH | Session:CLOSE | Zone:OB | MTF 14 | Risk x1.15,BOS+2 | BodyStrong+1 | 1h+2 | 4hN+1 | Vol+2 | RSI+1 | BTCok+1 | FVG+1 | OB+1 | ChoCH+1 | Zone:OB+1 | Sess:CLOSE | QualityRisk:1.15,0,-1.0,bear
NVDAUSDT,113,172,1775692800,1775746800,SHORT,SL,181.9,178.16,174.5968,182.6276,-2.7831225948323315,-3.5331225948323364,0.7500000000000049,15,1.75,29.66,0.4821428571428603,0.0011607800456638325,0.5860649474999062,base,adaptive disabled,1.15,1.5,67.2,55,90,60,80,OFF,bearish,neutral,OB,1.315,3,5.259,2.281,-0.0181,6.2,1.256,BOS bearish | Vol 1.8x | FVG | OB | ChoCH | BearWick | Zone:OB | MTF 15 | Risk x1.15,BOS+2 | 1h+2 | 4hN+1 | Vol+1 | BTC+2 | FVG+1 | OB+1 | ChoCH+1 | BearWick+1 | Zone:OB+1 | Sess:OFF | NestedOB_1h+2 | QualityRisk:1.15,0,-1.0,range
METAUSDT,122,168,1775700900,1775743200,LONG,TRAIL,613.935,630.05,642.651,611.42430356,7.504838833650499,7.015783294941078,0.4890555387094212,17,2.38,60.25,0.26666666666666955,0.002876559074988835,0.9228836161830651,base,adaptive disabled,1.15,1.0,79.7,55,92,100,80,OFF,bullish,neutral,OB,0.306,1,7.576,15.429,-0.1818,0.342,3.383,BOS bullish | Vol 2.4x | FVG | OB | ChoCH | Zone:OB | MTF 17 | Risk x1.15,BOS+2 | BodyStrong+1 | 1h+2 | 4hN+1 | Vol+2 | RSI+1 | BTC+2 | FVG+1 | OB+1 | ChoCH+1 | Zone:OB+1 | Sess:OFF | NestedOB_1h+2 | QualityRisk:1.15,0,0.7,bull
CRCLUSDT,144,168,1775720700,1775743200,SHORT,TRAIL,93.01,91.7068886,89.10066581,94.3131114,2.6498697994432385,2.5071191489616287,0.1427506504816098,14,1.94,34.74,0.3071253071253098,0.004126324065341892,1.1742517968990052,base,adaptive disabled,1.15,1.0,71.5,55,96,70,80,OFF,bearish,neutral,FVG,1.415,1,4.275,0.924,-0.0665,3.63,2.403,BOS bearish | Vol 1.9x | FVG | ChoCH | Engulfing | Zone:FVG | MTF 14 | Risk x1.15,BOS+2 | BodyStrong+1 | 1h+2 | 4hN+1 | Vol+1 | RSI+1 | BTC+2 | FVG+1 | ChoCH+1 | Engulfing+1 | Zone:FVG+1 | Sess:OFF | QualityRisk:1.15,0,0.5,bear
TSLAUSDT,144,152,1775720700,1775728800,SHORT,SL,343.79,340.26,339.30673938,345.28442021,-1.4186103652867643,-1.8787085327225528,0.4600981674357884,16,1.31,38.1,0.4358974358974185,0.002102477410364916,1.2453553695362518,base,adaptive disabled,1.15,1.0,69.2,55,100,60,80,OFF,bearish,neutral,OB,0.46,1,4.369,3.383,0.0684,1.17,1.694,BOS bearish | Vol 1.3x | FVG | OB | ChoCH | Engulfing | Zone:OB | MTF 16 | Risk x1.15,BOS+2 | 1h+2 | 4hN+1 | Vol+1 | RSI+1 | BTC+2 | FVG+1 | OB+1 | ChoCH+1 | Engulfing+1 | Zone:OB+1 | Sess:OFF | NestedOB_1h+2 | QualityRisk:1.15,0,0.525,bull
METAUSDT,152,168,1775727900,1775743200,LONG,TRAIL,615.905,630.05,642.651,611.38532295,3.7345174735439572,3.461973664246782,0.2725438092971753,19,1.81,65.31,0.19033232628398314,0.0024318054631769117,1.439815896159722,base,adaptive disabled,1.25,1.0,71.7,55,82,80,80,OFF,bullish,neutral,OB,1.405,2,8.325,20.338,0.2388,0.0,1.826,BOS bullish | Vol 1.8x | FVG | OB | LiqSweep | ChoCH | BullWick | Zone:OB | 💎PREMIUM | MTF 19 | Risk x1.25,BOS+2 | BodyStrong+1 | 1h+2 | 4hN+1 | Vol+1 | RSI+1 | BTC+2 | FVG+1 | OB+1 | LiqSweep+1 | ChoCH+1 | BullWick+1 | Zone:OB+1 | Sess:OFF | 💎Premium+3 | QualityRisk:1.15 | RelStrengthRisk:1.25,1,0.55,bear
SNDKUSDT,155,162,1775730600,1775737800,LONG,TRAIL,790.1,803.89,825.6545,778.2485,1.2546035732274798,1.1212702398941463,0.13333333333333347,16,2.7,71.19,0.3611977542108562,0.007749166394542168,2.0509283469284036,base,adaptive disabled,1.0,1.0,76.2,55,90,90,80,OFF,bullish,neutral,FVG,4.068,5,2.933,8.346,0.3103,0.0,2.419,BOS bullish | Vol 2.7x | FVG | ChoCH | Engulfing | BullWick | Zone:FVG | MTF 16,BOS+2 | BodyStrong+1 | 1h+2 | 4hN+1 | Vol+2 | BTCok+1 | FVG+1 | ChoCH+1 | Engulfing+1 | BullWick+1 | Zone:FVG+1 | Sess:OFF | NestedOB_1h+2,0,0.525,bear
MUUSDT,162,168,1775736900,1775743200,LONG,TRAIL,404.435,410.501525,422.634575,398.368475,1.807162014977954,1.6738286816446208,0.13333333333333305,16,4.42,66.64,0.3105076741440376,0.005158815776009439,1.1914777060479151,base,adaptive disabled,1.15,1.0,71.7,55,97,70,80,OFF,bullish,neutral,FVG,0.588,1,1.134,3.932,0.2289,1.473,4.693,BOS bullish | Vol 4.4x | FVG | LiqSweep | ChoCH | Engulfing | BullWick | Zone:FVG | MTF 16 | Risk x1.15,BOS+2 | 1h+2 | 4hN+1 | Vol+2 | RSI+1 | BTC+2 | FVG+1 | LiqSweep+1 | ChoCH+1 | Engulfing+1 | BullWick+1 | Zone:FVG+1 | Sess:OFF | QualityRisk:1.15,0,0.5,range
METAUSDT,168,174,1775742300,1775748600,LONG,TRAIL,622.69,632.03035,650.71105,613.34965,1.510827460843047,1.3108274608430481,0.1999999999999988,15,2.94,60.53,0.31426851294401104,0.013090228151623293,6.624835711194998,base,adaptive disabled,1.25,1.5,76.7,55,77,100,80,OPEN,bullish,neutral,OB,0.305,2,1.311,4.477,0.1211,2.242,1.283,BOS bullish | Vol 2.9x | FVG | OB | ChoCH | Session:OPEN | Zone:OB | MTF 15 | Risk x1.25,BOS+2 | BodyStrong+1 | 1h+2 | 4hN+1 | Vol+2 | RSI+1 | BTC+2 | FVG+1 | OB+1 | ChoCH+1 | Zone:OB+1 | Sess:OPEN | QualityRisk:1.15 | RelStrengthRisk:1.25,0,0.575,bull
SNDKUSDT,170,173,1775744100,1775747700,LONG,TRAIL,812.265,824.448975,848.816925,800.081025,1.3720635921536761,1.2387302588203433,0.13333333333333297,13,2.24,68.8,0.4794114010139721,0.010968054513784178,2.406265811130119,base,adaptive disabled,1.25,1.0,79.2,55,90,100,80,OPEN,bullish,neutral,OB,2.898,9,-1.0,7.182,0.2283,0.968,1.663,BOS bullish | Vol 2.2x | OB | ChoCH | Session:OPEN | Zone:OB | MTF 13 | Risk x1.25,BOS+2 | BodyStrong+1 | 1h+2 | 4hN+1 | Vol+2 | BTC+2 | OB+1 | ChoCH+1 | Zone:OB+1 | Sess:OPEN | QualityRisk:1.15 | RelStrengthRisk:1.25,0,0.7,bull
TSLAUSDT,215,263,1775784600,1775828700,LONG,TRAIL,346.875,349.38,353.67170823,344.60943059,0.0,-0.30621440991295706,0.30621440991295706,15,2.29,66.12,0.28187919463086236,0.002102386349424608,0.731819664371422,base,adaptive disabled,1.15,1.0,74.8,55,83,90,80,OFF,bullish,neutral,FVG,1.428,1,2.482,10.04,-0.1411,0.0,2.067,BOS bullish | Vol 2.3x | FVG | ChoCH | Engulfing | Zone:FVG | MTF 15 | Risk x1.15,BOS+2 | BodyStrong+1 | 1h+2 | 4hN+1 | Vol+2 | RSI+1 | BTC+2 | FVG+1 | ChoCH+1 | Engulfing+1 | Zone:FVG+1 | Sess:OFF | QualityRisk:1.15,0,0.4,range
MUUSDT,216,255,1775785500,1775821500,LONG,TRAIL,420.085,423.83495891,431.33487673,416.33504109,0.9712110801684382,0.7471632918688044,0.2240477882996338,14,1.63,66.35,0.1519434628975255,0.0035522823122282744,0.771686591775049,base,adaptive disabled,1.15,1.0,69.3,65,68,70,80,OFF,bullish,neutral,FVG,0.024,2,0.685,14.267,-0.0643,0.0,1.899,BOS bullish | Vol 1.6x | FVG | ChoCH | StrongTrend1h | Zone:FVG | MTF 14 | Risk x1.15,BOS+2 | BodyStrong+1 | 1h+2 | 4hN+1 | Vol+1 | RSI+1 | BTC+2 | FVG+1 | ChoCH+1 | Zone:FVG+1 | Sess:OFF | Strong1h+1 | QualityRisk:1.15,0,0.6,range
METAUSDT,218,264,1775787300,1775829600,LONG,TRAIL,629.81,637.92,650.6784,627.29076,3.050884265177337,2.3008842651773276,0.7500000000000095,15,3.35,60.58,0.3662551440329228,0.0016316456418589084,0.729067874993301,base,adaptive disabled,1.15,1.5,76.8,65,90,80,80,OFF,bullish,neutral,OB,2.18,8,3.768,16.093,0.0156,2.938,4.321,BOS bullish | Vol 3.4x | FVG | OB | ChoCH | BullWick | StrongTrend1h | Zone:OB | MTF 15 | Risk x1.15,BOS+2 | 1h+2 | 4hN+1 | Vol+2 | RSI+1 | BTCok+1 | FVG+1 | OB+1 | ChoCH+1 | BullWick+1 | Zone:OB+1 | Sess:OFF | Strong1h+1 | QualityRisk:1.15,0,0.6,bull
NVDAUSDT,255,262,1775820600,1775827800,LONG,TP2,183.345,185.17,185.99945739,182.46018087,2.999999999999968,2.5855763199875392,0.4144236800124286,16,3.45,62.12,0.23348017621145903,0.0011263460305371337,1.2118158175607947,base,adaptive disabled,1.15,1.0,79.3,65,88,90,80,OFF,bullish,neutral,FVG,1.047,2,1.594,3.05,0.1669,0.0,3.443,BOS bullish | Vol 3.5x | FVG | MACD_Div | ChoCH | BullWick | StrongTrend1h | Zone:FVG | MTF 16 | Risk x1.15,BOS+2 | BodyStrong+1 | 1h+2 | 4hN+1 | Vol+2 | RSI+1 | BTCok+1 | FVG+1 | MACD_Div+1 | ChoCH+1 | BullWick+1 | Zone:FVG+1 | Sess:OFF | Strong1h+1 | QualityRisk:1.15,0,0.475,range
MUUSDT,257,262,1775822400,1775827800,LONG,TRAIL,420.355,424.37204463,432.40613389,416.33795537,1.1497303714998086,0.9404446708328507,0.20928570066695798,14,2.02,57.19,0.28088506453595663,0.0021525996783549888,0.6800769207700125,base,adaptive disabled,1.15,1.0,75.3,65,83,80,80,OFF,bullish,neutral,OB,0.204,7,1.156,4.056,0.1047,1.156,2.311,BOS bullish | Vol 2.0x | FVG | OB | StrongTrend1h | Zone:OB | MTF 14 | Risk x1.15,BOS+2 | 1h+2 | 4hN+1 | Vol+2 | RSI+1 | BTC+2 | FVG+1 | OB+1 | Zone:OB+1 | Sess:OFF | Strong1h+1 | QualityRisk:1.15,0,0.575,bear
MSTRUSDT,265,270,1775829600,1775835000,LONG,TRAIL,129.89,131.54183099,134.84549297,128.23816901,1.3860317154460646,1.1501298572299254,0.2359018582161392,15,3.86,52.32,0.22500000000000073,0.016088553901947314,7.482326746832784,base,adaptive disabled,1.15,1.5,69.2,65,67,70,80,OPEN,bullish,neutral,FVG,0.922,9,3.203,1.638,0.0119,0.0,2.143,BOS bullish | Vol 3.9x | FVG | LiqSweep | BullWick | Session:OPEN | StrongTrend1h | Zone:FVG | MTF 15 | Risk x1.15,BOS+2 | 1h+2 | 4hN+1 | Vol+2 | RSI+1 | BTC+2 | FVG+1 | LiqSweep+1 | BullWick+1 | Zone:FVG+1 | Sess:OPEN | Strong1h+1 | QualityRisk:1.15,0,0.525,range
MSFTUSDT,272,457,1775835900,1776003300,SHORT,TRAIL,372.81,368.96521874,361.27565621,376.65478126,1.016392997464981,0.8224625890546982,0.19393040841028283,14,3.92,28.75,0.40485829959513725,0.0033230569962221686,1.6621044946575392,base,adaptive disabled,1.0,1.0,75.8,65,100,70,80,MIDDAY,bearish,neutral,FVG,0.631,1,3.353,3.542,-0.0995,3.938,3.107,BOS bearish | Vol 3.9x | FVG | ChoCH | BearWick | StrongTrend1h | Zone:FVG | MTF 14,BOS+2 | 1h+2 | 4hN+1 | Vol+2 | BTC+2 | FVG+1 | ChoCH+1 | BearWick+1 | Zone:FVG+1 | Sess:MIDDAY | Strong1h+1,0,0.6,range
MUUSDT,522,551,1776060900,1776087900,LONG,TRAIL,413.22,417.47,421.06221806,410.60592731,0.0,-0.31615035158031507,0.31615035158031507,13,1.71,65.4,0.21095484826054603,0.0029859600168755823,1.0503629180054772,base,adaptive disabled,1.15,1.0,71.0,60,85,70,80,OFF,neutral,bullish,FVG,1.372,1,5.445,0.64,-0.0618,10.0,1.272,BOS bullish | Vol 1.7x | FVG | ChoCH | Zone:FVG | MTF 13 | Risk x1.15,BOS+2 | BodyStrong+1 | 1hN+1 | 4h+2 | Vol+1 | RSI+1 | BTC+2 | FVG+1 | ChoCH+1 | Zone:FVG+1 | Sess:OFF | QualityRisk:1.15,0,0.425,bull
INTCUSDT,541,550,1776078000,1776087000,LONG,TP2,62.17,62.94301635,64.48904905,61.39698365,4.500000000000014,4.258724378856941,0.24127562114307194,13,4.06,70.68,0.4623655913978458,0.0031559446483392494,1.400337725393921,base,adaptive disabled,1.25,1.5,87.0,80,100,90,80,OFF,bullish,bullish,FVG,1.849,1,3.287,0.959,0.2057,1.324,1.91,BOS bullish | Vol 4.1x | FVG | ChoCH | Zone:FVG | MTF 13 | Risk x1.25,BOS+2 | BodyStrong+1 | 1h+2 | 4h+2 | Vol+2 | BTCok+1 | FVG+1 | ChoCH+1 | Zone:FVG+1 | Sess:OFF | QualityRisk:1.15 | TrendPairRisk:1.25,0,0.425,bull
XAGUSDT,546,561,1776082500,1776096900,SHORT,SL,74.33,72.64,72.2281608,75.03061307,-1.1133106609044532,-1.3254962543019606,0.2121855933975074,14,1.37,38.04,0.3009708737864007,0.003958059658084173,1.342142047697621,base,adaptive disabled,1.15,1.0,83.7,90,96,70,80,OFF,bearish,bearish,FVG,1.446,8,3.39,4.565,-0.2826,2.444,0.723,BOS bearish | Vol 1.4x | FVG | ChoCH | StrongTrend1h | Zone:FVG | MTF 14 | Risk x1.15,BOS+2 | BodyStrong+1 | 1h+2 | 4h+2 | Vol+1 | RSI+1 | BTCok+1 | FVG+1 | ChoCH+1 | Zone:FVG+1 | Sess:OFF | Strong1h+1 | QualityRisk:1.15,0,0.625,bear
GOOGLUSDT,551,553,1776087000,1776089700,LONG,TRAIL,315.36,318.12,322.52925319,312.97024894,2.904409188233957,2.5085185802808487,0.3958906079531084,13,18.41,67.27,0.3219895287958022,0.005307392296358997,6.1660104278612335,base,adaptive disabled,1.25,1.5,67.8,55,78,70,80,OPEN,bullish,neutral,FVG,1.892,2,2.893,8.116,-0.0815,1.929,5.257,BOS bullish | Vol 18.4x | FVG | ChoCH | Session:OPEN | Zone:FVG | MTF 13 | Risk x1.25,BOS+2 | 1h+2 | 4hN+1 | Vol+2 | RSI+1 | BTC+2 | FVG+1 | ChoCH+1 | Zone:FVG+1 | Sess:OPEN | QualityRisk:1.15 | RelStrengthRisk:1.25,0,0.5,range
METAUSDT,551,554,1776087000,1776090600,LONG,TRAIL,625.45,630.98468571,642.05405714,619.91531429,1.0531255364110477,0.7141089963011351,0.33901654010991245,15,15.01,61.47,0.3059250302297482,0.00540901111529421,5.809277937826504,base,adaptive disabled,1.25,1.5,82.2,80,76,90,80,OPEN,bullish,bullish,FVG,1.844,3,0.794,1.745,-0.1966,1.032,4.526,BOS bullish | Vol 15.0x | FVG | ChoCH | Session:OPEN | Zone:FVG | MTF 15 | Risk x1.25,BOS+2 | BodyStrong+1 | 1h+2 | 4h+2 | Vol+2 | RSI+1 | BTC+2 | FVG+1 | ChoCH+1 | Zone:FVG+1 | Sess:OPEN | QualityRisk:1.15 | TrendPairRisk:1.25,0,0.5,bull
MSFTUSDT,552,554,1776087900,1776090600,LONG,TRAIL,372.33,376.41619663,384.5885899,368.24380337,2.5276875141387807,2.254330624800832,0.2733568893379491,14,11.12,67.0,0.3059653624118029,0.007492269830981055,6.937467249998189,base,adaptive disabled,1.15,1.5,73.5,55,76,90,80,OPEN,bullish,neutral,FVG,3.011,3,0.091,0.115,0.2,6.694,4.42,BOS bullish | Vol 11.1x | FVG | ChoCH | Session:OPEN | Zone:FVG | MTF 14 | Risk x1.15,BOS+2 | BodyStrong+1 | 1h+2 | 4hN+1 | Vol+2 | RSI+1 | BTC+2 | FVG+1 | ChoCH+1 | Zone:FVG+1 | Sess:OPEN | RelStrengthRisk:1.15,0,0.25,range
INTCUSDT,553,555,1776088800,1776091500,LONG,TRAIL,62.915,63.858725,65.746175,61.971275,1.7768233090594219,1.6434899757260886,0.13333333333333325,15,1.65,68.32,0.35181236673773814,0.02067646186029812,9.097643218545905,base,adaptive disabled,1.25,1.0,74.5,90,80,50,80,OPEN,bullish,bullish,FVG,2.669,2,-1.0,3.183,0.2055,8.706,1.12,BOS bullish | Vol 1.6x | FVG | LiqSweep | ChoCH | Engulfing | Session:OPEN | StrongTrend1h | Zone:FVG | MTF 15 | Risk x1.25,BOS+2 | 1h+2 | 4h+2 | Vol+1 | BTC+2 | FVG+1 | LiqSweep+1 | ChoCH+1 | Engulfing+1 | Zone:FVG+1 | Sess:OPEN | Strong1h+1 | QualityRisk:1.15 | TrendPairRisk:1.25,0,0.525,range
SNDKUSDT,556,568,1776091500,1776103200,LONG,TRAIL,900.26,913.7639,940.7717,886.7561,1.81498009783784,1.6816467645045072,0.13333333333333292,15,2.47,71.87,0.4409897087803822,0.014405677802949643,4.6843906500821095,base,adaptive disabled,1.25,1.0,86.5,90,80,90,80,OPEN,bullish,bullish,FVG,4.059,5,-1.0,6.71,0.2843,0.0,2.168,BOS bullish | Vol 2.5x | FVG | ChoCH | Session:OPEN | StrongTrend1h | Zone:FVG | MTF 15 | Risk x1.25,BOS+2 | BodyStrong+1 | 1h+2 | 4h+2 | Vol+2 | BTC+2 | FVG+1 | ChoCH+1 | Zone:FVG+1 | Sess:OPEN | Strong1h+1 | TrendPairRisk:1.15 | RelStrengthRisk:1.25,0,0.6,range
MUUSDT,575,579,1776108600,1776113100,LONG,TRAIL,422.165,428.497475,441.162425,415.832525,1.049473914461286,0.9161405811279535,0.1333333333333324,15,6.29,68.78,0.34988565828160717,0.005085940535882305,1.1884528688176557,base,adaptive disabled,1.25,1.0,90.5,90,100,90,80,CLOSE,bullish,bullish,FVG,2.19,3,0.731,2.803,0.4405,3.267,12.897,BOS bullish | Vol 6.3x | FVG | ChoCH | Session:CLOSE | StrongTrend1h | Zone:FVG | MTF 15 | Risk x1.25,BOS+2 | BodyStrong+1 | 1h+2 | 4h+2 | Vol+2 | BTC+2 | FVG+1 | ChoCH+1 | Zone:FVG+1 | Sess:CLOSE | Strong1h+1 | QualityRisk:1.15 | TrendPairRisk:1.25,0,0.4,range
INTCUSDT,593,646,1776124800,1776173400,LONG,SL,65.74,66.55478149,68.18434448,64.92521851,-2.5037387631375725,-2.665107181067636,0.16136841793006337,16,2.21,70.47,0.5781249999999891,0.002834325965166494,0.7964455962130034,base,adaptive disabled,1.25,1.0,82.5,90,90,70,80,OFF,bullish,bullish,FVG,0.739,6,-1.0,18.675,0.3785,0.542,1.496,BOS bullish | Vol 2.2x | FVG | ChoCH | BullWick | StrongTrend1h | Zone:FVG | MTF 16 | Risk x1.25,BOS+2 | 1h+2 | 4h+2 | Vol+2 | BTCok+1 | FVG+1 | ChoCH+1 | BullWick+1 | Zone:FVG+1 | Sess:OFF | Strong1h+1 | NestedOB_1h+2 | QualityRisk:1.15 | TrendPairRisk:1.25,0,0.575,bull
MUUSDT,597,627,1776128400,1776156300,LONG,TRAIL,432.03,438.29081552,450.81244655,425.76918448,1.3564953882228572,1.2184846135498477,0.13801077467300948,15,1.68,69.0,0.37298636926889633,0.003794124047449939,0.8369272566371664,base,adaptive disabled,1.25,1.0,84.5,90,100,70,80,OFF,bullish,bullish,FVG,1.219,4,-1.0,10.169,0.0627,1.02,1.209,BOS bullish | Vol 1.7x | FVG | Engulfing | StrongTrend1h | Zone:FVG | MTF 15 | Risk x1.25,BOS+2 | BodyStrong+1 | 1h+2 | 4h+2 | Vol+1 | BTCok+1 | FVG+1 | Engulfing+1 | Zone:FVG+1 | Sess:OFF | Strong1h+1 | NestedOB_1h+2 | QualityRisk:1.15 | TrendPairRisk:1.25,0,0.475,bull
XAUUSDT,598,621,1776129300,1776150900,LONG,TRAIL,4747.65,4768.47479863,4810.12439588,4726.82520137,1.8679176085210172,1.4119564168328795,0.45596119168813765,13,1.34,68.67,0.48678071539660756,0.0015742698736347146,0.9977302653797395,base,adaptive disabled,1.15,1.0,75.8,65,100,70,80,OFF,bullish,neutral,FVG,0.411,3,2.927,3.616,-0.0143,0.573,1.805,BOS bullish | Vol 1.3x | FVG | ChoCH | Engulfing | StrongTrend1h | Zone:FVG | MTF 13 | Risk x1.15,BOS+2 | BodyStrong+1 | 1h+2 | 4hN+1 | Vol+1 | BTCok+1 | FVG+1 | ChoCH+1 | Engulfing+1 | Zone:FVG+1 | Sess:OFF | Strong1h+1 | QualityRisk:1.15,0,0.425,bull
AMZNUSDT,607,614,1776137400,1776144600,LONG,TRAIL,240.185,241.14574,243.06722,239.22426,1.0724390214568542,0.5724390214568622,0.49999999999999195,13,1.52,66.39,0.26633165829145283,0.0010537545675394775,1.006462062548727,base,adaptive disabled,1.25,1.0,76.7,90,91,50,80,OFF,bullish,bullish,FVG,0.943,1,0.686,10.504,0.2368,0.0,1.972,BOS bullish | Vol 1.5x | FVG | ChoCH | StrongTrend1h | Zone:FVG | MTF 13 | Risk x1.25,BOS+2 | 1h+2 | 4h+2 | Vol+1 | RSI+1 | BTCok+1 | FVG+1 | ChoCH+1 | Zone:FVG+1 | Sess:OFF | Strong1h+1 | QualityRisk:1.15 | TrendPairRisk:1.25,0,0.625,range
METAUSDT,608,638,1776138300,1776166200,LONG,TRAIL,638.345,640.89838,646.00514,635.79162,2.6152791241543287,1.8652791241543465,0.7499999999999821,15,2.29,71.87,0.3128342245989197,0.0007915994086149803,0.7507079824477346,base,adaptive disabled,1.25,1.5,87.9,90,87,90,80,OFF,bullish,bullish,FVG,2.224,8,-1.0,16.707,0.7798,0.0,3.197,BOS bullish | Vol 2.3x | FVG | ChoCH | BullWick | StrongTrend1h | Zone:FVG | MTF 15 | Risk x1.25,BOS+2 | BodyStrong+1 | 1h+2 | 4h+2 | Vol+2 | BTCok+1 | FVG+1 | ChoCH+1 | BullWick+1 | Zone:FVG+1 | Sess:OFF | Strong1h+1 | QualityRisk:1.15 | TrendPairRisk:1.25,0,0.6,bull
GOOGLUSDT,618,624,1776147300,1776153600,LONG,TRAIL,321.8,323.0872,325.6616,320.5128,0.9906830700904773,0.4906830700904712,0.5000000000000061,16,3.77,66.94,0.25531914893617536,0.0009630664506761993,1.5476477862367817,base,adaptive disabled,1.25,1.0,88.5,90,90,90,80,OFF,bullish,bullish,FVG,2.003,1,0.167,5.8,0.1032,0.0,4.754,BOS bullish | Vol 3.8x | FVG | ChoCH | BullWick | StrongTrend1h | Zone:FVG | MTF 16 | Risk x1.25,BOS+2 | BodyStrong+1 | 1h+2 | 4h+2 | Vol+2 | RSI+1 | BTCok+1 | FVG+1 | ChoCH+1 | BullWick+1 | Zone:FVG+1 | Sess:OFF | Strong1h+1 | QualityRisk:1.15 | TrendPairRisk:1.25,0,0.575,range
SNDKUSDT,623,634,1776151800,1776162600,LONG,SL,978.59,992.85,1006.85226706,969.16924431,-1.2525534456355243,-1.4603053568837379,0.20775191124821366,20,1.48,58.37,0.19361358124494688,0.006565613754768287,1.3619257525577009,base,adaptive disabled,1.25,1.0,84.1,90,83,80,80,OFF,bullish,bullish,OB,0.337,1,1.787,3.176,0.1219,0.369,1.416,BOS bullish | Vol 1.5x | FVG | OB | LiqSweep | ChoCH | StrongTrend1h | Zone:OB | 💎PREMIUM | MTF 20 | Risk x1.25,BOS+2 | BodyStrong+1 | 1h+2 | 4h+2 | Vol+1 | RSI+1 | BTC+2 | FVG+1 | OB+1 | LiqSweep+1 | ChoCH+1 | Zone:OB+1 | Sess:OFF | Strong1h+1 | 💎Premium+3 | QualityRisk:1.15 | TrendPairRisk:1.25,1,0.8,range
INTCUSDT,625,628,1776153600,1776157200,LONG,TRAIL,65.9,66.46999529,67.60998588,65.33000471,1.7021198234924309,1.3552748521945155,0.3468449712979156,14,1.86,69.73,0.3248407643312119,0.0038327327643959477,2.287096169593951,base,adaptive disabled,1.25,1.5,76.1,90,88,50,80,OFF,bullish,bullish,FVG,1.688,3,-1.0,24.189,-0.079,4.667,0.632,BOS bullish | Vol 1.9x | FVG | MACD_Div | ChoCH | StrongTrend1h | Zone:FVG | MTF 14 | Risk x1.25,BOS+2 | 1h+2 | 4h+2 | Vol+1 | BTC+2 | FVG+1 | MACD_Div+1 | ChoCH+1 | Zone:FVG+1 | Sess:OFF | Strong1h+1 | QualityRisk:1.15 | TrendPairRisk:1.25,0,0.525,bear
EWYUSDT,629,652,1776157200,1776178800,LONG,TRAIL,141.875,143.58570247,147.00710742,140.16429753,1.150622002149801,0.98475446821212,0.16586753393768106,18,3.73,67.55,0.20328542094455318,0.0019904141033352447,1.0839335880440237,base,adaptive disabled,1.25,1.0,87.3,90,84,90,80,OFF,bullish,bullish,FVG,1.931,3,-1.0,7.695,0.244,0.0,3.016,BOS bullish | Vol 3.7x | FVG | ChoCH | BullWick | StrongTrend1h | Zone:FVG | MTF 18 | Risk x1.25,BOS+2 | BodyStrong+1 | 1h+2 | 4h+2 | Vol+2 | RSI+1 | BTCok+1 | FVG+1 | ChoCH+1 | BullWick+1 | Zone:FVG+1 | Sess:OFF | Strong1h+1 | NestedOB_1h+2 | QualityRisk:1.15 | TrendPairRisk:1.25,0,0.35,range
MUUSDT,629,646,1776157200,1776173400,LONG,SL,435.69,439.3527027,446.6781081,432.0272973,-1.3350796940193839,-1.572985981089857,0.23790628707047323,16,2.82,61.17,0.27547592385218345,0.004428050383684905,1.6223695367305278,base,adaptive disabled,1.25,1.0,92.1,90,93,100,80,OFF,bullish,bullish,OB,0.451,3,-1.0,15.962,-0.0005,2.28,2.061,BOS bullish | Vol 2.8x | FVG | OB | ChoCH | StrongTrend1h | Zone:OB | MTF 16 | Risk x1.25,BOS+2 | BodyStrong+1 | 1h+2 | 4h+2 | Vol+2 | RSI+1 | BTCok+1 | FVG+1 | OB+1 | ChoCH+1 | Zone:OB+1 | Sess:OFF | Strong1h+1 | QualityRisk:1.15 | TrendPairRisk:1.25,0,0.55,bull
METAUSDT,638,647,1776165300,1776174300,LONG,TRAIL,639.915,643.5390197,650.78705911,636.2909803,3.3227630682826517,2.7930349876102367,0.5297280806724146,17,4.74,71.79,0.4749536178107673,0.0024889768108601663,2.9393433371364046,base,adaptive disabled,1.25,1.5,88.5,90,90,90,80,OFF,bullish,bullish,FVG,2.459,1,-1.0,6.934,0.4192,2.683,1.907,BOS bullish | Vol 4.7x | FVG | ChoCH | StrongTrend1h | Zone:FVG | MTF 17 | Risk x1.25,BOS+2 | BodyStrong+1 | 1h+2 | 4h+2 | Vol+2 | BTC+2 | FVG+1 | ChoCH+1 | Zone:FVG+1 | Sess:OFF | Strong1h+1 | NestedOB_1h+2 | QualityRisk:1.15 | TrendPairRisk:1.25,0,0.5,range
CRCLUSDT,640,647,1776167100,1776174300,LONG,TP2,102.27,103.80405,106.87215,100.73595,3.0000000000000187,2.866666666666685,0.1333333333333339,15,1.37,60.76,0.31713900134952705,0.00512260406831068,1.2465419704777392,base,adaptive disabled,1.25,1.0,78.1,90,98,50,80,OFF,bullish,bullish,FVG,0.29,3,-1.0,26.235,0.1368,0.284,1.303,BOS bullish | Vol 1.4x | FVG | ChoCH | Engulfing | StrongTrend1h | Zone:FVG | MTF 15 | Risk x1.25,BOS+2 | 1h+2 | 4h+2 | Vol+1 | RSI+1 | BTC+2 | FVG+1 | ChoCH+1 | Engulfing+1 | Zone:FVG+1 | Sess:OFF | Strong1h+1 | TrendPairRisk:1.15 | RelStrengthRisk:1.25,0,0.45,range
GOOGLUSDT,647,649,1776173400,1776176100,LONG,TRAIL,324.675,326.21200643,329.2860193,323.13799357,4.0771719383526435,3.232217763372397,0.844954174980246,17,9.74,71.18,0.3938506588579801,0.004173244466444612,4.3681753692656615,base,adaptive disabled,1.25,2.0,86.5,90,80,90,80,OPEN,bullish,bullish,FVG,1.49,2,-1.0,8.835,0.4371,2.057,2.4,BOS bullish | Vol 9.7x | FVG | ChoCH | Engulfing | BullWick | Session:OPEN | StrongTrend1h | Zone:FVG | MTF 17 | Risk x1.25,BOS+2 | BodyStrong+1 | 1h+2 | 4h+2 | Vol+2 | BTC+2 | FVG+1 | ChoCH+1 | Engulfing+1 | BullWick+1 | Zone:FVG+1 | Sess:OPEN | Strong1h+1 | QualityRisk:1.15 | TrendPairRisk:1.25,0,0.55,bull
AMZNUSDT,649,658,1776175200,1776184200,LONG,TRAIL,245.085,248.761275,256.113825,241.408725,1.3022489798505172,1.168915646517184,0.1333333333333332,14,2.02,69.16,0.3294232649071376,0.009752895188937112,8.46202984714767,base,adaptive disabled,1.15,1.0,80.3,90,79,70,80,OPEN,bullish,bullish,FVG,3.687,8,-1.0,6.669,-0.0339,0.0,1.397,BOS bullish | Vol 2.0x | FVG | ChoCH | Session:OPEN | StrongTrend1h | Zone:FVG | MTF 14 | Risk x1.15,BOS+2 | 1h+2 | 4h+2 | Vol+2 | BTC+2 | FVG+1 | ChoCH+1 | Zone:FVG+1 | Sess:OPEN | Strong1h+1 | TrendPairRisk:1.15,0,0.65,bull
TSLAUSDT,651,657,1776177000,1776183300,LONG,TRAIL,360.825,366.237375,377.062125,355.412625,1.0431999591564043,0.9098666258230709,0.13333333333333341,14,1.79,70.7,0.4014300306435136,0.0073576238336435645,4.794762789918559,base,adaptive disabled,1.25,1.0,80.5,90,80,70,80,OPEN,bullish,bullish,FVG,1.805,2,2.506,8.178,0.0518,9.342,1.349,BOS bullish | Vol 1.8x | FVG | ChoCH | Session:OPEN | StrongTrend1h | Zone:FVG | MTF 14 | Risk x1.25,BOS+2 | BodyStrong+1 | 1h+2 | 4h+2 | Vol+1 | BTC+2 | FVG+1 | ChoCH+1 | Zone:FVG+1 | Sess:OPEN | Strong1h+1 | QualityRisk:1.15 | TrendPairRisk:1.25,0,0.475,bear
XAUUSDT,651,653,1776177000,1776179700,LONG,TRAIL,4767.4,4794.01360781,4847.24082344,4740.78639219,0.9277755899836574,0.5695077418936523,0.3582678480900051,17,2.37,61.72,0.18672199170124198,0.0030813638259727847,2.1001695448166378,base,adaptive disabled,1.25,1.0,84.9,90,72,90,80,OPEN,bullish,bullish,FVG,0.652,4,0.297,3.951,-0.0753,0.0,1.24,BOS bullish | Vol 2.4x | FVG | ChoCH | Engulfing | Session:OPEN | StrongTrend1h | Zone:FVG | MTF 17 | Risk x1.25,BOS+2 | BodyStrong+1 | 1h+2 | 4h+2 | Vol+2 | RSI+1 | BTC+2 | FVG+1 | ChoCH+1 | Engulfing+1 | Zone:FVG+1 | Sess:OPEN | Strong1h+1 | QualityRisk:1.15 | TrendPairRisk:1.25,0,0.4,range
XAGUSDT,653,688,1776178800,1776211200,LONG,TRAIL,78.545,79.723175,82.079525,77.366825,1.016865473388045,0.8835321400547111,0.1333333333333338,16,1.47,63.53,0.2576687116564435,0.00515652502278987,1.6541702562713174,base,adaptive disabled,1.25,1.0,82.5,90,90,70,80,MIDDAY,bullish,bullish,FVG,1.524,5,-1.0,7.995,0.078,0.0,1.045,BOS bullish | Vol 1.5x | FVG | MACD_Div | ChoCH | StrongTrend1h | Zone:FVG | MTF 16 | Risk x1.25,BOS+2 | BodyStrong+1 | 1h+2 | 4h+2 | Vol+1 | RSI+1 | BTC+2 | FVG+1 | MACD_Div+1 | ChoCH+1 | Zone:FVG+1 | Sess:MIDDAY | Strong1h+1 | QualityRisk:1.15 | TrendPairRisk:1.25,0,0.45,range
AMZNUSDT,689,729,1776211200,1776248100,LONG,SL,249.165,252.2,252.56389524,248.03203492,-1.5026941518797736,-2.162462941929336,0.6597687900495626,16,2.41,61.54,0.3291139240506189,0.001443722811742568,0.6159630712067082,base,adaptive disabled,1.15,1.5,82.3,90,89,70,80,OFF,bullish,bullish,FVG,1.288,4,7.072,24.727,0.2878,1.167,1.676,BOS bullish | Vol 2.4x | FVG | ChoCH | BullWick | StrongTrend1h | Zone:FVG | MTF 16 | Risk x1.15,BOS+2 | 1h+2 | 4h+2 | Vol+2 | RSI+1 | BTC+2 | FVG+1 | ChoCH+1 | BullWick+1 | Zone:FVG+1 | Sess:OFF | Strong1h+1 | TrendPairRisk:1.15,0,0.725,range
TSLAUSDT,689,691,1776211200,1776213900,LONG,TRAIL,365.11,366.92443823,370.55331468,363.29556177,1.1883691796634548,0.7859195465337576,0.40244963312969717,16,3.13,69.56,0.2531249999999971,0.0024670058293312035,0.9025294126027742,base,adaptive disabled,1.25,1.0,88.5,90,90,90,80,OFF,bullish,bullish,FVG,1.176,1,1.829,16.041,0.1869,0.0,1.487,BOS bullish | Vol 3.1x | FVG | ChoCH | BullWick | StrongTrend1h | Zone:FVG | MTF 16 | Risk x1.25,BOS+2 | BodyStrong+1 | 1h+2 | 4h+2 | Vol+2 | BTC+2 | FVG+1 | ChoCH+1 | BullWick+1 | Zone:FVG+1 | Sess:OFF | Strong1h+1 | QualityRisk:1.15 | TrendPairRisk:1.25,0,0.625,range
EWYUSDT,690,709,1776212100,1776230100,LONG,SL,146.465,147.68480569,150.12441706,145.24519431,-1.094436606538531,-1.3345814118968304,0.2401448053582996,16,1.94,62.14,0.16867469879518177,0.007384535872720405,3.08357119371098,base,adaptive disabled,1.15,1.0,76.5,90,60,70,80,OFF,bullish,bullish,FVG,0.532,3,-1.0,10.136,-0.2992,1.27,0.842,BOS bullish | Vol 1.9x | FVG | LiqSweep | ChoCH | StrongTrend1h | Zone:FVG | MTF 16 | Risk x1.15,BOS+2 | BodyStrong+1 | 1h+2 | 4h+2 | Vol+1 | RSI+1 | BTC+2 | FVG+1 | LiqSweep+1 | ChoCH+1 | Zone:FVG+1 | Sess:OFF | Strong1h+1 | TrendPairRisk:1.15,0,0.525,range
MSTRUSDT,690,717,1776212100,1776237300,LONG,SL,138.825,141.09,143.66,136.742625,-1.516297496848554,-1.7162974968485554,0.20000000000000145,17,4.85,62.92,0.41453831041257977,0.004075764772619685,0.7876981501533856,base,adaptive disabled,1.15,1.5,88.5,90,90,90,80,OFF,bullish,bullish,FVG,1.568,1,8.565,5.899,0.0845,1.89,8.535,BOS bullish | Vol 4.8x | FVG | ChoCH | Discount | StrongTrend1h | Zone:FVG | MTF 17 | Risk x1.15,BOS+2 | BodyStrong+1 | 1h+2 | 4h+2 | Vol+2 | RSI+1 | BTC+2 | FVG+1 | ChoCH+1 | Discount+1 | Zone:FVG+1 | Sess:OFF | Strong1h+1 | TrendPairRisk:1.15,0,0.575,range
MSFTUSDT,694,743,1776215700,1776260700,LONG,TRAIL,395.98,399.53679702,406.65039105,392.42320298,2.413893194079592,2.191232188813682,0.22266100526590993,17,1.84,67.45,0.5197255574614084,0.0013378500760775026,0.7023177759378242,base,adaptive disabled,1.15,1.0,76.5,90,90,50,80,OFF,bullish,bullish,FVG,0.715,1,-1.0,11.127,0.3651,1.164,2.089,BOS bullish | Vol 1.8x | FVG | ChoCH | BullWick | StrongTrend1h | Zone:FVG | MTF 17 | Risk x1.15,BOS+2 | 1h+2 | 4h+2 | Vol+1 | RSI+1 | BTC+2 | FVG+1 | ChoCH+1 | BullWick+1 | Zone:FVG+1 | Sess:OFF | Strong1h+1 | NestedOB_1h+2 | TrendPairRisk:1.15,0,0.675,range
XAGUSDT,695,724,1776216600,1776243600,LONG,SL,80.165,81.19266374,83.24799121,79.13733626,-1.2796014385016652,-1.4356155059046842,0.15601406740301912,17,2.05,65.91,0.21452145214521431,0.007430684412900228,2.563263049218422,base,adaptive disabled,1.25,1.0,85.5,90,75,90,80,OFF,bullish,bullish,FVG,1.787,2,-1.0,10.689,0.2172,0.0,1.77,BOS bullish | Vol 2.0x | FVG | ChoCH | BullWick | StrongTrend1h | Zone:FVG | MTF 17 | Risk x1.25,BOS+2 | BodyStrong+1 | 1h+2 | 4h+2 | Vol+2 | RSI+1 | BTC+2 | FVG+1 | ChoCH+1 | BullWick+1 | Zone:FVG+1 | Sess:OFF | Strong1h+1 | QualityRisk:1.15 | TrendPairRisk:1.25,0,0.625,bull
NVDAUSDT,723,734,1776241800,1776252600,LONG,TRAIL,195.8,196.66422809,198.39268426,194.93577191,1.0365676456969095,0.5834465257851571,0.45312111991175236,17,4.39,67.86,0.20689655172415145,0.0017333696481577857,2.259851789293075,base,adaptive disabled,1.25,1.0,85.3,90,74,90,80,OFF,bullish,bullish,FVG,1.583,2,0.144,35.979,0.0756,0.0,3.268,BOS bullish | Vol 4.4x | FVG | MACD_Div | ChoCH | StrongTrend1h | Zone:FVG | MTF 17 | Risk x1.25,BOS+2 | BodyStrong+1 | 1h+2 | 4h+2 | Vol+2 | RSI+1 | BTC+2 | FVG+1 | MACD_Div+1 | ChoCH+1 | Zone:FVG+1 | Sess:OFF | Strong1h+1 | QualityRisk:1.15 | TrendPairRisk:1.25,0,0.7,bear
EWYUSDT,785,788,1776297600,1776301200,LONG,TP2,144.91,146.47,146.63,143.82931702,2.3873791368491655,1.9851057522900808,0.4022733845590847,16,10.3,69.71,0.43396226415094946,0.003252800219011799,1.268416258376697,base,adaptive disabled,1.25,1.5,90.5,90,100,90,80,OFF,bullish,bullish,FVG,3.174,4,4.605,0.716,0.3601,1.875,4.138,BOS bullish | Vol 10.3x | FVG | ChoCH | Engulfing | StrongTrend1h | Zone:FVG | MTF 16 | Risk x1.25,BOS+2 | BodyStrong+1 | 1h+2 | 4h+2 | Vol+2 | BTC+2 | FVG+1 | ChoCH+1 | Engulfing+1 | Zone:FVG+1 | Sess:OFF | Strong1h+1 | TrendPairRisk:1.15 | RelStrengthRisk:1.25,0,0.4,bear
GOOGLUSDT,785,789,1776297600,1776302100,LONG,TRAIL,337.145,338.49358,341.19074,335.79642,2.1651656041232856,1.4151656041232692,0.7500000000000167,15,2.93,68.26,0.4104803493449633,0.0010951504601542875,0.6788310407832199,base,adaptive disabled,1.25,1.5,88.5,90,90,90,80,OFF,bullish,bullish,FVG,1.428,1,-1.0,15.927,-0.2231,1.161,1.756,BOS bullish | Vol 2.9x | FVG | ChoCH | StrongTrend1h | Zone:FVG | MTF 15 | Risk x1.25,BOS+2 | BodyStrong+1 | 1h+2 | 4h+2 | Vol+2 | BTC+2 | FVG+1 | ChoCH+1 | Zone:FVG+1 | Sess:OFF | Strong1h+1 | QualityRisk:1.15 | TrendPairRisk:1.25,0,0.55,range
SPYUSDT,785,847,1776297600,1776354300,LONG,TRAIL,698.06,700.85224,706.43672,695.26776,0.9998331731643039,0.49983317316430254,0.5000000000000013,16,1.49,68.54,0.2710706150341608,0.0011630086890888744,2.1213278488984386,base,adaptive disabled,1.15,1.0,80.9,90,82,70,80,OFF,bullish,bullish,FVG,1.435,2,-1.0,17.992,0.4443,0.0,0.638,BOS bullish | Vol 1.5x | FVG | ChoCH | StrongTrend1h | Zone:FVG | MTF 16 | Risk x1.15,BOS+2 | BodyStrong+1 | 1h+2 | 4h+2 | Vol+1 | BTC+2 | FVG+1 | ChoCH+1 | Zone:FVG+1 | Sess:OFF | Strong1h+1 | NestedOB_1h+2 | TrendPairRisk:1.15,0,0.75,range
MSFTUSDT,786,839,1776298500,1776347100,LONG,TRAIL,416.96,423.2144,435.7232,410.7056,0.6983194613819779,0.564986128048644,0.13333333333333386,16,4.49,65.02,0.18409425625920417,0.00702401116616301,2.079307991218105,base,adaptive disabled,1.15,1.0,84.9,90,72,90,80,OFF,bullish,bullish,FVG,1.455,6,-1.0,17.712,0.2336,0.0,1.785,BOS bullish | Vol 4.5x | FVG | ChoCH | StrongTrend1h | Zone:FVG | MTF 16 | Risk x1.15,BOS+2 | BodyStrong+1 | 1h+2 | 4h+2 | Vol+2 | RSI+1 | BTC+2 | FVG+1 | ChoCH+1 | Zone:FVG+1 | Sess:OFF | Strong1h+1 | TrendPairRisk:1.15,0,0.625,range
XAGUSDT,786,806,1776298500,1776317400,LONG,TRAIL,79.7,80.65702112,82.57106336,78.74297888,1.0513029797529359,0.884744482067954,0.1665584976849819,20,6.05,63.63,0.1658291457286404,0.0031728952505031206,1.0426927016978706,base,adaptive disabled,1.25,1.0,86.3,90,79,90,80,OFF,bullish,bullish,FVG,1.495,3,3.865,7.988,-0.0599,0.0,4.696,BOS bullish | Vol 6.0x | FVG | MACD_Div | ChoCH | Engulfing | StrongTrend1h | Zone:FVG | MTF 20 | Risk x1.25,BOS+2 | BodyStrong+1 | 1h+2 | 4h+2 | Vol+2 | RSI+1 | BTC+2 | FVG+1 | MACD_Div+1 | ChoCH+1 | Engulfing+1 | Zone:FVG+1 | Sess:OFF | Strong1h+1 | NestedOB_1h+2 | QualityRisk:1.15 | TrendPairRisk:1.25,0,0.55,bear
AAPLUSDT,791,829,1776303000,1776338100,LONG,TRAIL,266.945,268.01278,270.14834,265.87722,1.731363928539821,1.2313639285398073,0.5000000000000138,16,13.27,65.72,0.3273542600896916,0.0011229440971570724,0.6946845564764195,base,adaptive disabled,1.15,1.0,82.3,90,89,70,80,OFF,bullish,bullish,FVG,0.255,7,-1.0,26.224,0.0223,0.197,8.021,BOS bullish | Vol 13.3x | FVG | BullWick | StrongTrend1h | Zone:FVG | MTF 16 | Risk x1.15,BOS+2 | 1h+2 | 4h+2 | Vol+2 | RSI+1 | BTCok+1 | FVG+1 | BullWick+1 | Zone:FVG+1 | Sess:OFF | Strong1h+1 | NestedOB_1h+2 | TrendPairRisk:1.15,0,0.6,bull
METAUSDT,809,812,1776319200,1776322800,LONG,TRAIL,673.33,676.02332,681.40996,670.63668,1.3729784386922523,0.8729784386922681,0.49999999999998423,16,3.9,63.97,0.3117117117117175,0.0011235448368648127,1.2666844490815292,base,adaptive disabled,1.25,1.0,83.9,90,97,70,80,OFF,bullish,bullish,FVG,0.824,2,3.298,9.959,0.0341,2.604,5.637,BOS bullish | Vol 3.9x | FVG | ChoCH | BullWick | StrongTrend1h | Zone:FVG | MTF 16 | Risk x1.25,BOS+2 | 1h+2 | 4h+2 | Vol+2 | RSI+1 | BTC+2 | FVG+1 | ChoCH+1 | BullWick+1 | Zone:FVG+1 | Sess:OFF | Strong1h+1 | QualityRisk:1.15 | TrendPairRisk:1.25,0,0.525,bull
NVDAUSDT,809,826,1776319200,1776335400,LONG,SL,199.505,200.30302,201.89906,198.70698,-2.3245031452845426,-2.8245031452845373,0.49999999999999484,18,14.5,70.71,0.286956521739124,0.0016511792342071348,1.4936417245442213,base,adaptive disabled,1.25,1.0,89.3,90,94,90,80,OFF,bullish,bullish,FVG,1.929,2,2.186,17.618,0.095,0.0,20.0,BOS bullish | Vol 14.5x | FVG | ChoCH | Engulfing | StrongTrend1h | Zone:FVG | MTF 18 | Risk x1.25,BOS+2 | BodyStrong+1 | 1h+2 | 4h+2 | Vol+2 | BTC+2 | FVG+1 | ChoCH+1 | Engulfing+1 | Zone:FVG+1 | Sess:OFF | Strong1h+1 | NestedOB_1h+2 | QualityRisk:1.15 | TrendPairRisk:1.25,0,0.625,bull
TSLAUSDT,815,838,1776324600,1776346200,LONG,SL,397.105,400.56505336,407.48516007,393.64494664,-4.042567713464395,-4.386873097240324,0.3443053837759294,14,5.59,69.67,0.4490358126721616,0.002063071072764031,1.1270098810273947,base,adaptive disabled,1.25,1.5,84.5,90,100,70,80,OFF,bullish,bullish,FVG,1.849,3,-1.0,45.295,-0.0611,7.359,9.274,BOS bullish | Vol 5.6x | FVG | ChoCH | BullWick | StrongTrend1h | Zone:FVG | MTF 14 | Risk x1.25,BOS+2 | 1h+2 | 4h+2 | Vol+2 | BTCok+1 | FVG+1 | ChoCH+1 | BullWick+1 | Zone:FVG+1 | Sess:OFF | Strong1h+1 | QualityRisk:1.15 | TrendPairRisk:1.25,0,0.5,range
AAPLUSDT,828,832,1776336300,1776340800,LONG,TRAIL,267.385,268.84547289,271.76641868,265.92452711,1.223700279926359,0.8575380569493902,0.36616222297696877,14,10.75,70.73,0.30000000000001165,0.0035475042806434637,5.262328433194055,base,adaptive disabled,1.15,1.0,79.7,90,76,70,80,OFF,bullish,bullish,FVG,2.379,1,-1.0,23.686,0.0919,0.0,3.309,BOS bullish | Vol 10.8x | FVG | MACD_Div | ChoCH | StrongTrend1h | Zone:FVG | MTF 14 | Risk x1.15,BOS+2 | 1h+2 | 4h+2 | Vol+2 | BTCok+1 | FVG+1 | MACD_Div+1 | ChoCH+1 | Zone:FVG+1 | Sess:OFF | Strong1h+1 | TrendPairRisk:1.15,0,0.475,range
AMZNUSDT,881,933,1776384000,1776431700,LONG,TRAIL,248.46,252.2,257.244,247.46616,6.6539592096628795,6.153959209662882,0.4999999999999971,18,7.49,53.38,0.24249422632793674,0.0013085840815678328,0.6918511881466435,base,adaptive disabled,1.25,1.0,89.3,90,79,100,80,OFF,bullish,bullish,OB,0.882,3,0.171,6.004,-0.1139,0.0,3.763,BOS bullish | Vol 7.5x | FVG | OB | ChoCH | Engulfing | BullWick | StrongTrend1h | Zone:OB | MTF 18 | Risk x1.25,BOS+2 | BodyStrong+1 | 1h+2 | 4h+2 | Vol+2 | RSI+1 | BTCok+1 | FVG+1 | OB+1 | ChoCH+1 | Engulfing+1 | BullWick+1 | Zone:OB+1 | Sess:OFF | Strong1h+1 | QualityRisk:1.15 | TrendPairRisk:1.25,0,0.575,range
METAUSDT,881,883,1776384000,1776386700,LONG,TRAIL,673.88,676.57552,681.96656,671.18448,1.4407449146288078,0.9407449146288055,0.5000000000000023,20,24.72,49.45,0.24615384615384242,0.003532127245890669,1.7624006761720503,base,adaptive disabled,1.25,1.0,85.3,90,89,80,80,OFF,bullish,bullish,OB,0.998,1,0.424,1.611,0.2706,0.0,5.204,BOS bullish | Vol 24.7x | FVG | OB | LiqSweep | ChoCH | BullWick | StrongTrend1h | Zone:OB | 💎PREMIUM | MTF 20 | Risk x1.25,BOS+2 | 1h+2 | 4h+2 | Vol+2 | RSI+1 | BTCok+1 | FVG+1 | OB+1 | LiqSweep+1 | ChoCH+1 | BullWick+1 | Zone:OB+1 | Sess:OFF | Strong1h+1 | 💎Premium+3 | QualityRisk:1.15 | TrendPairRisk:1.25,1,0.5,range
SPYUSDT,881,930,1776384000,1776429000,LONG,TRAIL,700.53,703.33212,708.93636,697.72788,1.167577096335388,0.6675770963353782,0.5000000000000098,16,1.39,53.12,0.1964285714285746,0.000737095363714336,1.173908127551888,base,adaptive disabled,1.25,1.0,81.1,90,83,70,80,OFF,bullish,bullish,FVG,1.179,9,1.492,7.269,0.7799,2.667,0.501,BOS bullish | Vol 1.4x | FVG | ChoCH | Engulfing | BullWick | StrongTrend1h | Zone:FVG | MTF 16 | Risk x1.25,BOS+2 | BodyStrong+1 | 1h+2 | 4h+2 | Vol+1 | RSI+1 | BTCok+1 | FVG+1 | ChoCH+1 | Engulfing+1 | BullWick+1 | Zone:FVG+1 | Sess:OFF | Strong1h+1 | QualityRisk:1.15 | TrendPairRisk:1.25,0,0.475,range
MSTRUSDT,911,916,1776411000,1776416400,LONG,TRAIL,147.75,149.34,151.93651213,146.35449596,2.3522539127181354,2.1405024655492677,0.21175144716886793,17,2.65,65.21,0.31413612565444826,0.004403825775560424,2.0206679332062225,base,adaptive disabled,1.25,1.0,87.9,90,87,90,80,OFF,bullish,bullish,FVG,2.345,3,3.207,23.8,0.0323,0.0,2.727,BOS bullish | Vol 2.6x | FVG | LiqSweep | ChoCH | StrongTrend1h | Zone:FVG | MTF 17 | Risk x1.25,BOS+2 | BodyStrong+1 | 1h+2 | 4h+2 | Vol+2 | RSI+1 | BTC+2 | FVG+1 | LiqSweep+1 | ChoCH+1 | Zone:FVG+1 | Sess:OFF | Strong1h+1 | TrendPairRisk:1.15 | RelStrengthRisk:1.25,0,0.55,bear
AMZNUSDT,914,931,1776413700,1776429900,LONG,TP2,249.78,252.2,252.77736,248.78088,4.499999999999957,3.7499999999999614,0.7499999999999963,17,2.66,63.1,0.35964912280701883,0.000772774422758519,1.3758696615488957,base,adaptive disabled,1.15,1.5,90.5,90,100,90,80,OFF,bullish,bullish,FVG,1.488,1,10.524,5.84,0.1942,1.0,1.787,BOS bullish | Vol 2.7x | FVG | ChoCH | BullWick | StrongTrend1h | Zone:FVG | MTF 17 | Risk x1.15,BOS+2 | BodyStrong+1 | 1h+2 | 4h+2 | Vol+2 | RSI+1 | BTC+2 | FVG+1 | ChoCH+1 | BullWick+1 | Zone:FVG+1 | Sess:OFF | Strong1h+1 | TrendPairRisk:1.15,0,0.525,range
TSLAUSDT,914,928,1776413700,1776427200,LONG,TP2,387.355,394.14,394.67,384.38037107,3.688695382922944,3.2980365722456737,0.3906588106772706,15,2.21,63.95,0.5244055068835999,0.0017324896092733803,1.220428680394614,base,adaptive disabled,1.15,1.5,80.0,60,100,90,80,OFF,neutral,bullish,FVG,2.817,9,0.443,6.178,0.4433,0.822,1.559,BOS bullish | Vol 2.2x | FVG | ChoCH | BullWick | Zone:FVG | MTF 15 | Risk x1.15,BOS+2 | BodyStrong+1 | 1hN+1 | 4h+2 | Vol+2 | RSI+1 | BTC+2 | FVG+1 | ChoCH+1 | BullWick+1 | Zone:FVG+1 | Sess:OFF | QualityRisk:1.15,0,0.6,bear
GOOGLUSDT,917,934,1776416400,1776432600,LONG,TRAIL,336.57,339.6,340.60884,335.22372,3.459395575171368,2.7093955751713557,0.7500000000000118,13,7.5,70.96,0.4329268292682688,0.0008103716238897792,1.36114069806695,base,adaptive disabled,1.15,1.5,80.0,60,100,90,80,OFF,neutral,bullish,FVG,4.958,9,1.288,7.261,0.4526,7.875,4.469,BOS bullish | Vol 7.5x | FVG | ChoCH | Zone:FVG | MTF 13 | Risk x1.15,BOS+2 | BodyStrong+1 | 1hN+1 | 4h+2 | Vol+2 | BTC+2 | FVG+1 | ChoCH+1 | Zone:FVG+1 | Sess:OFF | QualityRisk:1.15,0,0.525,range
MSFTUSDT,929,934,1776427200,1776432600,LONG,TRAIL,424.955,429.25764429,437.86293286,420.65235571,0.0,-0.1975320158292709,0.1975320158292709,14,1.58,71.31,0.49767441860464534,0.0037144538468950185,1.9796646083762224,base,adaptive disabled,1.15,1.0,76.5,90,90,50,80,OFF,bullish,bullish,FVG,1.137,1,-1.0,7.353,0.189,0.578,0.926,BOS bullish | Vol 1.6x | FVG | ChoCH | BullWick | StrongTrend1h | Zone:FVG | MTF 14 | Risk x1.15,BOS+2 | 1h+2 | 4h+2 | Vol+1 | BTC+2 | FVG+1 | ChoCH+1 | BullWick+1 | Zone:FVG+1 | Sess:OFF | Strong1h+1 | TrendPairRisk:1.15,0,0.525,bull
NVDAUSDT,931,933,1776429000,1776431700,LONG,TRAIL,199.28,200.45,202.5386345,198.1937885,3.6122130082691717,3.0618229599222286,0.5503900483469428,16,2.09,67.16,0.3553719008264496,0.0017219158031942482,2.0083615615150165,base,adaptive disabled,1.25,1.5,88.5,90,90,90,80,OFF,bullish,bullish,FVG,1.365,2,2.777,7.626,0.1567,0.509,1.168,BOS bullish | Vol 2.1x | FVG | ChoCH | StrongTrend1h | Zone:FVG | MTF 16 | Risk x1.25,BOS+2 | BodyStrong+1 | 1h+2 | 4h+2 | Vol+2 | RSI+1 | BTC+2 | FVG+1 | ChoCH+1 | Zone:FVG+1 | Sess:OFF | Strong1h+1 | QualityRisk:1.15 | TrendPairRisk:1.25,0,0.525,bull
AAPLUSDT,932,936,1776429900,1776434400,LONG,TRAIL,266.9,269.66242523,275.1872757,264.13757477,1.5470661213125236,1.257212122259666,0.2898539990528579,17,2.95,70.27,0.40838323353292766,0.0022400215563692463,2.690876804170763,base,adaptive disabled,1.15,1.5,82.5,90,90,70,80,OFF,bullish,bullish,FVG,3.23,6,2.258,3.45,0.069,2.444,1.749,BOS bullish | Vol 3.0x | FVG | ChoCH | Engulfing | StrongTrend1h | Zone:FVG | MTF 17 | Risk x1.15,BOS+2 | 1h+2 | 4h+2 | Vol+2 | BTC+2 | FVG+1 | ChoCH+1 | Engulfing+1 | Zone:FVG+1 | Sess:OFF | Strong1h+1 | NestedOB_1h+2 | TrendPairRisk:1.15,0,0.575,bull
SPYUSDT,935,940,1776432600,1776438000,LONG,TRAIL,704.87,708.51244469,715.79733406,701.22755531,2.7253686108834367,1.9513060677402043,0.7740625431432325,15,4.31,65.86,0.35810113519091175,0.0027710523140293763,8.096322098516179,base,adaptive disabled,1.15,2.0,80.5,90,80,70,80,OPEN,bullish,bullish,FVG,3.249,6,-1.0,9.322,0.2907,10.0,2.405,BOS bullish | Vol 4.3x | FVG | ChoCH | Session:OPEN | StrongTrend1h | Zone:FVG | MTF 15 | Risk x1.15,BOS+2 | 1h+2 | 4h+2 | Vol+2 | RSI+1 | BTC+2 | FVG+1 | ChoCH+1 | Zone:FVG+1 | Sess:OPEN | Strong1h+1 | TrendPairRisk:1.15,0,0.575,bull
XAUUSDT,935,1164,1776432600,1776639600,LONG,SL,4834.85,4902.62366166,5038.17098498,4767.07633834,-1.039489357287889,-1.1821657268857115,0.1426763695978225,15,2.18,70.19,0.4047772756617146,0.007584268544721791,6.270620927475602,base,adaptive disabled,1.25,1.0,86.5,90,80,90,80,OPEN,bullish,bullish,FVG,4.335,6,1.056,5.072,0.3038,0.0,1.318,BOS bullish | Vol 2.2x | FVG | ChoCH | Session:OPEN | StrongTrend1h | Zone:FVG | MTF 15 | Risk x1.25,BOS+2 | BodyStrong+1 | 1h+2 | 4h+2 | Vol+2 | BTC+2 | FVG+1 | ChoCH+1 | Zone:FVG+1 | Sess:OPEN | Strong1h+1 | QualityRisk:1.15 | TrendPairRisk:1.25,0,0.55,range
METAUSDT,936,1227,1776433500,1776696300,LONG,SL,682.515,691.63108224,709.86324672,673.39891776,-1.3969816928724919,-1.54672035955657,0.14973866668407818,16,2.27,68.77,0.2737492973580654,0.008775096990529842,9.59599316061301,base,adaptive disabled,1.25,1.0,78.9,90,72,70,80,OPEN,bullish,bullish,FVG,2.809,4,-1.0,4.189,-0.016,0.0,1.08,BOS bullish | Vol 2.3x | FVG | LiqSweep | ChoCH | BullWick | Session:OPEN | StrongTrend1h | Zone:FVG | MTF 16 | Risk x1.25,BOS+2 | 1h+2 | 4h+2 | Vol+2 | BTC+2 | FVG+1 | LiqSweep+1 | ChoCH+1 | BullWick+1 | Zone:FVG+1 | Sess:OPEN | Strong1h+1 | QualityRisk:1.15 | TrendPairRisk:1.25,0,0.45,range
INTCUSDT,938,952,1776435300,1776448800,LONG,SL,69.43,70.47145,72.55435,68.38855,-1.8291804695376581,-2.0291804695376556,0.19999999999999774,21,2.65,59.71,0.17016317016317198,0.009669312773759322,3.18857099801819,base,adaptive disabled,1.25,1.5,79.5,90,60,80,80,OPEN,bullish,bullish,OB,0.89,6,0.045,2.693,-0.0455,0.0,2.377,BOS bullish | Vol 2.6x | FVG | OB | LiqSweep | ChoCH | BullWick | Session:OPEN | StrongTrend1h | Zone:OB | 💎PREMIUM | MTF 21 | Risk x1.25,BOS+2 | 1h+2 | 4h+2 | Vol+2 | RSI+1 | BTC+2 | FVG+1 | OB+1 | LiqSweep+1 | ChoCH+1 | BullWick+1 | Zone:OB+1 | Sess:OPEN | Strong1h+1 | 💎Premium+3 | QualityRisk:1.15 | TrendPairRisk:1.25,1,0.525,range
BZUSDT,941,949,1776438000,1776446100,SHORT,SL,85.42,84.1387,81.5761,86.7013,-1.15507687504878,-1.2884102083821132,0.13333333333333316,14,1.54,28.77,0.48239436619718346,0.014244249722892005,4.882612266129996,base,adaptive disabled,1.25,1.0,83.5,90,80,80,80,MIDDAY,bearish,bearish,OB,0.817,2,6.09,-1.0,-0.2533,10.0,1.371,BOS bearish | Vol 1.5x | OB | ChoCH | Engulfing | StrongTrend1h | Zone:OB | MTF 14 | Risk x1.25,BOS+2 | BodyStrong+1 | 1h+2 | 4h+2 | Vol+1 | BTCok+1 | OB+1 | ChoCH+1 | Engulfing+1 | Zone:OB+1 | Sess:MIDDAY | Strong1h+1 | QualityRisk:1.15 | RelStrengthRisk:1.25,0,0.525,range
GOOGLUSDT,951,953,1776447000,1776449700,LONG,TRAIL,338.285,340.13947168,343.84841505,336.43052832,1.5151599039987873,1.1503282339891414,0.36483167000964595,19,2.48,63.1,0.22385620915032736,0.0024033941879436165,1.8861614015434425,base,adaptive disabled,1.25,1.0,82.7,90,76,80,80,MIDDAY,bullish,bullish,OB,0.105,2,0.382,4.691,0.0352,10.0,2.022,BOS bullish | Vol 2.5x | FVG | OB | ChoCH | Engulfing | BullWick | StrongTrend1h | Zone:OB | MTF 19 | Risk x1.25,BOS+2 | 1h+2 | 4h+2 | Vol+2 | RSI+1 | BTCok+1 | FVG+1 | OB+1 | ChoCH+1 | Engulfing+1 | BullWick+1 | Zone:OB+1 | Sess:MIDDAY | Strong1h+1 | NestedOB_1h+2 | QualityRisk:1.15 | TrendPairRisk:1.25,0,0.675,bull
AAPLUSDT,977,1048,1776470400,1776535200,LONG,SL,270.685,272.54,273.93322,269.60226,-1.1683321942479128,-1.6683321942479123,0.4999999999999995,14,6.56,55.29,0.340823970037446,0.0012554779855631552,0.6063958670272257,base,adaptive disabled,1.25,1.0,82.5,90,90,70,80,OFF,bullish,bullish,FVG,0.606,1,5.165,2.77,0.062,0.4,3.496,BOS bullish | Vol 6.6x | FVG | ChoCH | StrongTrend1h | Zone:FVG | MTF 14 | Risk x1.25,BOS+2 | 1h+2 | 4h+2 | Vol+2 | RSI+1 | BTCok+1 | FVG+1 | ChoCH+1 | Zone:FVG+1 | Sess:OFF | Strong1h+1 | QualityRisk:1.15 | TrendPairRisk:1.25,0,0.55,range
SPYUSDT,977,1015,1776470400,1776505500,LONG,SL,709.34,712.17736,717.85208,706.50264,-1.039698875010593,-1.539698875010595,0.5000000000000019,15,17.65,58.37,0.26605504587157686,0.0024750563389611333,2.925310337957448,base,adaptive disabled,1.25,1.0,80.7,90,81,70,80,OFF,bullish,bullish,FVG,0.09,1,1.975,2.052,-0.451,2.718,4.261,BOS bullish | Vol 17.6x | FVG | ChoCH | Engulfing | StrongTrend1h | Zone:FVG | MTF 15 | Risk x1.25,BOS+2 | 1h+2 | 4h+2 | Vol+2 | RSI+1 | BTCok+1 | FVG+1 | ChoCH+1 | Engulfing+1 | Zone:FVG+1 | Sess:OFF | Strong1h+1 | QualityRisk:1.15 | TrendPairRisk:1.25,0,0.75,range
AAPLUSDT,1203,1222,1776673800,1776691800,LONG,TP2,270.02,272.54,273.26024,268.93992,3.0,2.5000000000000044,0.49999999999999556,15,3.99,67.3,0.26229508196720164,0.001307346719235493,1.683302282924545,base,adaptive disabled,1.0,1.0,72.2,60,91,70,80,OFF,neutral,bullish,FVG,2.126,2,1.334,2.251,0.253,0.0,4.564,BOS bullish | Vol 4.0x | FVG | ChoCH | Engulfing | BullWick | Zone:FVG | MTF 15,BOS+2 | 1hN+1 | 4h+2 | Vol+2 | RSI+1 | BTC+2 | FVG+1 | ChoCH+1 | Engulfing+1 | BullWick+1 | Zone:FVG+1 | Sess:OFF,0,0.5,bear
MSTRUSDT,1209,1224,1776679200,1776693600,LONG,TRAIL,162.035,164.465525,169.326575,159.604475,1.845218118274298,1.711884784940964,0.13333333333333397,14,1.3,65.41,0.34448160535117,0.006397066511593303,1.0146634209484118,base,adaptive disabled,1.15,1.0,74.0,60,100,70,80,OFF,neutral,bullish,FVG,0.645,2,1.588,1.082,0.0715,0.831,1.195,BOS bullish | Vol 1.3x | FVG | ChoCH | Zone:FVG | MTF 14 | Risk x1.15,BOS+2 | BodyStrong+1 | 1hN+1 | 4h+2 | Vol+1 | RSI+1 | BTCok+1 | FVG+1 | ChoCH+1 | Zone:FVG+1 | Sess:OFF | NestedOB_1h+2 | QualityRisk:1.15,0,0.45,bull
MUUSDT,1214,1223,1776683700,1776692700,LONG,TRAIL,452.01,459.99,472.99,448.12624863,0.0,-0.2327697923670142,0.2327697923670142,17,2.45,64.85,0.37490257209665245,0.0027938719103854123,1.0979430717050294,base,adaptive disabled,1.25,1.0,87.5,90,100,80,80,OFF,bullish,bullish,OB,1.011,1,7.503,1.233,0.2369,0.462,3.29,BOS bullish | Vol 2.5x | FVG | OB | ChoCH | BullWick | StrongTrend1h | Zone:OB | MTF 17 | Risk x1.25,BOS+2 | 1h+2 | 4h+2 | Vol+2 | RSI+1 | BTC+2 | FVG+1 | OB+1 | ChoCH+1 | BullWick+1 | Zone:OB+1 | Sess:OFF | Strong1h+1 | QualityRisk:1.15 | TrendPairRisk:1.25,0,0.625,range
NVDAUSDT,1219,1246,1776688200,1776713400,LONG,TP2,199.23,201.48,201.84,198.43308,3.2751091703056936,2.7751091703056936,0.49999999999999994,19,2.14,62.58,0.24012158054711719,0.0010499959571169737,0.9520122434828583,base,adaptive disabled,1.25,1.0,88.1,90,88,90,80,OFF,bullish,bullish,FVG,1.796,6,0.086,1.71,0.3639,5.583,1.924,BOS bullish | Vol 2.1x | FVG | ChoCH | Engulfing | StrongTrend1h | Zone:FVG | MTF 19 | Risk x1.25,BOS+2 | BodyStrong+1 | 1h+2 | 4h+2 | Vol+2 | RSI+1 | BTC+2 | FVG+1 | ChoCH+1 | Engulfing+1 | Zone:FVG+1 | Sess:OFF | Strong1h+1 | NestedOB_1h+2 | QualityRisk:1.15 | TrendPairRisk:1.25,0,0.525,range
GOOGLUSDT,1224,1228,1776692700,1776697200,LONG,SL,339.535,342.48,346.01337418,337.37554194,-1.0257203142903417,-1.3401834717734715,0.3144631574831297,19,2.1,57.97,0.17479191438764005,0.007051720265629585,7.702753278542509,base,adaptive disabled,1.25,1.0,82.5,90,60,90,80,OPEN,bullish,bullish,FVG,1.496,9,2.627,0.424,0.1671,0.0,1.109,BOS bullish | Vol 2.1x | FVG | LiqSweep | ChoCH | Engulfing | BullWick | Session:OPEN | StrongTrend1h | Zone:FVG | MTF 19 | Risk x1.25,BOS+2 | BodyStrong+1 | 1h+2 | 4h+2 | Vol+2 | RSI+1 | BTC+2 | FVG+1 | LiqSweep+1 | ChoCH+1 | Engulfing+1 | BullWick+1 | Zone:FVG+1 | Sess:OPEN | Strong1h+1 | QualityRisk:1.15 | TrendPairRisk:1.25,0,0.4,bull
MSTRUSDT,1224,1226,1776692700,1776695400,LONG,TRAIL,163.92,166.3788,171.2964,161.4612,2.0741597043642495,1.8741597043642488,0.20000000000000023,17,14.0,65.77,0.3780687397708634,0.02064606028232979,3.7346429044059253,base,adaptive disabled,1.25,1.5,80.5,90,80,70,80,OPEN,bullish,bullish,FVG,0.493,1,0.013,1.039,-0.0697,1.265,9.516,BOS bullish | Vol 14.0x | FVG | LiqSweep | ChoCH | Engulfing | Session:OPEN | StrongTrend1h | Zone:FVG | MTF 17 | Risk x1.25,BOS+2 | 1h+2 | 4h+2 | Vol+2 | RSI+1 | BTC+2 | FVG+1 | LiqSweep+1 | ChoCH+1 | Engulfing+1 | Zone:FVG+1 | Sess:OPEN | Strong1h+1 | TrendPairRisk:1.15 | RelStrengthRisk:1.25,0,0.275,bull
EWYUSDT,1266,1287,1776730500,1776750300,LONG,TRAIL,150.36,151.92,155.68,149.40047622,1.701697324120958,1.3882918554206447,0.31340546870031327,19,3.02,63.93,0.2703412073490835,0.0051852309259179325,2.573948631627292,base,adaptive disabled,1.25,1.0,86.9,90,82,90,80,OFF,bullish,bullish,FVG,2.061,1,1.142,4.623,0.2533,0.0,2.36,BOS bullish | Vol 3.0x | FVG | ChoCH | Engulfing | StrongTrend1h | Zone:FVG | MTF 19 | Risk x1.25,BOS+2 | BodyStrong+1 | 1h+2 | 4h+2 | Vol+2 | RSI+1 | BTC+2 | FVG+1 | ChoCH+1 | Engulfing+1 | Zone:FVG+1 | Sess:OFF | Strong1h+1 | NestedOB_1h+2 | TrendPairRisk:1.15 | RelStrengthRisk:1.25,0,0.525,range
MSFTUSDT,1269,1319,1776733200,1776779100,LONG,TP2,418.72,421.92,423.74464,417.04512,2.999999999999932,2.499999999999941,0.49999999999999106,15,16.92,54.06,0.20821114369500712,0.0017576368711405925,1.115167333015562,base,adaptive disabled,1.15,1.0,70.8,60,84,70,80,OFF,neutral,bullish,FVG,0.185,3,5.833,0.369,-0.2499,3.176,11.459,BOS bullish | Vol 16.9x | FVG | ChoCH | Discount | Zone:FVG | MTF 15 | Risk x1.15,BOS+2 | 1hN+1 | 4h+2 | Vol+2 | RSI+1 | BTCok+1 | FVG+1 | ChoCH+1 | Discount+1 | Zone:FVG+1 | Sess:OFF | NestedOB_1h+2 | QualityRisk:1.15,0,0.475,range
XAGUSDT,1272,1279,1776735900,1776743100,SHORT,TRAIL,79.71,78.69,77.82954197,80.33681934,1.4283656695214106,1.1740340147259523,0.2543316547954584,16,2.36,39.24,0.15021459227468004,0.004235247789763749,1.7808102417085696,base,adaptive disabled,1.15,1.0,69.6,60,78,70,80,OFF,neutral,bearish,FVG,1.198,6,4.409,1.284,0.0919,0.0,2.122,BOS bearish | Vol 2.4x | FVG | ChoCH | Engulfing | Zone:FVG | MTF 16 | Risk x1.15,BOS+2 | 1hN+1 | 4h+2 | Vol+2 | RSI+1 | BTC+2 | FVG+1 | ChoCH+1 | Engulfing+1 | Zone:FVG+1 | Sess:OFF | NestedOB_1h+2 | QualityRisk:1.15,0,0.5,bull
MUUSDT,1283,1308,1776745800,1776769200,LONG,TRAIL,450.705,455.26684614,464.24,446.14315386,1.0554337009075188,0.8578360677703345,0.19759763313718423,15,1.75,53.65,0.30101641907740684,0.0018232147325516392,0.8666670627087587,base,adaptive disabled,1.15,1.0,71.5,55,96,70,80,OFF,bullish,neutral,FVG,1.036,3,0.217,1.835,0.1192,0.332,2.217,BOS bullish | Vol 1.8x | FVG | Discount | Zone:FVG | MTF 15 | Risk x1.15,BOS+2 | BodyStrong+1 | 1h+2 | 4hN+1 | Vol+1 | RSI+1 | BTC+2 | FVG+1 | Discount+1 | Zone:FVG+1 | Sess:OFF | NestedOB_1h+2 | QualityRisk:1.15,0,0.4,bull
EWYUSDT,1284,1286,1776746700,1776749400,LONG,TRAIL,150.595,151.64707051,155.68,149.54292949,1.329109756851768,1.0428266635256354,0.2862830933261327,17,1.5,62.87,0.3035714285714284,0.001450688613554731,0.843798611646195,base,adaptive disabled,1.25,1.0,80.7,90,96,60,80,OFF,bullish,bullish,OB,0.15,1,12.121,7.272,0.1592,0.25,1.856,BOS bullish | Vol 1.5x | FVG | OB | ChoCH | StrongTrend1h | Zone:OB | MTF 17 | Risk x1.25,BOS+2 | 1h+2 | 4h+2 | Vol+1 | RSI+1 | BTC+2 | FVG+1 | OB+1 | ChoCH+1 | Zone:OB+1 | Sess:OFF | Strong1h+1 | NestedOB_1h+2 | QualityRisk:1.15 | TrendPairRisk:1.25,0,0.5,bull
SNDKUSDT,1284,1323,1776746700,1776782700,LONG,SL,919.445,954.16,973.2432,910.00730277,-1.802876229798278,-1.9977214293406664,0.19484519954238827,18,4.82,61.33,0.2883895131086162,0.001389940944290938,0.6214603111261267,base,adaptive disabled,1.25,1.0,84.3,90,84,80,80,OFF,bullish,bullish,OB,0.16,3,0.338,5.901,0.0872,0.979,9.405,BOS bullish | Vol 4.8x | FVG | OB | ChoCH | StrongTrend1h | Zone:OB | MTF 18 | Risk x1.25,BOS+2 | 1h+2 | 4h+2 | Vol+2 | RSI+1 | BTC+2 | FVG+1 | OB+1 | ChoCH+1 | Zone:OB+1 | Sess:OFF | Strong1h+1 | NestedOB_1h+2 | QualityRisk:1.15 | TrendPairRisk:1.25,0,0.625,range
MSFTUSDT,1295,1320,1776756600,1776780000,LONG,TP2,419.815,422.05,424.85278,418.13574,3.0,2.5,0.5000000000000002,13,2.5,54.92,0.15710723192019427,0.0012934361193768474,1.8020152015161865,base,adaptive disabled,1.15,1.0,73.6,60,68,90,80,OFF,neutral,bullish,FVG,0.321,6,5.802,0.936,0.5307,2.706,1.532,BOS bullish | Vol 2.5x | FVG | BullWick | Zone:FVG | MTF 13 | Risk x1.15,BOS+2 | BodyStrong+1 | 1hN+1 | 4h+2 | Vol+2 | RSI+1 | BTCok+1 | FVG+1 | BullWick+1 | Zone:FVG+1 | Sess:OFF | QualityRisk:1.15,0,0.6,bull
MSTRUSDT,1297,1299,1776758400,1776761100,LONG,TRAIL,171.665,173.22644654,176.34933963,170.10355346,1.4888387650262553,1.268959319137572,0.21987944588868336,18,2.67,64.06,0.42647058823529305,0.0025822601421195868,0.8545791304954022,base,adaptive disabled,1.25,1.0,87.5,90,100,80,80,OFF,bullish,bullish,OB,0.858,3,0.507,5.947,0.4049,0.611,2.848,BOS bullish | Vol 2.7x | FVG | OB | ChoCH | Engulfing | BullWick | StrongTrend1h | Zone:OB | MTF 18 | Risk x1.25,BOS+2 | 1h+2 | 4h+2 | Vol+2 | RSI+1 | BTC+2 | FVG+1 | OB+1 | ChoCH+1 | Engulfing+1 | BullWick+1 | Zone:OB+1 | Sess:OFF | Strong1h+1 | QualityRisk:1.15 | TrendPairRisk:1.25,0,0.55,bull
EWYUSDT,1302,1310,1776762900,1776771000,LONG,TRAIL,152.35,153.31671589,155.25014768,151.38328411,0.7705794142448524,0.45538856742841766,0.3151908468164348,14,1.52,64.12,0.3046874999999968,0.0010498372169376058,0.6291464473667883,base,adaptive disabled,1.15,1.0,75.7,90,86,50,80,OFF,bullish,bullish,FVG,0.0,3,12.824,12.745,-0.4536,0.279,2.754,BOS bullish | Vol 1.5x | FVG | ChoCH | StrongTrend1h | Zone:FVG | MTF 14 | Risk x1.15,BOS+2 | 1h+2 | 4h+2 | Vol+1 | RSI+1 | BTC+2 | FVG+1 | ChoCH+1 | Zone:FVG+1 | Sess:OFF | Strong1h+1 | TrendPairRisk:1.15,0,0.5,bull
MUUSDT,1309,1320,1776769200,1776780000,LONG,SL,453.16,464.24,473.5248,450.75662266,-1.5145353746241166,-1.8916380396596422,0.3771026650355256,18,2.74,55.12,0.16114285714285895,0.0022089940013006212,1.3150780735377616,base,adaptive disabled,1.25,1.0,86.3,90,79,90,80,OFF,bullish,bullish,FVG,0.507,9,9.216,4.82,0.0992,0.007,1.817,BOS bullish | Vol 2.7x | FVG | ChoCH | StrongTrend1h | Zone:FVG | MTF 18 | Risk x1.25,BOS+2 | BodyStrong+1 | 1h+2 | 4h+2 | Vol+2 | RSI+1 | BTC+2 | FVG+1 | ChoCH+1 | Zone:FVG+1 | Sess:OFF | Strong1h+1 | NestedOB_1h+2 | QualityRisk:1.15 | TrendPairRisk:1.25,0,0.525,bull
AAPLUSDT,1311,1320,1776771000,1776780000,LONG,SL,272.13,274.58,276.0531588,270.8222804,-1.0705658919542034,-1.486756029350635,0.4161901373964315,13,1.35,60.43,0.17021276595744358,0.0013202639429186734,1.9905179379410445,base,adaptive disabled,1.0,1.0,68.0,60,70,70,80,OFF,neutral,bullish,FVG,1.083,7,6.871,4.569,0.2353,0.0,1.108,BOS bullish | Vol 1.4x | FVG | ChoCH | Zone:FVG | MTF 13,BOS+2 | BodyStrong+1 | 1hN+1 | 4h+2 | Vol+1 | RSI+1 | BTC+2 | FVG+1 | ChoCH+1 | Zone:FVG+1 | Sess:OFF,0,0.65,range
TSLAUSDT,1321,1326,1776780000,1776785400,SHORT,TRAIL,393.31,388.73,380.05964938,397.72678354,0.680886584362284,0.5027886556600767,0.17809792870220736,14,1.88,37.56,0.1806674338319877,0.007313621124239442,6.870624644716491,base,adaptive disabled,1.15,1.0,62.0,65,61,50,80,OPEN,bearish,neutral,FVG,0.591,3,0.75,0.229,0.0765,0.0,1.187,BOS bearish | Vol 1.9x | FVG | LiqSweep | ChoCH | Session:OPEN | StrongTrend1h | Zone:FVG | MTF 14 | Risk x1.15,BOS+2 | 1h+2 | 4hN+1 | Vol+1 | RSI+1 | BTC+2 | FVG+1 | LiqSweep+1 | ChoCH+1 | Zone:FVG+1 | Sess:OPEN | Strong1h+1 | QualityRisk:1.15,0,0.45,bull
CLUSDT,1322,1325,1776780900,1776784500,LONG,TRAIL,87.36,88.6704,91.2912,86.0496,1.3052537842706209,1.1719204509372876,0.13333333333333322,16,1.43,62.32,0.22270742358078663,0.006846256086399394,1.7649245469812076,base,adaptive disabled,1.25,1.0,78.7,90,86,60,80,OPEN,bullish,bullish,OB,0.313,1,0.146,1.0,0.3329,0.36,1.525,BOS bullish | Vol 1.4x | FVG | OB | ChoCH | Engulfing | BullWick | Session:OPEN | StrongTrend1h | Zone:OB | MTF 16 | Risk x1.25,BOS+2 | 1h+2 | 4h+2 | Vol+1 | RSI+1 | BTCok+1 | FVG+1 | OB+1 | ChoCH+1 | Engulfing+1 | BullWick+1 | Zone:OB+1 | Sess:OPEN | Strong1h+1 | QualityRisk:1.15 | TrendPairRisk:1.25,0,0.475,bull
XAUUSDT,1324,1333,1776782700,1776791700,SHORT,TRAIL,4754.05,4714.62791978,4635.78375934,4793.47208022,3.0762007713849657,2.593826429547149,0.4823743418378166,16,6.64,28.81,0.3404743687834764,0.003852353662462102,3.40583733702999,base,adaptive disabled,1.15,2.0,86.5,90,80,90,80,OPEN,bearish,bearish,FVG,2.15,1,5.612,-1.0,-0.17,10.0,3.48,BOS bearish | Vol 6.6x | FVG | ChoCH | Engulfing | Session:OPEN | StrongTrend1h | Zone:FVG | MTF 16 | Risk x1.15,BOS+2 | BodyStrong+1 | 1h+2 | 4h+2 | Vol+2 | BTC+2 | FVG+1 | ChoCH+1 | Engulfing+1 | Zone:FVG+1 | Sess:OPEN | Strong1h+1 | QualityRisk:1.15,0,0.65,bear
GOOGLUSDT,1344,1408,1776800700,1776859200,SHORT,SL,333.28,328.2808,318.2824,338.2792,-1.0841734677548374,-1.2175068010881698,0.1333333333333325,16,8.71,30.86,0.4377162629757744,0.004358940426690139,2.548450696833232,base,adaptive disabled,1.15,1.0,82.5,90,90,70,80,CLOSE,bearish,bearish,FVG,0.393,1,7.545,-1.0,-0.2896,0.14,5.955,BOS bearish | Vol 8.7x | FVG | ChoCH | Engulfing | BearWick | Session:CLOSE | StrongTrend1h | Zone:FVG | MTF 16 | Risk x1.15,BOS+2 | 1h+2 | 4h+2 | Vol+2 | BTC+2 | FVG+1 | ChoCH+1 | Engulfing+1 | BearWick+1 | Zone:FVG+1 | Sess:CLOSE | Strong1h+1 | QualityRisk:1.15,0,0.575,range
SPYUSDT,1370,1442,1776824100,1776889800,LONG,TRAIL,707.34,710.16936,715.82808,704.51064,1.1609905264947615,0.4109905264947786,0.7499999999999829,14,3.67,64.68,0.5450236966824208,0.0006122283789208562,0.7440052596529166,base,adaptive disabled,1.0,1.5,78.0,60,90,90,80,OFF,neutral,bullish,FVG,2.794,9,2.457,6.955,0.1157,2.966,2.153,BOS bullish | Vol 3.7x | FVG | ChoCH | Zone:FVG | MTF 14,BOS+2 | BodyStrong+1 | 1hN+1 | 4h+2 | Vol+2 | RSI+1 | BTC+2 | FVG+1 | ChoCH+1 | Zone:FVG+1 | Sess:OFF,0,0.475,range
MSTRUSDT,1371,1374,1776825000,1776828600,LONG,TRAIL,170.665,173.224975,178.344925,168.105025,0.7014979889013453,0.5681646555680109,0.13333333333333436,14,1.37,68.2,0.5480349344978145,0.007565962383758083,1.1746857152863863,base,adaptive disabled,1.15,1.0,68.0,60,100,50,80,OFF,neutral,bullish,FVG,1.585,2,0.354,1.762,0.4086,0.846,2.085,BOS bullish | Vol 1.4x | FVG | ChoCH | BullWick | Zone:FVG | MTF 14 | Risk x1.15,BOS+2 | 1hN+1 | 4h+2 | Vol+1 | BTC+2 | FVG+1 | ChoCH+1 | BullWick+1 | Zone:FVG+1 | Sess:OFF | NestedOB_1h+2 | QualityRisk:1.15,0,0.5,bull
MSTRUSDT,1383,1394,1776835800,1776846600,LONG,TRAIL,172.08,174.95,179.8236,169.4988,1.0075261378472855,0.8741928045139534,0.1333333333333321,16,3.82,67.07,0.31834532374100555,0.008387472095295159,1.625723470609717,base,adaptive disabled,1.25,1.0,84.1,90,98,70,80,OFF,bullish,bullish,FVG,0.114,1,1.941,3.613,0.262,0.331,3.194,BOS bullish | Vol 3.8x | FVG | ChoCH | BullWick | StrongTrend1h | Zone:FVG | MTF 16 | Risk x1.25,BOS+2 | 1h+2 | 4h+2 | Vol+2 | RSI+1 | BTC+2 | FVG+1 | ChoCH+1 | BullWick+1 | Zone:FVG+1 | Sess:OFF | Strong1h+1 | TrendPairRisk:1.15 | RelStrengthRisk:1.25,0,0.55,bull
GOOGLUSDT,1385,1408,1776837600,1776859200,SHORT,SL,335.115,332.68,331.58,336.45546,-2.674455037822807,-3.1744550378228045,0.4999999999999973,17,5.95,39.71,0.29940119760478756,0.0014932991021183424,1.7199716072058029,base,adaptive disabled,1.15,1.0,89.5,90,95,90,80,OFF,bearish,bearish,FVG,1.902,5,3.608,2.992,-0.1576,10.0,2.045,BOS bearish | Vol 6.0x | FVG | ChoCH | Premium | StrongTrend1h | Zone:FVG | MTF 17 | Risk x1.15,BOS+2 | BodyStrong+1 | 1h+2 | 4h+2 | Vol+2 | RSI+1 | BTC+2 | FVG+1 | ChoCH+1 | Premium+1 | Zone:FVG+1 | Sess:OFF | Strong1h+1 | QualityRisk:1.15,0,0.55,range
EWYUSDT,1386,1419,1776838500,1776869100,LONG,TRAIL,150.555,152.43,154.60555632,149.20481456,3.429298477412047,3.0947777615020944,0.3345207159099523,18,3.07,61.9,0.43809523809523715,0.001868832244333911,0.6356578038345487,base,adaptive disabled,1.25,1.5,91.5,90,90,100,80,OFF,bullish,bullish,OB,1.803,4,0.439,5.873,0.1396,0.978,6.635,BOS bullish | Vol 3.1x | FVG | OB | ChoCH | StrongTrend1h | Zone:OB | MTF 18 | Risk x1.25,BOS+2 | BodyStrong+1 | 1h+2 | 4h+2 | Vol+2 | RSI+1 | BTCok+1 | FVG+1 | OB+1 | ChoCH+1 | Zone:OB+1 | Sess:OFF | Strong1h+1 | NestedOB_1h+2 | QualityRisk:1.15 | TrendPairRisk:1.25,0,0.45,bear
AAPLUSDT,1395,1416,1776846600,1776866400,SHORT,SL,268.21,266.43,265.79,269.28284,-2.6192162857461434,-3.119216285746124,0.49999999999998046,16,2.27,38.54,0.25742574257427164,0.0007960302070290488,1.1227796588515628,base,adaptive disabled,1.15,1.0,88.5,90,90,90,80,OFF,bearish,bearish,FVG,0.516,1,4.599,2.536,0.0071,4.2,2.205,BOS bearish | Vol 2.3x | FVG | ChoCH | StrongTrend1h | Zone:FVG | MTF 16 | Risk x1.15,BOS+2 | BodyStrong+1 | 1h+2 | 4h+2 | Vol+2 | RSI+1 | BTC+2 | FVG+1 | ChoCH+1 | Zone:FVG+1 | Sess:OFF | Strong1h+1 | QualityRisk:1.15,0,0.425,bear
MSFTUSDT,1395,1399,1776846600,1776851100,LONG,TRAIL,427.685,429.47254003,433.04762008,425.89745997,1.139274290264095,0.6607563350605974,0.4785179552034977,15,1.94,60.77,0.17410714285715537,0.0011832604322892495,1.6814130742833544,base,adaptive disabled,1.15,1.0,74.5,90,80,50,80,OFF,bullish,bullish,FVG,0.188,2,8.469,10.586,-0.0108,0.0,2.353,BOS bullish | Vol 1.9x | FVG | ChoCH | StrongTrend1h | Zone:FVG | MTF 15 | Risk x1.15,BOS+2 | 1h+2 | 4h+2 | Vol+1 | RSI+1 | BTCok+1 | FVG+1 | ChoCH+1 | Zone:FVG+1 | Sess:OFF | Strong1h+1 | NestedOB_1h+2 | TrendPairRisk:1.15,0,0.5,range
BZUSDT,1397,1416,1776848400,1776866400,LONG,TRAIL,93.93,95.33895,98.15685,92.52105,0.9874851789166895,0.8541518455833566,0.13333333333333294,16,2.23,62.79,0.2494172494172483,0.005620312677459418,1.8589184180717022,base,adaptive disabled,1.25,1.0,86.3,90,79,90,80,OFF,bullish,bullish,FVG,1.958,5,3.708,5.759,0.1028,0.0,1.758,BOS bullish | Vol 2.2x | FVG | ChoCH | StrongTrend1h | Zone:FVG | MTF 16 | Risk x1.25,BOS+2 | BodyStrong+1 | 1h+2 | 4h+2 | Vol+2 | RSI+1 | BTC+2 | FVG+1 | ChoCH+1 | Zone:FVG+1 | Sess:OFF | Strong1h+1 | QualityRisk:1.15 | TrendPairRisk:1.25,0,0.575,range
CLUSDT,1397,1415,1776848400,1776865500,LONG,TRAIL,90.21,91.56315,92.27,88.85685,1.3377307040178268,1.2043973706844935,0.1333333333333334,15,1.66,60.78,0.19114688128772642,0.0070525373047515124,1.995206881874604,base,adaptive disabled,1.25,1.0,78.9,90,72,70,80,OFF,bullish,bullish,FVG,1.442,4,0.122,5.015,0.0535,0.0,1.414,BOS bullish | Vol 1.7x | FVG | ChoCH | StrongTrend1h | Zone:FVG | MTF 15 | Risk x1.25,BOS+2 | BodyStrong+1 | 1h+2 | 4h+2 | Vol+1 | RSI+1 | BTC+2 | FVG+1 | ChoCH+1 | Zone:FVG+1 | Sess:OFF | Strong1h+1 | QualityRisk:1.15 | TrendPairRisk:1.25,0,0.55,range
SNDKUSDT,1400,1415,1776851100,1776865500,LONG,TRAIL,920.115,928.09058014,944.04174042,912.13941986,0.0,-0.3460995879354286,0.3460995879354286,16,2.79,64.37,0.42296918767506964,0.0016585044773594793,1.0512960429785192,base,adaptive disabled,1.15,1.5,74.0,60,100,70,80,OFF,neutral,bullish,FVG,1.301,7,2.237,11.411,0.0335,0.7,2.649,BOS bullish | Vol 2.8x | FVG | ChoCH | BullWick | Zone:FVG | MTF 16 | Risk x1.15,BOS+2 | 1hN+1 | 4h+2 | Vol+2 | RSI+1 | BTC+2 | FVG+1 | ChoCH+1 | BullWick+1 | Zone:FVG+1 | Sess:OFF | NestedOB_1h+2 | QualityRisk:1.15,0,0.525,bull
XAUUSDT,1412,1458,1776861900,1776904200,SHORT,TRAIL,4741.6,4708.0,4686.6,4760.5664,2.8625447110676547,2.3625447110676374,0.5000000000000174,16,1.68,36.82,0.28467153284672575,0.0014339169320741975,1.5466423563477802,base,adaptive disabled,1.15,1.0,72.8,60,94,70,80,OFF,neutral,bearish,FVG,0.594,1,5.193,0.686,-0.2361,1.69,2.587,BOS bearish | Vol 1.7x | FVG | ChoCH | BearWick | Zone:FVG | MTF 16 | Risk x1.15,BOS+2 | BodyStrong+1 | 1hN+1 | 4h+2 | Vol+1 | RSI+1 | BTC+2 | FVG+1 | ChoCH+1 | BearWick+1 | Zone:FVG+1 | Sess:OFF | NestedOB_1h+2 | QualityRisk:1.15,0,0.475,bear
METAUSDT,1416,1430,1776865500,1776879000,SHORT,SL,674.67,669.8,668.89,677.36868,-1.511850237894051,-2.2618502378940284,0.7499999999999775,16,2.63,34.62,0.30340136054420375,0.004805408779674772,5.247971426964912,base,adaptive disabled,1.15,1.5,69.2,60,76,70,80,OPEN,neutral,bearish,FVG,0.738,1,0.841,0.009,0.3133,0.874,1.395,BOS bearish | Vol 2.6x | FVG | LiqSweep | ChoCH | BearWick | Session:OPEN | Zone:FVG | MTF 16 | Risk x1.15,BOS+2 | 1hN+1 | 4h+2 | Vol+2 | RSI+1 | BTCok+1 | FVG+1 | LiqSweep+1 | ChoCH+1 | BearWick+1 | Zone:FVG+1 | Sess:OPEN | NestedOB_1h+2 | QualityRisk:1.15,0,0.425,range
MUUSDT,1417,1418,1776866400,1776868200,LONG,TP2,460.81,466.74486457,478.61459371,454.87513543,3.0,2.8447108625429003,0.1552891374570995,16,2.49,63.5,0.22476675148430827,0.014905210515426598,8.957247035009484,base,adaptive disabled,1.25,1.0,83.7,90,66,90,80,OPEN,bullish,bullish,FVG,1.908,4,0.352,4.573,0.2597,0.0,1.567,BOS bullish | Vol 2.5x | FVG | ChoCH | Session:OPEN | StrongTrend1h | Zone:FVG | MTF 16 | Risk x1.25,BOS+2 | BodyStrong+1 | 1h+2 | 4h+2 | Vol+2 | RSI+1 | BTC+2 | FVG+1 | ChoCH+1 | Zone:FVG+1 | Sess:OPEN | Strong1h+1 | QualityRisk:1.15 | TrendPairRisk:1.25,0,0.45,range
EWYUSDT,1419,1429,1776868200,1776878100,LONG,TRAIL,152.48,154.12406015,157.41218045,150.83593985,2.1895527307630474,1.9113147356385989,0.27823799512444825,15,3.3,68.57,0.24436741767763956,0.0059255674967799606,3.0955981922854523,base,adaptive disabled,1.25,1.5,78.3,90,69,70,80,OPEN,bullish,bullish,FVG,2.696,4,0.295,8.6,0.0015,10.0,2.464,BOS bullish | Vol 3.3x | FVG | ChoCH | BullWick | Session:OPEN | StrongTrend1h | Zone:FVG | MTF 15 | Risk x1.25,BOS+2 | 1h+2 | 4h+2 | Vol+2 | BTC+2 | FVG+1 | ChoCH+1 | BullWick+1 | Zone:FVG+1 | Sess:OPEN | Strong1h+1 | TrendPairRisk:1.15 | RelStrengthRisk:1.25,0,0.575,range
MSFTUSDT,1419,1470,1776868200,1776915000,LONG,SL,429.7,435.2941516,446.48245481,424.1058484,-1.8286955255199082,-2.0591326127093232,0.23043708718941505,16,5.19,67.41,0.1898477157360428,0.004524909676697014,5.529181058657445,base,adaptive disabled,1.15,1.5,82.9,90,62,90,80,OPEN,bullish,bullish,FVG,2.156,3,0.735,4.655,-0.0277,0.0,3.7,BOS bullish | Vol 5.2x | FVG | ChoCH | Session:OPEN | StrongTrend1h | Zone:FVG | MTF 16 | Risk x1.15,BOS+2 | BodyStrong+1 | 1h+2 | 4h+2 | Vol+2 | RSI+1 | BTC+2 | FVG+1 | ChoCH+1 | Zone:FVG+1 | Sess:OPEN | Strong1h+1 | TrendPairRisk:1.15,0,0.7,bear
QQQUSDT,1419,1421,1776868200,1776870900,LONG,TRAIL,650.195,652.79578,657.99734,647.59422,1.5505165684457478,0.8005165684457765,0.7499999999999712,16,5.24,67.83,0.27255092143548365,0.0023961294939913234,3.7072116821211747,base,adaptive disabled,1.25,1.5,81.9,90,72,80,80,OPEN,bullish,bullish,OB,2.189,2,-1.0,5.435,0.3209,2.122,2.982,BOS bullish | Vol 5.2x | FVG | OB | ChoCH | Session:OPEN | StrongTrend1h | Zone:OB | MTF 16 | Risk x1.25,BOS+2 | 1h+2 | 4h+2 | Vol+2 | RSI+1 | BTC+2 | FVG+1 | OB+1 | ChoCH+1 | Zone:OB+1 | Sess:OPEN | Strong1h+1 | QualityRisk:1.15 | TrendPairRisk:1.25,0,0.5,bull
BZUSDT,1420,1428,1776869100,1776877200,LONG,TRAIL,95.275,96.704125,99.562375,93.845875,1.0102449815796184,0.876911648246285,0.13333333333333344,14,1.37,71.25,0.27676767676767833,0.007672363332812471,1.8611538211037613,base,adaptive disabled,1.25,1.0,81.1,90,83,70,80,OPEN,bullish,bullish,FVG,1.958,8,-1.0,7.834,0.2942,0.0,0.972,BOS bullish | Vol 1.4x | FVG | ChoCH | Session:OPEN | StrongTrend1h | Zone:FVG | MTF 14 | Risk x1.25,BOS+2 | BodyStrong+1 | 1h+2 | 4h+2 | Vol+1 | BTC+2 | FVG+1 | ChoCH+1 | Zone:FVG+1 | Sess:OPEN | Strong1h+1 | QualityRisk:1.15 | TrendPairRisk:1.25,0,0.5,range
AMZNUSDT,1440,1515,1776887100,1776955500,LONG,TP2,254.26,257.15,257.76,251.92754427,1.500564385845819,1.2825452425628716,0.2180191432829474,16,5.82,65.77,0.296954314720816,0.0023907705994741144,1.476563246827023,base,adaptive disabled,1.25,1.0,86.5,90,95,80,80,CLOSE,bullish,bullish,OB,2.718,8,1.351,6.052,0.1067,4.087,4.541,BOS bullish | Vol 5.8x | FVG | OB | ChoCH | Session:CLOSE | StrongTrend1h | Zone:OB | MTF 16 | Risk x1.25,BOS+2 | 1h+2 | 4h+2 | Vol+2 | RSI+1 | BTC+2 | FVG+1 | OB+1 | ChoCH+1 | Zone:OB+1 | Sess:CLOSE | Strong1h+1 | QualityRisk:1.15 | TrendPairRisk:1.25,0,0.4,bull
TSLAUSDT,1440,1440,1776887100,1776888000,SHORT,SL,390.075,385.64,382.83641814,392.48786062,-6.392826784996801,-6.716156692051275,0.32332990705447334,15,2.4,39.08,0.31168831168830985,0.003371787899695657,1.353095008078177,base,adaptive disabled,1.15,1.0,89.9,90,97,90,80,CLOSE,bearish,bearish,FVG,1.063,6,2.62,1.463,-0.1289,4.333,2.187,BOS bearish | Vol 2.4x | FVG | ChoCH | Session:CLOSE | StrongTrend1h | Zone:FVG | MTF 15 | Risk x1.15,BOS+2 | BodyStrong+1 | 1h+2 | 4h+2 | Vol+2 | RSI+1 | BTCok+1 | FVG+1 | ChoCH+1 | Zone:FVG+1 | Sess:CLOSE | Strong1h+1 | QualityRisk:1.15,0,0.3,range
METAUSDT,1458,1469,1776903300,1776914100,SHORT,TP2,676.45,668.4,668.3326,679.1558,3.000000000000084,2.5000000000000755,0.5000000000000087,16,6.91,39.33,0.34503950834063885,0.0036621263824183335,2.625666698611578,base,adaptive disabled,1.15,1.0,75.0,60,90,80,80,OFF,neutral,bearish,OB,0.494,7,2.02,1.974,-0.1205,0.365,1.613,BOS bearish | Vol 6.9x | FVG | OB | ChoCH | Zone:OB | MTF 16 | Risk x1.15,BOS+2 | 1hN+1 | 4h+2 | Vol+2 | RSI+1 | BTC+2 | FVG+1 | OB+1 | ChoCH+1 | Zone:OB+1 | Sess:OFF | NestedOB_1h+2 | QualityRisk:1.15,0,0.525,range
METAUSDT,1472,1498,1776915900,1776940200,SHORT,TP2,670.33,666.62544063,659.21632188,674.03455937,3.000000002699409,2.6381054111706974,0.36189459152871156,18,5.18,32.07,0.33655394524959453,0.00208650314962221,1.7188714727230707,base,adaptive disabled,1.15,1.0,93.5,90,100,100,80,OFF,bearish,bearish,OB,0.579,1,6.406,0.105,0.1451,5.635,3.216,BOS bearish | Vol 5.2x | FVG | OB | ChoCH | BearWick | StrongTrend1h | Zone:OB | MTF 18 | Risk x1.15,BOS+2 | BodyStrong+1 | 1h+2 | 4h+2 | Vol+2 | RSI+1 | BTC+2 | FVG+1 | OB+1 | ChoCH+1 | BearWick+1 | Zone:OB+1 | Sess:OFF | Strong1h+1 | QualityRisk:1.15,0,0.525,bear
TSLAUSDT,1473,1494,1776916800,1776936600,SHORT,TRAIL,381.725,375.999125,364.547375,387.450875,0.7946957634303015,0.6613624300969675,0.13333333333333397,15,9.1,36.48,0.2687224669603526,0.005956412337009785,1.697092178746667,base,adaptive disabled,1.15,1.0,85.9,90,92,80,80,OFF,bearish,bearish,OB,0.989,8,4.925,0.622,0.3187,10.0,5.146,BOS bearish | Vol 9.1x | FVG | OB | ChoCH | StrongTrend1h | Zone:OB | MTF 15 | Risk x1.15,BOS+2 | 1h+2 | 4h+2 | Vol+2 | RSI+1 | BTCok+1 | FVG+1 | OB+1 | ChoCH+1 | Zone:OB+1 | Sess:OFF | Strong1h+1 | QualityRisk:1.15,0,0.475,range
BZUSDT,1492,1504,1776933900,1776945600,LONG,SL,97.81,99.62,101.93452975,96.43515675,-1.2219574849714754,-1.3642427964060702,0.1422853114345947,15,1.32,64.99,0.18032786885245686,0.005646023521897675,1.4833782339573807,base,adaptive disabled,1.25,1.0,74.7,90,81,50,80,OFF,bullish,bullish,FVG,0.17,1,3.023,5.429,0.2176,0.0,2.22,BOS bullish | Vol 1.3x | FVG | ChoCH | Engulfing | BullWick | StrongTrend1h | Zone:FVG | MTF 15 | Risk x1.25,BOS+2 | 1h+2 | 4h+2 | Vol+1 | RSI+1 | BTCok+1 | FVG+1 | ChoCH+1 | Engulfing+1 | BullWick+1 | Zone:FVG+1 | Sess:OFF | Strong1h+1 | QualityRisk:1.15 | TrendPairRisk:1.25,0,0.525,bear
TSLAUSDT,1493,1511,1776934800,1776951900,SHORT,TRAIL,378.105,373.72839292,364.97517875,382.48160708,0.0,-0.17278453061406704,0.17278453061406704,15,3.13,32.11,0.2809734513274237,0.005664621242378198,1.587926619444779,base,adaptive disabled,1.15,1.0,83.1,90,93,70,80,OFF,bearish,bearish,FVG,1.477,4,9.007,0.938,0.09,0.0,2.171,BOS bearish | Vol 3.1x | FVG | ChoCH | Engulfing | StrongTrend1h | Zone:FVG | MTF 15 | Risk x1.15,BOS+2 | 1h+2 | 4h+2 | Vol+2 | RSI+1 | BTCok+1 | FVG+1 | ChoCH+1 | Engulfing+1 | Zone:FVG+1 | Sess:OFF | Strong1h+1 | QualityRisk:1.15,0,0.55,range
XAGUSDT,1494,1498,1776935700,1776940200,SHORT,TRAIL,75.92,75.26799864,73.96399592,76.57200136,2.3526330460689038,2.1197500962541977,0.23288294981470595,14,1.37,37.81,0.19626168224299048,0.0050362078222780235,1.593330249775248,base,adaptive disabled,1.15,1.0,81.1,90,83,70,80,OFF,bearish,bearish,FVG,0.296,1,9.309,0.329,-0.1239,0.0,1.044,BOS bearish | Vol 1.4x | FVG | ChoCH | StrongTrend1h | Zone:FVG | MTF 14 | Risk x1.15,BOS+2 | BodyStrong+1 | 1h+2 | 4h+2 | Vol+1 | RSI+1 | BTCok+1 | FVG+1 | ChoCH+1 | Zone:FVG+1 | Sess:OFF | Strong1h+1 | QualityRisk:1.15,0,0.65,range
XAUUSDT,1497,1499,1776938400,1776941100,SHORT,TRAIL,4705.2,4686.3792,4648.7376,4724.0208,1.2570742086074251,0.7570742086074362,0.49999999999998884,15,2.14,33.12,0.2526041666666672,0.0015856595102477797,1.2626418551009682,base,adaptive disabled,1.15,1.0,88.5,90,90,90,80,OFF,bearish,bearish,FVG,2.243,6,8.505,3.01,-0.2362,0.0,1.11,BOS bearish | Vol 2.1x | FVG | ChoCH | StrongTrend1h | Zone:FVG | MTF 15 | Risk x1.15,BOS+2 | BodyStrong+1 | 1h+2 | 4h+2 | Vol+2 | RSI+1 | BTCok+1 | FVG+1 | ChoCH+1 | Zone:FVG+1 | Sess:OFF | Strong1h+1 | QualityRisk:1.15,0,0.55,bull
AAPLUSDT,1501,1506,1776942000,1776947400,LONG,TRAIL,272.565,274.58,275.83578,271.47474,2.9024661891905907,2.152466189190591,0.7499999999999996,14,2.23,68.34,0.3648648648648882,0.0016119516184497369,1.750837369896011,base,adaptive disabled,1.15,1.5,84.5,90,100,70,80,OFF,bullish,bullish,FVG,1.824,2,2.681,6.479,0.4187,1.842,1.464,BOS bullish | Vol 2.2x | FVG | ChoCH | StrongTrend1h | Zone:FVG | MTF 14 | Risk x1.15,BOS+2 | 1h+2 | 4h+2 | Vol+2 | BTC+2 | FVG+1 | ChoCH+1 | Zone:FVG+1 | Sess:OFF | Strong1h+1 | TrendPairRisk:1.15,0,0.525,bull
METAUSDT,1501,1512,1776942000,1776952800,SHORT,TRAIL,667.06,661.39403065,650.06209195,672.72596935,1.096539857921684,0.8610779417713639,0.23546191615032014,14,2.08,32.81,0.38227582590455694,0.010183584810420034,11.374215601172908,base,adaptive disabled,1.15,1.0,80.5,90,80,70,80,OFF,bearish,bearish,FVG,2.538,2,4.347,-1.0,-0.2544,4.098,0.721,BOS bearish | Vol 2.1x | FVG | ChoCH | StrongTrend1h | Zone:FVG | MTF 14 | Risk x1.15,BOS+2 | 1h+2 | 4h+2 | Vol+2 | RSI+1 | BTCok+1 | FVG+1 | ChoCH+1 | Zone:FVG+1 | Sess:OFF | Strong1h+1 | QualityRisk:1.15,0,0.625,range
AMZNUSDT,1507,1517,1776947400,1776957300,LONG,TRAIL,254.735,257.76,259.99487129,252.98170957,3.675946930338478,3.2400778997865967,0.4358690305518812,14,1.51,70.1,0.39361702127659454,0.002801514409275583,2.4552858698682134,base,adaptive disabled,1.25,1.5,85.5,90,90,80,80,OFF,bullish,bullish,OB,4.321,7,0.312,9.314,0.3313,0.0,1.234,BOS bullish | Vol 1.5x | FVG | OB | ChoCH | StrongTrend1h | Zone:OB | MTF 14 | Risk x1.25,BOS+2 | BodyStrong+1 | 1h+2 | 4h+2 | Vol+1 | BTCok+1 | FVG+1 | OB+1 | ChoCH+1 | Zone:OB+1 | Sess:OFF | Strong1h+1 | QualityRisk:1.15 | TrendPairRisk:1.25,0,0.525,bull
AAPLUSDT,1513,1606,1776952800,1777037400,LONG,SL,274.25,276.711747,281.63524099,271.788253,-1.0602226792598959,-1.2830319281388423,0.2228092488789463,15,2.06,59.06,0.34414414414414124,0.005012208258647711,5.248938710250567,base,adaptive disabled,1.25,1.0,80.5,90,80,70,80,OPEN,bullish,bullish,FVG,2.725,9,0.548,4.867,0.0938,0.736,1.307,BOS bullish | Vol 2.1x | FVG | ChoCH | Session:OPEN | StrongTrend1h | Zone:FVG | MTF 15 | Risk x1.25,BOS+2 | 1h+2 | 4h+2 | Vol+2 | RSI+1 | BTC+2 | FVG+1 | ChoCH+1 | Zone:FVG+1 | Sess:OPEN | Strong1h+1 | QualityRisk:1.15 | TrendPairRisk:1.25,0,0.625,bull
EWYUSDT,1513,1524,1776952800,1776963600,LONG,SL,152.16,155.35,155.83,150.86720412,-1.6940029233385334,-2.047098108016876,0.3530951846783422,17,12.99,54.04,0.221052631578947,0.004580788239006241,1.3754939429840907,base,adaptive disabled,1.25,1.5,90.7,90,86,100,80,OPEN,bullish,bullish,OB,0.99,2,0.477,8.45,-0.1349,1.194,9.446,BOS bullish | Vol 13.0x | FVG | OB | ChoCH | Session:OPEN | StrongTrend1h | Zone:OB | MTF 17 | Risk x1.25,BOS+2 | BodyStrong+1 | 1h+2 | 4h+2 | Vol+2 | RSI+1 | BTC+2 | FVG+1 | OB+1 | ChoCH+1 | Zone:OB+1 | Sess:OPEN | Strong1h+1 | QualityRisk:1.15 | TrendPairRisk:1.25,0,0.5,bull
QQQUSDT,1517,1519,1776956400,1776959100,LONG,TRAIL,653.855,656.66796064,662.29388191,651.04203936,2.0721307930480632,1.3747996707754173,0.6973311222726459,15,6.65,69.54,0.4517184942716749,0.0019206585858892301,1.8185853245204402,base,adaptive disabled,1.25,1.5,91.5,90,90,100,80,MIDDAY,bullish,bullish,OB,1.674,1,-1.0,6.266,0.1414,0.917,5.48,BOS bullish | Vol 6.7x | FVG | OB | ChoCH | StrongTrend1h | Zone:OB | MTF 15 | Risk x1.25,BOS+2 | BodyStrong+1 | 1h+2 | 4h+2 | Vol+2 | BTCok+1 | FVG+1 | OB+1 | ChoCH+1 | Zone:OB+1 | Sess:MIDDAY | Strong1h+1 | QualityRisk:1.15 | TrendPairRisk:1.25,0,0.55,bull
BZUSDT,1528,1538,1776966300,1776976200,LONG,TRAIL,98.63,100.10945,103.06835,97.15055,1.3751370190361532,1.2418036857028198,0.13333333333333333,15,7.47,59.0,0.29883570504527884,0.016060969201709532,3.0077253478154797,base,adaptive disabled,1.25,1.0,85.5,90,75,90,80,MIDDAY,bullish,bullish,FVG,1.003,3,0.566,3.228,0.0055,2.0,2.41,BOS bullish | Vol 7.5x | FVG | ChoCH | StrongTrend1h | Zone:FVG | MTF 15 | Risk x1.25,BOS+2 | BodyStrong+1 | 1h+2 | 4h+2 | Vol+2 | RSI+1 | BTCok+1 | FVG+1 | ChoCH+1 | Zone:FVG+1 | Sess:MIDDAY | Strong1h+1 | QualityRisk:1.15 | TrendPairRisk:1.25,0,0.525,bull
CLUSDT,1528,1557,1776966300,1776993300,LONG,TRAIL,95.195,97.29,99.478775,93.767075,1.2865788096712827,1.1532454763379483,0.1333333333333345,15,4.33,60.8,0.311403508771931,0.018204933374021157,2.8578711241681494,base,adaptive disabled,1.25,1.0,87.9,90,87,90,80,MIDDAY,bullish,bullish,FVG,1.612,3,1.411,4.176,0.1,4.796,1.551,BOS bullish | Vol 4.3x | FVG | ChoCH | StrongTrend1h | Zone:FVG | MTF 15 | Risk x1.25,BOS+2 | BodyStrong+1 | 1h+2 | 4h+2 | Vol+2 | RSI+1 | BTCok+1 | FVG+1 | ChoCH+1 | Zone:FVG+1 | Sess:MIDDAY | Strong1h+1 | QualityRisk:1.15 | TrendPairRisk:1.25,0,0.55,range
GOOGLUSDT,1553,1617,1776988800,1777047300,LONG,TRAIL,337.65,342.14,348.9828,336.2994,6.027233721001582,5.5272337210015765,0.5000000000000052,17,4.39,59.51,0.1845730027548169,0.001509979698353957,0.9156948313592013,base,adaptive disabled,1.25,1.0,83.9,90,82,80,80,OFF,bullish,bullish,OB,1.289,2,3.181,6.8,-0.3562,0.0,2.482,BOS bullish | Vol 4.4x | FVG | OB | ChoCH | BullWick | StrongTrend1h | Zone:OB | MTF 17 | Risk x1.25,BOS+2 | 1h+2 | 4h+2 | Vol+2 | RSI+1 | BTC+2 | FVG+1 | OB+1 | ChoCH+1 | BullWick+1 | Zone:OB+1 | Sess:OFF | Strong1h+1 | QualityRisk:1.15 | TrendPairRisk:1.25,0,0.5,range
AAPLUSDT,1555,1613,1776990600,1777043700,LONG,SL,272.4,274.71,276.08,271.3104,-1.1104992657856296,-1.6104992657856472,0.5000000000000175,17,13.76,55.13,0.17297297297297248,0.001085426395423336,0.5933809018502464,base,adaptive disabled,1.15,1.0,71.0,60,70,80,80,OFF,neutral,bullish,OB,0.857,2,1.743,4.431,-0.1823,0.0,17.252,BOS bullish | Vol 13.8x | FVG | OB | ChoCH | Discount | Zone:OB | MTF 17 | Risk x1.15,BOS+2 | 1hN+1 | 4h+2 | Vol+2 | RSI+1 | BTC+2 | FVG+1 | OB+1 | ChoCH+1 | Discount+1 | Zone:OB+1 | Sess:OFF | NestedOB_1h+2 | QualityRisk:1.15,0,0.475,range
MUUSDT,1555,1566,1776990600,1777001400,LONG,SL,486.18,493.4727,508.0581,478.8873,-1.2245121834162898,-1.3578455167496226,0.1333333333333329,17,2.3,58.27,0.49218750000000017,0.003903465845645226,0.7248886208666537,base,adaptive disabled,1.25,1.0,88.5,90,90,90,80,OFF,bullish,bullish,FVG,0.0,2,2.898,6.552,0.0357,0.231,2.995,BOS bullish | Vol 2.3x | FVG | ChoCH | Engulfing | StrongTrend1h | Zone:FVG | MTF 17 | Risk x1.25,BOS+2 | BodyStrong+1 | 1h+2 | 4h+2 | Vol+2 | RSI+1 | BTC+2 | FVG+1 | ChoCH+1 | Engulfing+1 | Zone:FVG+1 | Sess:OFF | Strong1h+1 | QualityRisk:1.15 | TrendPairRisk:1.25,0,0.625,range
CLUSDT,1559,1576,1776994200,1777010400,LONG,SL,96.82,98.24,100.51364248,95.58878584,-1.0071359153309296,-1.1644115593992215,0.15727564406829192,14,1.36,62.65,0.18100890207715167,0.004842726212057883,0.8712423175961151,base,adaptive disabled,1.25,1.0,74.7,90,81,50,80,OFF,bullish,bullish,FVG,0.541,1,2.054,10.791,0.212,2.588,1.433,BOS bullish | Vol 1.4x | FVG | ChoCH | StrongTrend1h | Zone:FVG | MTF 14 | Risk x1.25,BOS+2 | 1h+2 | 4h+2 | Vol+1 | RSI+1 | BTC+2 | FVG+1 | ChoCH+1 | Zone:FVG+1 | Sess:OFF | Strong1h+1 | QualityRisk:1.15 | TrendPairRisk:1.25,0,0.45,range
XAUUSDT,1563,1565,1776997800,1777000500,SHORT,TRAIL,4699.3,4680.5028,4642.9084,4718.0972,1.710393107386484,1.2103931073864833,0.5000000000000007,17,1.52,39.15,0.23329129886506614,0.0018225476716357198,1.218399154883814,base,adaptive disabled,1.15,1.0,75.9,90,87,50,80,OFF,bearish,bearish,FVG,0.589,1,7.256,2.222,-0.0912,2.364,1.623,BOS bearish | Vol 1.5x | FVG | ChoCH | BearWick | StrongTrend1h | Zone:FVG | MTF 17 | Risk x1.15,BOS+2 | 1h+2 | 4h+2 | Vol+1 | RSI+1 | BTC+2 | FVG+1 | ChoCH+1 | BearWick+1 | Zone:FVG+1 | Sess:OFF | Strong1h+1 | NestedOB_1h+2 | QualityRisk:1.15,0,0.55,bull
XAGUSDT,1579,1597,1777012200,1777029300,SHORT,SL,74.8,73.81891016,71.85673048,75.78108984,-1.437177251779493,-1.589660738918651,0.15248348713915794,17,2.11,32.82,0.2407407407407383,0.004694451876935026,1.421104472187649,base,adaptive disabled,1.15,1.0,88.1,90,88,90,80,OFF,bearish,bearish,FVG,1.205,1,5.706,0.177,-0.2589,2.391,1.921,BOS bearish | Vol 2.1x | FVG | ChoCH | BearWick | StrongTrend1h | Zone:FVG | MTF 17 | Risk x1.15,BOS+2 | BodyStrong+1 | 1h+2 | 4h+2 | Vol+2 | RSI+1 | BTC+2 | FVG+1 | ChoCH+1 | BearWick+1 | Zone:FVG+1 | Sess:OFF | Strong1h+1 | QualityRisk:1.15,0,0.575,bear
BZUSDT,1586,1597,1777018500,1777029300,LONG,SL,100.485,101.992275,105.006825,98.977725,-1.927319168698489,-2.060652502031823,0.13333333333333397,16,2.57,68.11,0.364532019704433,0.005651330834163915,1.716977058890431,base,adaptive disabled,1.25,1.0,84.5,90,100,70,80,OFF,bullish,bullish,FVG,0.649,1,1.247,10.91,0.222,0.0,2.202,BOS bullish | Vol 2.6x | FVG | MACD_Div | ChoCH | Engulfing | BullWick | StrongTrend1h | Zone:FVG | MTF 16 | Risk x1.25,BOS+2 | 1h+2 | 4h+2 | Vol+2 | BTCok+1 | FVG+1 | MACD_Div+1 | ChoCH+1 | Engulfing+1 | BullWick+1 | Zone:FVG+1 | Sess:OFF | Strong1h+1 | QualityRisk:1.15 | TrendPairRisk:1.25,0,0.5,bear
CLUSDT,1586,1596,1777018500,1777028400,LONG,SL,96.835,98.287525,101.192575,95.382475,-1.160048880397924,-1.2933822137312578,0.13333333333333383,19,2.89,60.13,0.17622080679405508,0.006784682188754976,1.724916174358696,base,adaptive disabled,1.25,1.0,86.7,90,81,90,80,OFF,bullish,bullish,FVG,1.106,1,0.271,10.991,0.1188,0.0,2.101,BOS bullish | Vol 2.9x | FVG | LiqSweep | MACD_Div | ChoCH | Engulfing | BullWick | StrongTrend1h | Zone:FVG | MTF 19 | Risk x1.25,BOS+2 | BodyStrong+1 | 1h+2 | 4h+2 | Vol+2 | RSI+1 | BTCok+1 | FVG+1 | LiqSweep+1 | MACD_Div+1 | ChoCH+1 | Engulfing+1 | BullWick+1 | Zone:FVG+1 | Sess:OFF | Strong1h+1 | QualityRisk:1.15 | TrendPairRisk:1.25,0,0.475,range
AAPLUSDT,1656,1821,1777081500,1777230900,SHORT,SL,271.155,268.09,267.90114,272.23962,-1.0833287234238531,-1.5833287234238396,0.4999999999999864,19,8.5,39.59,0.18324607329844428,0.0010953212920356617,0.9560034902782281,base,adaptive disabled,1.15,1.0,78.0,65,81,90,80,OFF,bearish,neutral,FVG,1.292,4,7.969,3.705,-0.0518,0.0,4.387,BOS bearish | Vol 8.5x | FVG | ChoCH | Engulfing | Premium | StrongTrend1h | Zone:FVG | MTF 19 | Risk x1.15,BOS+2 | BodyStrong+1 | 1h+2 | 4hN+1 | Vol+2 | RSI+1 | BTC+2 | FVG+1 | ChoCH+1 | Engulfing+1 | Premium+1 | Zone:FVG+1 | Sess:OFF | Strong1h+1 | NestedOB_1h+2 | QualityRisk:1.15,0,0.5,range
MUUSDT,1858,1886,1777263300,1777289400,LONG,TRAIL,506.495,514.092425,529.287275,498.897575,2.1155224098025256,1.9155224098025254,0.20000000000000037,15,1.82,71.85,0.6213197969543137,0.003874428003968407,1.790376735155302,base,adaptive disabled,1.25,1.5,87.5,90,100,80,80,OFF,bullish,bullish,OB,5.443,9,-1.0,8.231,0.5058,0.596,1.579,BOS bullish | Vol 1.8x | FVG | OB | ChoCH | BullWick | StrongTrend1h | Zone:OB | MTF 15 | Risk x1.25,BOS+2 | BodyStrong+1 | 1h+2 | 4h+2 | Vol+1 | BTCok+1 | FVG+1 | OB+1 | ChoCH+1 | BullWick+1 | Zone:OB+1 | Sess:OFF | Strong1h+1 | QualityRisk:1.15 | TrendPairRisk:1.25,0,0.55,range
TSLAUSDT,1867,1894,1777271400,1777296600,SHORT,TP2,376.6,373.26,372.0,378.70909022,3.271552793033237,2.7358715835304928,0.5356812095027439,16,2.18,35.89,0.4813278008298748,0.0014009239155239337,1.1760600612613996,base,adaptive disabled,1.15,1.5,80.0,60,100,90,80,OFF,neutral,bearish,FVG,3.705,7,0.849,0.328,0.0339,5.444,1.549,BOS bearish | Vol 2.2x | FVG | Engulfing | Zone:FVG | MTF 16 | Risk x1.15,BOS+2 | BodyStrong+1 | 1hN+1 | 4h+2 | Vol+2 | RSI+1 | BTC+2 | FVG+1 | Engulfing+1 | Zone:FVG+1 | Sess:OFF | NestedOB_1h+2 | QualityRisk:1.15,0,0.55,range
CLUSDT,1871,1885,1777275000,1777288500,LONG,SL,96.245,97.64,100.42769064,94.85076979,-1.0794487088326725,-1.217510557313204,0.13806184848053146,15,1.6,63.75,0.35555555555556,0.0039751297546995685,1.7253870012575512,base,adaptive disabled,1.25,1.0,84.5,90,100,70,80,OFF,bullish,bullish,FVG,0.251,1,0.61,3.124,0.1946,1.0,1.714,BOS bullish | Vol 1.6x | FVG | ChoCH | StrongTrend1h | Zone:FVG | MTF 15 | Risk x1.25,BOS+2 | BodyStrong+1 | 1h+2 | 4h+2 | Vol+1 | RSI+1 | BTC+2 | FVG+1 | ChoCH+1 | Zone:FVG+1 | Sess:OFF | Strong1h+1 | QualityRisk:1.15 | TrendPairRisk:1.25,0,0.525,bear
BZUSDT,1873,1885,1777276800,1777288500,LONG,SL,101.57,103.09355,106.14065,100.04645,-1.2077056873748737,-1.341039020708207,0.1333333333333333,15,1.77,67.68,0.5698924731182766,0.003313233013372736,1.2349769276524756,base,adaptive disabled,1.25,1.0,78.5,90,100,50,80,OFF,bullish,bullish,FVG,0.611,1,0.679,4.449,0.0848,0.767,1.624,BOS bullish | Vol 1.8x | FVG | ChoCH | Engulfing | StrongTrend1h | Zone:FVG | MTF 15 | Risk x1.25,BOS+2 | 1h+2 | 4h+2 | Vol+1 | RSI+1 | BTC+2 | FVG+1 | ChoCH+1 | Engulfing+1 | Zone:FVG+1 | Sess:OFF | Strong1h+1 | QualityRisk:1.15 | TrendPairRisk:1.25,0,0.45,range
NVDAUSDT,1884,1886,1777286700,1777289400,LONG,TRAIL,210.165,212.04371601,215.80114802,208.28628399,1.3873578262532302,1.163625235610114,0.22373259064311632,16,3.12,61.61,0.20202020202020018,0.0024209463253436333,1.3039589361588293,base,adaptive disabled,1.25,1.0,87.3,90,84,90,80,OFF,bullish,bullish,FVG,0.328,1,0.959,4.726,-0.0858,0.0,2.903,BOS bullish | Vol 3.1x | FVG | ChoCH | StrongTrend1h | Zone:FVG | MTF 16 | Risk x1.25,BOS+2 | BodyStrong+1 | 1h+2 | 4h+2 | Vol+2 | RSI+1 | BTC+2 | FVG+1 | ChoCH+1 | Zone:FVG+1 | Sess:OFF | Strong1h+1 | QualityRisk:1.15 | TrendPairRisk:1.25,0,0.5,range
EWYUSDT,1885,1940,1777287600,1777338000,LONG,TRAIL,157.08,158.47,159.78943856,156.17685381,2.2852049594412125,1.9373542975234561,0.34785066191775627,16,2.03,57.81,0.18000000000000246,0.0015475578995696986,0.7126504127523537,base,adaptive disabled,1.25,1.0,78.7,90,71,70,80,OFF,bullish,bullish,FVG,0.653,2,4.146,2.84,0.1003,10.0,2.83,BOS bullish | Vol 2.0x | FVG | ChoCH | Discount | StrongTrend1h | Zone:FVG | MTF 16 | Risk x1.25,BOS+2 | 1h+2 | 4h+2 | Vol+2 | RSI+1 | BTC+2 | FVG+1 | ChoCH+1 | Discount+1 | Zone:FVG+1 | Sess:OFF | Strong1h+1 | QualityRisk:1.15 | TrendPairRisk:1.25,0,0.55,range
MUUSDT,1887,1896,1777289400,1777298400,LONG,TRAIL,512.16,519.8424,535.2072,504.4776,2.264653239015773,2.1313199056824392,0.1333333333333338,16,2.44,71.56,0.4080752646021207,0.0076819570760451525,2.38659083638653,base,adaptive disabled,1.25,1.0,88.5,90,90,90,80,OFF,bullish,bullish,FVG,3.193,4,-1.0,8.999,0.1333,2.517,1.923,BOS bullish | Vol 2.4x | FVG | MACD_Div | ChoCH | StrongTrend1h | Zone:FVG | MTF 16 | Risk x1.25,BOS+2 | BodyStrong+1 | 1h+2 | 4h+2 | Vol+2 | BTC+2 | FVG+1 | MACD_Div+1 | ChoCH+1 | Zone:FVG+1 | Sess:OFF | Strong1h+1 | QualityRisk:1.15 | TrendPairRisk:1.25,0,0.6,range
SNDKUSDT,1889,1895,1777291200,1777297500,LONG,TRAIL,1013.82,1029.0273,1059.4419,998.6127,0.0,-0.13333333333333308,0.13333333333333308,15,2.48,58.1,0.2375399661463222,0.0035953920178102695,1.1597543818979887,base,adaptive disabled,1.25,1.0,88.1,90,88,90,80,OFF,bullish,bullish,FVG,0.226,4,0.901,4.877,0.1915,0.964,1.862,BOS bullish | Vol 2.5x | FVG | BullWick | StrongTrend1h | Zone:FVG | MTF 15 | Risk x1.25,BOS+2 | BodyStrong+1 | 1h+2 | 4h+2 | Vol+2 | RSI+1 | BTCok+1 | FVG+1 | BullWick+1 | Zone:FVG+1 | Sess:OFF | Strong1h+1 | QualityRisk:1.15 | TrendPairRisk:1.25,0,0.45,bull
TSLAUSDT,1891,1894,1777293000,1777296600,SHORT,TP2,374.86,372.0,369.97256106,376.48914631,3.000000006138189,2.539808066716864,0.46019193942132514,14,1.93,32.64,0.251299826689776,0.002037341396511018,1.709736899952542,base,adaptive disabled,1.15,1.0,79.0,80,90,70,80,OFF,bearish,bearish,FVG,1.385,1,2.127,3.351,-0.01,1.736,1.104,BOS bearish | Vol 1.9x | FVG | ChoCH | Zone:FVG | MTF 14 | Risk x1.15,BOS+2 | BodyStrong+1 | 1h+2 | 4h+2 | Vol+1 | RSI+1 | BTC+2 | FVG+1 | ChoCH+1 | Zone:FVG+1 | Sess:OFF | QualityRisk:1.15,0,0.5,bear
XAUUSDT,1895,1897,1777296600,1777299300,SHORT,TRAIL,4708.7,4689.8652,4655.2,4727.5348,1.177984471270049,0.6779844712700632,0.4999999999999857,15,2.4,36.47,0.3056603773584924,0.0017119936884503566,1.676862151302238,base,adaptive disabled,1.15,1.0,79.2,60,96,90,80,OPEN,neutral,bearish,FVG,1.275,4,1.027,0.407,0.0123,2.115,1.189,BOS bearish | Vol 2.4x | FVG | ChoCH | Engulfing | BearWick | Session:OPEN | Zone:FVG | MTF 15 | Risk x1.15,BOS+2 | BodyStrong+1 | 1hN+1 | 4h+2 | Vol+2 | RSI+1 | BTCok+1 | FVG+1 | ChoCH+1 | Engulfing+1 | BearWick+1 | Zone:FVG+1 | Sess:OPEN | QualityRisk:1.15,0,0.425,range
EWYUSDT,1937,1939,1777334400,1777337100,LONG,TRAIL,157.015,157.88552632,159.62657896,156.14447368,2.8051632268675624,2.264059541455719,0.5411036854118434,16,2.93,64.74,0.3296089385474789,0.0038248125108328586,2.136567588641955,base,adaptive disabled,1.25,1.5,91.3,90,89,100,80,OFF,bullish,bullish,OB,1.966,4,0.427,4.415,0.1113,1.565,1.027,BOS bullish | Vol 2.9x | FVG | OB | ChoCH | StrongTrend1h | Zone:OB | MTF 16 | Risk x1.25,BOS+2 | BodyStrong+1 | 1h+2 | 4h+2 | Vol+2 | RSI+1 | BTCok+1 | FVG+1 | OB+1 | ChoCH+1 | Zone:OB+1 | Sess:OFF | Strong1h+1 | QualityRisk:1.15 | TrendPairRisk:1.25,0,0.425,bull
MUUSDT,1937,1965,1777334400,1777360500,LONG,SL,523.6,529.6,532.12,518.05955243,-1.1388971595303976,-1.3279071603957258,0.18901000086532826,18,4.63,57.0,0.2298474945533768,0.003266847248864386,0.6135722498948489,base,adaptive disabled,1.25,1.0,82.9,90,77,80,80,OFF,bullish,bullish,OB,0.25,6,3.114,12.754,0.0493,1.019,3.308,BOS bullish | Vol 4.6x | FVG | OB | ChoCH | BullWick | StrongTrend1h | Zone:OB | MTF 18 | Risk x1.25,BOS+2 | 1h+2 | 4h+2 | Vol+2 | RSI+1 | BTCok+1 | FVG+1 | OB+1 | ChoCH+1 | BullWick+1 | Zone:OB+1 | Sess:OFF | Strong1h+1 | NestedOB_1h+2 | QualityRisk:1.15 | TrendPairRisk:1.25,0,0.575,range
SNDKUSDT,1937,1972,1777334400,1777366800,LONG,SL,1070.145,1086.197175,1118.301525,1054.092825,-1.174607179400921,-1.307940512734254,0.13333333333333305,15,8.04,57.98,0.24150864763492677,0.005329498389662456,1.057343334814816,base,adaptive disabled,1.25,1.0,88.1,90,88,90,80,OFF,bullish,bullish,FVG,1.082,1,-1.0,15.999,0.0362,0.011,2.927,BOS bullish | Vol 8.0x | FVG | ChoCH | StrongTrend1h | Zone:FVG | MTF 15 | Risk x1.25,BOS+2 | BodyStrong+1 | 1h+2 | 4h+2 | Vol+2 | RSI+1 | BTCok+1 | FVG+1 | ChoCH+1 | Zone:FVG+1 | Sess:OFF | Strong1h+1 | QualityRisk:1.15 | TrendPairRisk:1.25,0,0.625,bull
BZUSDT,1939,1960,1777336200,1777356000,LONG,TRAIL,101.925,102.89409603,104.83228809,100.95590397,1.939576781531861,1.7292261107113445,0.2103506708205165,15,2.48,65.68,0.40909090909090395,0.0034326780719555754,1.1228179241827485,base,adaptive disabled,1.25,1.0,90.5,90,100,90,80,OFF,bullish,bullish,FVG,0.895,1,1.007,4.139,0.086,3.5,3.02,BOS bullish | Vol 2.5x | FVG | ChoCH | StrongTrend1h | Zone:FVG | MTF 15 | Risk x1.25,BOS+2 | BodyStrong+1 | 1h+2 | 4h+2 | Vol+2 | RSI+1 | BTCok+1 | FVG+1 | ChoCH+1 | Zone:FVG+1 | Sess:OFF | Strong1h+1 | QualityRisk:1.15 | TrendPairRisk:1.25,0,0.55,range
XAGUSDT,1945,1960,1777341600,1777356000,SHORT,TRAIL,75.105,73.978425,71.725275,76.231575,1.5980870465914478,1.4647537132581148,0.13333333333333305,14,1.52,30.65,0.27826086956522145,0.006942310652640958,3.0876947555698337,base,adaptive disabled,1.15,1.0,73.1,90,73,50,80,OFF,bearish,bearish,FVG,2.114,1,3.97,0.561,-0.1844,0.0,0.653,BOS bearish | Vol 1.5x | FVG | MACD_Div | ChoCH | StrongTrend1h | Zone:FVG | MTF 14 | Risk x1.15,BOS+2 | 1h+2 | 4h+2 | Vol+1 | BTC+2 | FVG+1 | MACD_Div+1 | ChoCH+1 | Zone:FVG+1 | Sess:OFF | Strong1h+1 | QualityRisk:1.15,0,0.625,bull
CRCLUSDT,1947,1949,1777343400,1777346100,SHORT,TRAIL,95.85,94.49,93.62468724,96.59177092,2.4588846961410535,2.2004491133603237,0.2584355827807297,17,3.53,32.33,0.2150943396226431,0.0030739898972672055,0.8175959240656744,base,adaptive disabled,1.15,1.0,87.5,90,85,90,80,OFF,bearish,bearish,FVG,2.471,3,14.496,2.339,-0.0429,0.0,2.186,BOS bearish | Vol 3.5x | FVG | MACD_Div | ChoCH | StrongTrend1h | Zone:FVG | MTF 17 | Risk x1.15,BOS+2 | BodyStrong+1 | 1h+2 | 4h+2 | Vol+2 | RSI+1 | BTC+2 | FVG+1 | MACD_Div+1 | ChoCH+1 | Zone:FVG+1 | Sess:OFF | Strong1h+1 | QualityRisk:1.15,0,0.6,range
CLUSDT,1953,1960,1777348800,1777356000,LONG,TRAIL,97.355,98.60842701,101.11528102,96.10157299,0.8535502356133646,0.6982081227926121,0.1553421128207525,15,2.94,64.92,0.32824427480916485,0.002291368006160965,0.818612436572293,base,adaptive disabled,1.25,1.0,84.3,90,99,70,80,OFF,bullish,bullish,FVG,0.234,1,0.506,4.867,-0.0348,4.059,2.357,BOS bullish | Vol 2.9x | FVG | ChoCH | StrongTrend1h | Zone:FVG | MTF 15 | Risk x1.25,BOS+2 | 1h+2 | 4h+2 | Vol+2 | RSI+1 | BTC+2 | FVG+1 | ChoCH+1 | Zone:FVG+1 | Sess:OFF | Strong1h+1 | QualityRisk:1.15 | TrendPairRisk:1.25,0,0.425,bull
AMZNUSDT,1959,1980,1777354200,1777374000,SHORT,TRAIL,261.155,260.00508093,257.70524278,262.30491907,0.9037185869469913,0.4495040133944408,0.45421457355255046,16,1.43,32.55,0.37073170731706667,0.001547099387193154,1.6845333827560598,base,adaptive disabled,1.0,1.0,69.8,65,100,50,80,OFF,bearish,neutral,FVG,1.035,2,5.589,39.022,0.0756,0.708,1.15,BOS bearish | Vol 1.4x | FVG | ChoCH | Engulfing | StrongTrend1h | Zone:FVG | MTF 16,BOS+2 | 1h+2 | 4hN+1 | Vol+1 | RSI+1 | BTC+2 | FVG+1 | ChoCH+1 | Engulfing+1 | Zone:FVG+1 | Sess:OFF | Strong1h+1 | NestedOB_1h+2,0,0.45,range
AAPLUSDT,1960,1974,1777355100,1777368600,SHORT,SL,267.845,265.89,264.63086,268.91638,-1.9274207097388818,-2.427420709738893,0.5000000000000111,17,2.5,38.85,0.2388059701492531,0.001207812739818118,2.489394965438451,base,adaptive disabled,1.0,1.0,80.1,90,78,70,80,OFF,bearish,bearish,FVG,0.708,2,4.304,9.806,-0.1137,2.2,1.834,BOS bearish | Vol 2.5x | FVG | ChoCH | StrongTrend1h | Zone:FVG | MTF 17,BOS+2 | 1h+2 | 4h+2 | Vol+2 | RSI+1 | BTC+2 | FVG+1 | ChoCH+1 | Zone:FVG+1 | Sess:OFF | Strong1h+1 | NestedOB_1h+2,0,0.45,range
XAUUSDT,1960,1984,1777355100,1777377600,SHORT,TRAIL,4643.8,4592.39262667,4489.57788001,4695.20737333,2.470142887577418,2.199142852026682,0.27100003555073604,16,2.27,28.11,0.47954743255004406,0.003699880357352456,6.1662470312801725,base,adaptive disabled,1.15,1.5,86.5,90,80,90,80,OFF,bearish,bearish,FVG,4.532,3,8.691,-1.0,-0.2583,2.964,1.675,BOS bearish | Vol 2.3x | FVG | ChoCH | Engulfing | StrongTrend1h | Zone:FVG | MTF 16 | Risk x1.15,BOS+2 | BodyStrong+1 | 1h+2 | 4h+2 | Vol+2 | BTC+2 | FVG+1 | ChoCH+1 | Engulfing+1 | Zone:FVG+1 | Sess:OFF | Strong1h+1 | QualityRisk:1.15,0,0.6,bear
BZUSDT,1961,1967,1777356000,1777362300,LONG,TRAIL,102.965,104.18466366,106.62399098,101.74533634,1.4745158953448814,1.3056742656778972,0.16884162966698416,14,1.5,60.09,0.19653179190751266,0.008216538191401388,3.8169554689183998,base,adaptive disabled,1.25,1.0,77.1,90,63,70,80,OFF,bullish,bullish,FVG,0.607,2,-1.0,5.709,-0.0654,6.556,0.935,BOS bullish | Vol 1.5x | FVG | ChoCH | StrongTrend1h | Zone:FVG | MTF 14 | Risk x1.25,BOS+2 | BodyStrong+1 | 1h+2 | 4h+2 | Vol+1 | RSI+1 | BTCok+1 | FVG+1 | ChoCH+1 | Zone:FVG+1 | Sess:OFF | Strong1h+1 | QualityRisk:1.15 | TrendPairRisk:1.25,0,0.625,bull
CLUSDT,1970,1972,1777364100,1777366800,LONG,TRAIL,97.91,98.89850727,100.87552181,96.92149273,1.276732855245664,1.0786361836855245,0.19809667156013946,17,2.44,55.32,0.2270531400966212,0.005347091836296215,2.101834859013455,base,adaptive disabled,1.25,1.0,88.9,90,77,100,80,OFF,bullish,bullish,OB,1.36,4,0.151,4.912,-0.0325,0.133,1.14,BOS bullish | Vol 2.4x | FVG | OB | Engulfing | StrongTrend1h | Zone:OB | MTF 17 | Risk x1.25,BOS+2 | BodyStrong+1 | 1h+2 | 4h+2 | Vol+2 | RSI+1 | BTC+2 | FVG+1 | OB+1 | Engulfing+1 | Zone:OB+1 | Sess:OFF | Strong1h+1 | QualityRisk:1.15 | TrendPairRisk:1.25,0,0.475,bull
MSTRUSDT,1976,1984,1777369500,1777377600,SHORT,TRAIL,167.07,164.56395,159.55185,169.57605,1.2204125247985222,1.0870791914651898,0.13333333333333247,14,1.45,33.05,0.3380681818181802,0.0051680565550559915,1.8286306777317607,base,adaptive disabled,1.0,1.0,76.5,90,90,50,80,OFF,bearish,bearish,FVG,0.691,1,7.803,6.025,-0.3527,0.308,0.991,BOS bearish | Vol 1.4x | FVG | ChoCH | StrongTrend1h | Zone:FVG | MTF 14,BOS+2 | 1h+2 | 4h+2 | Vol+1 | RSI+1 | BTC+2 | FVG+1 | ChoCH+1 | Zone:FVG+1 | Sess:OFF | Strong1h+1,0,0.475,bear
CRCLUSDT,1977,1983,1777370400,1777376700,SHORT,TRAIL,93.985,92.67166745,90.04500236,95.29833255,1.2696454512621067,1.1265210004137665,0.14312445084834016,15,1.31,32.77,0.27950310559006397,0.006300945010551586,2.3754562689804684,base,adaptive disabled,1.0,1.0,81.1,90,83,70,80,OFF,bearish,bearish,FVG,1.885,3,8.044,-1.0,-0.0475,5.75,0.928,BOS bearish | Vol 1.3x | FVG | ChoCH | StrongTrend1h | Zone:FVG | MTF 15,BOS+2 | BodyStrong+1 | 1h+2 | 4h+2 | Vol+1 | RSI+1 | BTC+2 | FVG+1 | ChoCH+1 | Zone:FVG+1 | Sess:OFF | Strong1h+1,0,0.6,range
MSFTUSDT,1977,1991,1777370400,1777383900,SHORT,SL,424.26,406.0,397.88,425.95704,-1.7736765191156152,-2.2736765191156105,0.4999999999999955,15,2.11,35.43,0.21843003412969192,0.001962339052294197,1.6641812566890093,base,adaptive disabled,1.0,1.0,79.0,65,86,90,80,OFF,bearish,neutral,FVG,0.88,1,1.573,0.338,-0.192,5.095,1.918,BOS bearish | Vol 2.1x | FVG | ChoCH | StrongTrend1h | Zone:FVG | MTF 15,BOS+2 | BodyStrong+1 | 1h+2 | 4hN+1 | Vol+2 | RSI+1 | BTC+2 | FVG+1 | ChoCH+1 | Zone:FVG+1 | Sess:OFF | Strong1h+1,0,0.475,range
XAUUSDT,1982,1984,1777374900,1777377600,SHORT,TRAIL,4612.2,4579.20108657,4513.2032597,4645.19891343,2.4108086274646823,1.9915039121942484,0.419304715270434,15,2.03,28.13,0.40256410256410485,0.0020781290831165164,1.6027916908383668,base,adaptive disabled,1.15,1.5,84.5,90,100,70,80,OFF,bearish,bearish,FVG,1.83,7,11.503,-1.0,-0.1102,10.0,1.938,BOS bearish | Vol 2.0x | FVG | ChoCH | BearWick | StrongTrend1h | Zone:FVG | MTF 15 | Risk x1.15,BOS+2 | 1h+2 | 4h+2 | Vol+2 | BTC+2 | FVG+1 | ChoCH+1 | BearWick+1 | Zone:FVG+1 | Sess:OFF | Strong1h+1 | QualityRisk:1.15,0,0.625,bear
BZUSDT,1983,1985,1777375800,1777378500,LONG,TRAIL,103.935,105.05150033,107.28450099,102.81849967,1.3769274808618965,1.1907475090207789,0.1861799718411176,15,1.71,67.13,0.32994923857868325,0.004041915528387614,1.621274501753616,base,adaptive disabled,1.25,1.0,81.3,90,99,60,80,OFF,bullish,bullish,OB,0.0,1,-1.0,9.608,0.0793,0.566,1.593,BOS bullish | Vol 1.7x | FVG | OB | ChoCH | Engulfing | StrongTrend1h | Zone:OB | MTF 15 | Risk x1.25,BOS+2 | 1h+2 | 4h+2 | Vol+1 | RSI+1 | BTCok+1 | FVG+1 | OB+1 | ChoCH+1 | Engulfing+1 | Zone:OB+1 | Sess:OFF | Strong1h+1 | QualityRisk:1.15 | TrendPairRisk:1.25,0,0.675,bull
TSLAUSDT,1984,1990,1777376700,1777383000,SHORT,SL,375.03,364.68,357.3864,377.05131436,-1.489130072771075,-1.8602054556224554,0.3710753828513803,19,3.62,31.58,0.30947368421052424,0.00236585851789688,1.5088964435587988,base,adaptive disabled,1.15,1.0,92.9,90,97,100,80,OFF,bearish,bearish,OB,1.15,2,3.028,4.881,-0.1458,3.82,3.145,BOS bearish | Vol 3.6x | FVG | OB | ChoCH | Engulfing | StrongTrend1h | Zone:OB | MTF 19 | Risk x1.15,BOS+2 | BodyStrong+1 | 1h+2 | 4h+2 | Vol+2 | BTC+2 | FVG+1 | OB+1 | ChoCH+1 | Engulfing+1 | Zone:OB+1 | Sess:OFF | Strong1h+1 | NestedOB_1h+2 | QualityRisk:1.15,0,0.5,bear
GOOGLUSDT,1995,2112,1777386600,1777492800,LONG,TP2,351.255,356.51335671,367.03007012,345.99664329,2.9999999980982746,2.866401225944987,0.13359877215328775,14,2.35,67.15,0.19609582963620587,0.005626797483200695,2.9889377721757415,base,adaptive disabled,1.25,1.0,68.6,60,73,70,80,OPEN,neutral,bullish,FVG,0.971,1,0.179,1.974,0.2896,0.0,2.042,BOS bullish | Vol 2.4x | FVG | LiqSweep | ChoCH | BullWick | Session:OPEN | Zone:FVG | MTF 14 | Risk x1.25,BOS+2 | 1hN+1 | 4h+2 | Vol+2 | RSI+1 | BTCok+1 | FVG+1 | LiqSweep+1 | ChoCH+1 | BullWick+1 | Zone:FVG+1 | Sess:OPEN | QualityRisk:1.15 | RelStrengthRisk:1.25,0,0.6,bear
MSTRUSDT,1997,2045,1777388400,1777432500,SHORT,SL,164.745,162.273825,157.331475,167.216175,-1.0824810059991687,-1.2158143393325027,0.13333333333333397,15,1.36,38.45,0.2510356255178124,0.012619674778196815,3.312664629278706,base,adaptive disabled,1.25,1.0,81.5,90,70,80,80,MIDDAY,bearish,bearish,OB,0.349,3,5.771,0.051,0.1854,1.349,1.011,BOS bearish | Vol 1.4x | FVG | OB | StrongTrend1h | Zone:OB | MTF 15 | Risk x1.25,BOS+2 | BodyStrong+1 | 1h+2 | 4h+2 | Vol+1 | RSI+1 | BTC+2 | FVG+1 | OB+1 | Zone:OB+1 | Sess:MIDDAY | Strong1h+1 | QualityRisk:1.15 | RelStrengthRisk:1.25,0,0.5,bear
GOOGLUSDT,2034,2072,1777421700,1777456800,LONG,SL,350.82,353.7,357.82286909,348.4857103,-1.1052612706983134,-1.4058409288272937,0.3005796581289804,15,5.8,66.6,0.2410071942446124,0.0017847930177563333,0.9191684041447649,base,adaptive disabled,1.15,1.0,77.6,60,88,90,80,OFF,neutral,bullish,FVG,2.988,2,3.091,2.395,0.1644,0.0,5.787,BOS bullish | Vol 5.8x | FVG | ChoCH | Engulfing | Zone:FVG | MTF 15 | Risk x1.15,BOS+2 | BodyStrong+1 | 1hN+1 | 4h+2 | Vol+2 | RSI+1 | BTC+2 | FVG+1 | ChoCH+1 | Engulfing+1 | Zone:FVG+1 | Sess:OFF | QualityRisk:1.15,0,0.675,bear
EWYUSDT,2036,2099,1777423500,1777481100,LONG,SL,156.455,158.801825,163.495475,154.108175,-1.0034834297401785,-1.1368167630735104,0.13333333333333197,18,2.52,67.02,0.47826086956521574,0.005038422583219549,1.5515318502776356,base,adaptive disabled,1.0,1.0,80.0,60,100,90,80,OFF,neutral,bullish,FVG,4.535,9,1.642,1.681,0.2044,1.777,1.817,BOS bullish | Vol 2.5x | FVG | LiqSweep | ChoCH | BullWick | Zone:FVG | MTF 18,BOS+2 | BodyStrong+1 | 1hN+1 | 4h+2 | Vol+2 | RSI+1 | BTC+2 | FVG+1 | LiqSweep+1 | ChoCH+1 | BullWick+1 | Zone:FVG+1 | Sess:OFF | NestedOB_1h+2,0,0.575,bull
BZUSDT,2040,2063,1777427100,1777448700,LONG,TP2,104.155,105.82,106.38848217,103.41050594,2.99999998656803,2.720199231676852,0.27980075489117767,14,2.02,66.01,0.23144104803493293,0.0027709140479631983,1.026425732339353,base,adaptive disabled,1.25,1.0,81.9,90,87,70,80,OFF,bullish,bullish,FVG,1.338,3,3.746,5.753,0.1595,0.0,1.435,BOS bullish | Vol 2.0x | FVG | ChoCH | StrongTrend1h | Zone:FVG | MTF 14 | Risk x1.25,BOS+2 | 1h+2 | 4h+2 | Vol+2 | RSI+1 | BTCok+1 | FVG+1 | ChoCH+1 | Zone:FVG+1 | Sess:OFF | Strong1h+1 | QualityRisk:1.15 | TrendPairRisk:1.25,0,0.55,bear
CLUSDT,2040,2064,1777427100,1777449600,LONG,TP2,99.57,101.73,102.20738857,98.69087048,3.0000000113749294,2.7734804878353243,0.2265195235396051,15,1.54,63.87,0.21702127659574133,0.003665036551539236,1.2166699672272083,base,adaptive disabled,1.25,1.0,75.7,90,86,50,80,OFF,bullish,bullish,FVG,1.36,3,0.739,5.972,0.1999,0.0,0.98,BOS bullish | Vol 1.5x | FVG | LiqSweep | MACD_Div | ChoCH | StrongTrend1h | Zone:FVG | MTF 15 | Risk x1.25,BOS+2 | 1h+2 | 4h+2 | Vol+1 | RSI+1 | BTCok+1 | FVG+1 | LiqSweep+1 | MACD_Div+1 | ChoCH+1 | Zone:FVG+1 | Sess:OFF | Strong1h+1 | QualityRisk:1.15 | TrendPairRisk:1.25,0,0.6,bear
XAGUSDT,2067,2087,1777451400,1777470300,SHORT,TRAIL,72.975,71.880375,69.691125,74.069625,1.416554457159624,1.2832211238262916,0.1333333333333324,13,1.82,28.75,0.5753424657534238,0.00416666092390719,1.6972198830071126,base,adaptive disabled,1.15,1.0,78.5,90,100,50,80,OFF,bearish,bearish,FVG,0.045,2,3.315,0.045,-0.2976,10.0,1.538,BOS bearish | Vol 1.8x | FVG | ChoCH | StrongTrend1h | Zone:FVG | MTF 13 | Risk x1.15,BOS+2 | 1h+2 | 4h+2 | Vol+1 | BTC+2 | FVG+1 | ChoCH+1 | Zone:FVG+1 | Sess:OFF | Strong1h+1 | QualityRisk:1.15,0,0.5,range
SNDKUSDT,2070,2078,1777454100,1777462200,LONG,TRAIL,1060.095,1075.996425,1107.799275,1044.193575,1.1672230942149844,1.0338897608816513,0.1333333333333332,14,2.44,71.42,0.3348676639815954,0.005378134448834309,1.81339661544039,base,adaptive disabled,1.15,1.0,82.5,90,90,70,80,OFF,bullish,bullish,FVG,2.819,4,4.573,15.955,-0.0223,0.0,1.613,BOS bullish | Vol 2.4x | FVG | ChoCH | Engulfing | StrongTrend1h | Zone:FVG | MTF 14 | Risk x1.15,BOS+2 | 1h+2 | 4h+2 | Vol+2 | BTCok+1 | FVG+1 | ChoCH+1 | Engulfing+1 | Zone:FVG+1 | Sess:OFF | Strong1h+1 | TrendPairRisk:1.15,0,0.4,range
MUUSDT,2078,2097,1777461300,1777479300,LONG,SL,526.855,534.757825,550.563475,518.952175,-1.3406598273402255,-1.4739931606735588,0.13333333333333322,14,1.34,68.05,0.3739495798319307,0.005776745663794579,2.0228758160261617,base,adaptive disabled,1.25,1.0,82.5,90,90,70,80,OFF,bullish,bullish,FVG,0.76,1,1.436,6.393,0.0362,1.557,1.255,BOS bullish | Vol 1.3x | FVG | ChoCH | Engulfing | StrongTrend1h | Zone:FVG | MTF 14 | Risk x1.25,BOS+2 | BodyStrong+1 | 1h+2 | 4h+2 | Vol+1 | BTCok+1 | FVG+1 | ChoCH+1 | Engulfing+1 | Zone:FVG+1 | Sess:OFF | Strong1h+1 | QualityRisk:1.15 | TrendPairRisk:1.25,0,0.45,bull
METAUSDT,2083,2088,1777465800,1777471200,SHORT,TRAIL,670.385,666.39994126,658.42982377,674.37005874,1.96114963050607,1.4564757646448103,0.5046738658612596,15,3.18,32.26,0.3557046979865821,0.0012589267670821181,1.3418560699932927,base,adaptive disabled,1.15,1.5,84.5,90,100,70,80,OFF,bearish,bearish,FVG,1.54,4,6.161,4.04,0.1472,0.683,1.671,BOS bearish | Vol 3.2x | FVG | ChoCH | StrongTrend1h | Zone:FVG | MTF 15 | Risk x1.15,BOS+2 | 1h+2 | 4h+2 | Vol+2 | RSI+1 | BTC+2 | FVG+1 | ChoCH+1 | Zone:FVG+1 | Sess:OFF | Strong1h+1 | QualityRisk:1.15,0,0.4,bear
XAGUSDT,2083,2085,1777465800,1777468500,SHORT,TRAIL,72.87,72.09,70.97757679,73.50080774,1.1984121984856588,0.9673750840710493,0.23103711441460956,16,1.48,33.05,0.33999999999999386,0.003029056868663956,1.056852365558655,base,adaptive disabled,1.15,1.0,84.5,90,100,70,80,OFF,bearish,bearish,FVG,0.645,3,5.258,2.083,-0.2322,1.267,1.421,BOS bearish | Vol 1.5x | FVG | ChoCH | Engulfing | StrongTrend1h | Zone:FVG | MTF 16 | Risk x1.15,BOS+2 | BodyStrong+1 | 1h+2 | 4h+2 | Vol+1 | RSI+1 | BTC+2 | FVG+1 | ChoCH+1 | Engulfing+1 | Zone:FVG+1 | Sess:OFF | Strong1h+1 | QualityRisk:1.15,0,0.575,bull
CRCLUSDT,2088,2090,1777470300,1777473000,SHORT,TRAIL,93.25,91.85125,89.05375,94.64875,2.615258289442418,2.415258289442419,0.19999999999999904,17,3.0,33.2,0.32235939643347133,0.017858587104797832,8.47300665188014,base,adaptive disabled,1.0,1.5,86.1,90,78,90,80,OPEN,bearish,bearish,FVG,3.495,5,5.217,0.657,-0.4823,0.0,0.957,BOS bearish | Vol 3.0x | FVG | ChoCH | Engulfing | Session:OPEN | StrongTrend1h | Zone:FVG | MTF 17,BOS+2 | BodyStrong+1 | 1h+2 | 4h+2 | Vol+2 | RSI+1 | BTC+2 | FVG+1 | ChoCH+1 | Engulfing+1 | Zone:FVG+1 | Sess:OPEN | Strong1h+1,0,0.625,range
MSTRUSDT,2109,2151,1777489200,1777527900,SHORT,TRAIL,158.745,156.363825,151.601475,161.126175,0.9698898528244251,0.8365565194910909,0.1333333333333342,15,3.06,36.36,0.16757493188010816,0.00824632895613799,1.5080355596808872,base,adaptive disabled,1.0,1.0,80.5,90,80,70,80,CLOSE,bearish,bearish,FVG,0.219,4,6.708,-1.0,-0.118,1.016,3.225,BOS bearish | Vol 3.1x | FVG | ChoCH | BearWick | Session:CLOSE | StrongTrend1h | Zone:FVG | MTF 15,BOS+2 | 1h+2 | 4h+2 | Vol+2 | RSI+1 | BTCok+1 | FVG+1 | ChoCH+1 | BearWick+1 | Zone:FVG+1 | Sess:CLOSE | Strong1h+1,0,0.45,bear
EWYUSDT,2131,2147,1777509000,1777524300,LONG,SL,157.295,159.654425,164.373275,154.935575,-1.0108395053879669,-1.1441728387213008,0.13333333333333403,14,1.9,71.4,0.5377777777777771,0.005659825126280938,1.763375116345221,base,adaptive disabled,1.0,1.0,74.0,60,100,70,80,OFF,neutral,bullish,FVG,4.899,9,0.275,2.355,0.3422,1.951,2.169,BOS bullish | Vol 1.9x | FVG | ChoCH | Zone:FVG | MTF 14,BOS+2 | BodyStrong+1 | 1hN+1 | 4h+2 | Vol+1 | BTC+2 | FVG+1 | ChoCH+1 | Zone:FVG+1 | Sess:OFF | NestedOB_1h+2,0,0.5,range
INTCUSDT,2131,2139,1777509000,1777517100,LONG,SL,98.29,99.76435,102.71305,96.81565,-1.1394851968664195,-1.2728185301997528,0.13333333333333322,14,1.52,71.29,0.4720496894409928,0.011893352391186893,1.3197322352162477,base,adaptive disabled,1.25,1.0,84.5,90,100,70,80,OFF,bullish,bullish,FVG,3.804,9,-1.0,14.869,-0.0003,2.04,1.097,BOS bullish | Vol 1.5x | FVG | ChoCH | StrongTrend1h | Zone:FVG | MTF 14 | Risk x1.25,BOS+2 | BodyStrong+1 | 1h+2 | 4h+2 | Vol+1 | BTC+2 | FVG+1 | ChoCH+1 | Zone:FVG+1 | Sess:OFF | Strong1h+1 | QualityRisk:1.15 | TrendPairRisk:1.25,0,0.475,bull
AAPLUSDT,2139,2195,1777516200,1777567500,LONG,TRAIL,270.0,273.11,274.52864285,268.49045238,2.777532844832748,2.419809780753453,0.35772306407929544,18,2.57,49.39,0.15853658536584578,0.001436982457959943,1.0252869837548095,base,adaptive disabled,1.15,1.0,80.5,65,79,100,80,OFF,bullish,neutral,OB,0.056,9,0.975,2.005,0.2414,0.0,1.155,BOS bullish | Vol 2.6x | FVG | OB | ChoCH | BullWick | StrongTrend1h | Zone:OB | MTF 18 | Risk x1.15,BOS+2 | BodyStrong+1 | 1h+2 | 4hN+1 | Vol+2 | RSI+1 | BTCok+1 | FVG+1 | OB+1 | ChoCH+1 | BullWick+1 | Zone:OB+1 | Sess:OFF | Strong1h+1 | NestedOB_1h+2 | QualityRisk:1.15,0,0.475,range
MSFTUSDT,2144,2183,1777520700,1777556700,SHORT,TP2,420.37,409.82,408.24,426.67555,2.8855532031305824,2.6855532031305818,0.20000000000000057,14,1.43,39.2,0.43244837758111737,0.001967155318289058,0.6099617366491866,base,adaptive disabled,1.0,1.5,73.8,65,90,70,80,OFF,bearish,neutral,FVG,1.625,5,3.048,2.628,-0.1053,3.287,2.846,BOS bearish | Vol 1.4x | FVG | ChoCH | StrongTrend1h | Zone:FVG | MTF 14,BOS+2 | BodyStrong+1 | 1h+2 | 4hN+1 | Vol+1 | RSI+1 | BTC+2 | FVG+1 | ChoCH+1 | Zone:FVG+1 | Sess:OFF | Strong1h+1,0,0.35,range
BZUSDT,2147,2165,1777523400,1777540500,LONG,SL,113.11,114.80665,118.19995,111.41335,-1.373294433147668,-1.5066277664810008,0.13333333333333292,15,2.06,66.3,0.30576070901033825,0.009326081306235903,2.15102179461319,base,adaptive disabled,1.25,1.0,81.7,90,86,70,80,OFF,bullish,bullish,FVG,0.112,1,0.112,4.77,0.0547,0.0,1.375,BOS bullish | Vol 2.1x | FVG | ChoCH | Engulfing | StrongTrend1h | Zone:FVG | MTF 15 | Risk x1.25,BOS+2 | 1h+2 | 4h+2 | Vol+2 | RSI+1 | BTCok+1 | FVG+1 | ChoCH+1 | Engulfing+1 | Zone:FVG+1 | Sess:OFF | Strong1h+1 | QualityRisk:1.15 | TrendPairRisk:1.25,0,0.475,bull
GOOGLUSDT,2226,2664,1777594500,1777989600,LONG,TRAIL,386.52,392.25357436,403.72072308,380.78642564,1.1537405133755707,1.018913623295784,0.13482689007978663,14,1.31,69.64,0.5800995024875624,0.0028852801525456693,0.6426706956254348,base,adaptive disabled,1.25,1.0,82.5,90,90,70,80,OFF,bullish,bullish,FVG,0.81,1,-1.0,13.375,0.2431,0.839,1.724,BOS bullish | Vol 1.3x | FVG | ChoCH | StrongTrend1h | Zone:FVG | MTF 14 | Risk x1.25,BOS+2 | BodyStrong+1 | 1h+2 | 4h+2 | Vol+1 | BTC+2 | FVG+1 | ChoCH+1 | Zone:FVG+1 | Sess:OFF | Strong1h+1 | QualityRisk:1.15 | TrendPairRisk:1.25,0,0.575,bull
GOOGLUSDT,2239,2244,1777606200,1777611600,LONG,TRAIL,388.035,391.88539031,399.58617094,384.18460969,1.2450624989025256,0.942728214251785,0.3023342846507405,18,4.15,67.91,0.5037593984962341,0.0029642148916528364,1.0466373308347583,base,adaptive disabled,1.25,1.5,90.5,90,100,90,80,OFF,bullish,bullish,FVG,1.756,6,-1.0,19.636,0.1549,0.75,3.209,BOS bullish | Vol 4.2x | FVG | ChoCH | Engulfing | BullWick | StrongTrend1h | Zone:FVG | MTF 18 | Risk x1.25,BOS+2 | BodyStrong+1 | 1h+2 | 4h+2 | Vol+2 | RSI+1 | BTC+2 | FVG+1 | ChoCH+1 | Engulfing+1 | BullWick+1 | Zone:FVG+1 | Sess:OFF | Strong1h+1 | QualityRisk:1.15 | TrendPairRisk:1.25,0,0.525,range
TSLAUSDT,2239,2259,1777606200,1777625100,LONG,SL,382.6,385.21,387.1912,381.0696,-1.006272869837936,-1.506272869837922,0.49999999999998607,15,2.08,64.34,0.33854166666665203,0.0011934376719545511,0.7227875297370485,base,adaptive disabled,1.25,1.0,82.5,90,90,70,80,OFF,bullish,bullish,FVG,0.41,1,0.351,11.704,0.234,2.514,2.886,BOS bullish | Vol 2.1x | FVG | ChoCH | StrongTrend1h | Zone:FVG | MTF 15 | Risk x1.25,BOS+2 | 1h+2 | 4h+2 | Vol+2 | RSI+1 | BTC+2 | FVG+1 | ChoCH+1 | Zone:FVG+1 | Sess:OFF | Strong1h+1 | QualityRisk:1.15 | TrendPairRisk:1.25,0,0.575,bull
NVDAUSDT,2252,2272,1777617900,1777636800,SHORT,SL,200.885,199.09,198.41895608,201.70701464,-1.1252840946968883,-1.6140466792659296,0.48876258456904137,15,1.61,37.8,0.30281690140845213,0.001178851713119929,0.9893021814149741,base,adaptive disabled,1.15,1.0,77.7,90,96,50,80,OFF,bearish,bearish,FVG,1.575,2,35.114,3.661,-0.0976,2.308,1.953,BOS bearish | Vol 1.6x | FVG | ChoCH | BearWick | StrongTrend1h | Zone:FVG | MTF 15 | Risk x1.15,BOS+2 | 1h+2 | 4h+2 | Vol+1 | RSI+1 | BTC+2 | FVG+1 | ChoCH+1 | BearWick+1 | Zone:FVG+1 | Sess:OFF | Strong1h+1 | QualityRisk:1.15,0,0.475,range
AAPLUSDT,2257,2281,1777622400,1777644900,LONG,TRAIL,278.795,284.89,290.5878,277.65579661,11.593933017302012,10.859748930999412,0.7341840863026003,15,2.4,67.76,0.4719471947194696,0.0022293214342886075,1.5459786816437175,base,adaptive disabled,1.15,1.5,90.5,90,100,90,80,OFF,bullish,bullish,FVG,2.314,5,10.237,19.901,0.1827,7.937,0.897,BOS bullish | Vol 2.4x | FVG | BullWick | StrongTrend1h | Zone:FVG | MTF 15 | Risk x1.15,BOS+2 | BodyStrong+1 | 1h+2 | 4h+2 | Vol+2 | RSI+1 | BTCok+1 | FVG+1 | BullWick+1 | Zone:FVG+1 | Sess:OFF | Strong1h+1 | TrendPairRisk:1.15,0,0.45,bear
MSTRUSDT,2259,2276,1777624200,1777640400,LONG,TRAIL,168.53,170.33550199,173.94650596,166.72449801,1.11292035767572,0.9262354346643651,0.18668492301135492,14,7.63,68.09,0.16129032258064746,0.005747639137525316,2.574942333612863,base,adaptive disabled,1.15,1.0,69.5,65,69,70,80,OFF,bullish,neutral,FVG,1.299,1,0.904,7.269,0.2395,5.0,8.107,BOS bullish | Vol 7.6x | FVG | ChoCH | Engulfing | BullWick | StrongTrend1h | Zone:FVG | MTF 14 | Risk x1.15,BOS+2 | 1h+2 | 4hN+1 | Vol+2 | BTCok+1 | FVG+1 | ChoCH+1 | Engulfing+1 | BullWick+1 | Zone:FVG+1 | Sess:OFF | Strong1h+1 | RelStrengthRisk:1.15,0,0.575,range
TSLAUSDT,2273,2275,1777636800,1777639500,LONG,TRAIL,382.6,384.42927194,388.08781582,380.77072806,1.9844199237030433,1.3569571747801072,0.6274627489229362,17,6.74,70.63,0.311864406779661,0.00241890449454862,2.6394394728949866,base,adaptive disabled,1.25,1.5,87.9,90,87,90,80,OFF,bullish,bullish,FVG,2.848,1,3.129,13.66,0.4407,0.0,1.988,BOS bullish | Vol 6.7x | FVG | ChoCH | Engulfing | BullWick | StrongTrend1h | Zone:FVG | MTF 17 | Risk x1.25,BOS+2 | BodyStrong+1 | 1h+2 | 4h+2 | Vol+2 | BTC+2 | FVG+1 | ChoCH+1 | Engulfing+1 | BullWick+1 | Zone:FVG+1 | Sess:OFF | Strong1h+1 | QualityRisk:1.15 | TrendPairRisk:1.25,0,0.4,bull
AAPLUSDT,2274,2280,1777637700,1777644000,LONG,TP2,280.005,284.89,285.36193471,278.2193551,3.00000000560019,2.686382219667504,0.31361778593268624,16,1.56,65.14,0.36031331592689325,0.0026030962241867725,1.8537382419068664,base,adaptive disabled,1.25,1.0,79.5,90,90,60,80,OFF,bullish,bullish,OB,0.809,5,4.465,15.392,0.1573,0.828,1.675,BOS bullish | Vol 1.6x | FVG | OB | ChoCH | BullWick | StrongTrend1h | Zone:OB | MTF 16 | Risk x1.25,BOS+2 | 1h+2 | 4h+2 | Vol+1 | RSI+1 | BTC+2 | FVG+1 | OB+1 | ChoCH+1 | BullWick+1 | Zone:OB+1 | Sess:OFF | Strong1h+1 | QualityRisk:1.15 | TrendPairRisk:1.25,0,0.525,range
NVDAUSDT,2283,2575,1777645800,1777909500,SHORT,TRAIL,199.83,196.83255,190.83765,202.82745,2.1686081088337374,1.9686081088337364,0.2000000000000009,16,7.46,34.47,0.18789808917197104,0.007220811192868801,6.045624171232182,base,adaptive disabled,1.15,1.5,76.9,90,62,70,80,OPEN,bearish,bearish,FVG,1.056,1,2.429,0.595,0.1888,0.0,2.731,BOS bearish | Vol 7.5x | FVG | LiqSweep | ChoCH | Session:OPEN | StrongTrend1h | Zone:FVG | MTF 16 | Risk x1.15,BOS+2 | 1h+2 | 4h+2 | Vol+2 | RSI+1 | BTC+2 | FVG+1 | LiqSweep+1 | ChoCH+1 | Zone:FVG+1 | Sess:OPEN | Strong1h+1 | QualityRisk:1.15,0,0.45,bull
SPYUSDT,2285,2322,1777647600,1777681800,LONG,SL,721.935,724.82274,730.59822,719.04726,-1.0509948956623794,-1.5509948956623978,0.5000000000000183,14,1.87,64.86,0.30633437175492556,0.0012312386140740572,3.281159703647738,base,adaptive disabled,1.15,1.0,73.7,90,76,50,80,MIDDAY,bullish,bullish,FVG,1.862,5,-1.0,4.976,0.1177,10.0,2.927,BOS bullish | Vol 1.9x | FVG | BullWick | StrongTrend1h | Zone:FVG | MTF 14 | Risk x1.15,BOS+2 | 1h+2 | 4h+2 | Vol+1 | RSI+1 | BTC+2 | FVG+1 | BullWick+1 | Zone:FVG+1 | Sess:MIDDAY | Strong1h+1 | TrendPairRisk:1.15,0,0.6,bull
MSTRUSDT,2290,2296,1777652100,1777658400,LONG,TRAIL,175.81,178.44715,183.72145,173.17285,1.6651927322279791,1.5318593988946454,0.13333333333333378,13,1.66,65.96,0.46520146520146266,0.009380644676172292,2.5300938783747196,base,adaptive disabled,1.25,1.0,79.5,90,90,60,80,MIDDAY,bullish,bullish,OB,4.477,9,1.39,3.771,0.1117,0.25,2.182,BOS bullish | Vol 1.7x | OB | BullWick | StrongTrend1h | Zone:OB | MTF 13 | Risk x1.25,BOS+2 | 1h+2 | 4h+2 | Vol+1 | RSI+1 | BTCok+1 | OB+1 | BullWick+1 | Zone:OB+1 | Sess:MIDDAY | Strong1h+1 | QualityRisk:1.15 | TrendPairRisk:1.25,0,0.375,bull
MUUSDT,2329,2484,1777687200,1777827600,LONG,TRAIL,538.105,546.49,557.4198,535.95258,4.784276079207423,4.284276079207425,0.49999999999999856,14,1.71,64.68,0.2141592920353926,0.002024259005042855,0.5641213342714128,base,adaptive disabled,1.25,1.0,73.5,90,75,50,80,OFF,bullish,bullish,FVG,0.433,1,3.144,19.825,0.1218,5.05,3.057,BOS bullish | Vol 1.7x | FVG | ChoCH | StrongTrend1h | Zone:FVG | MTF 14 | Risk x1.25,BOS+2 | 1h+2 | 4h+2 | Vol+1 | RSI+1 | BTC+2 | FVG+1 | ChoCH+1 | Zone:FVG+1 | Sess:OFF | Strong1h+1 | QualityRisk:1.15 | TrendPairRisk:1.25,0,0.525,range
SPYUSDT,2332,2576,1777689900,1777910400,LONG,SL,719.505,724.05,728.13906,716.62698,-1.1865796624067841,-1.6865796624067855,0.5000000000000014,15,1.39,48.88,0.1904761904761876,0.0006529120240329451,1.3805248649332515,base,adaptive disabled,1.0,1.0,70.4,60,82,70,80,OFF,neutral,bullish,FVG,0.937,2,4.652,0.808,0.1505,0.0,0.933,BOS bullish | Vol 1.4x | FVG | ChoCH | Discount | BullWick | Zone:FVG | MTF 15,BOS+2 | BodyStrong+1 | 1hN+1 | 4h+2 | Vol+1 | RSI+1 | BTC+2 | FVG+1 | ChoCH+1 | Discount+1 | BullWick+1 | Zone:FVG+1 | Sess:OFF,0,0.65,range
MSTRUSDT,2335,2521,1777692600,1777860900,LONG,TRAIL,176.44,180.54,184.1508,175.73424,9.74953765859055,9.249537658590548,0.5000000000000014,21,2.13,58.04,0.366863905325447,0.002604977978542783,0.7250386364345254,base,adaptive disabled,1.25,1.0,91.5,90,90,100,80,OFF,bullish,bullish,OB,0.567,4,0.131,15.993,0.1163,0.442,2.321,BOS bullish | Vol 2.1x | FVG | OB | ChoCH | Engulfing | Discount | StrongTrend1h | Zone:OB | MTF 21 | Risk x1.25,BOS+2 | BodyStrong+1 | 1h+2 | 4h+2 | Vol+2 | RSI+1 | BTC+2 | FVG+1 | OB+1 | ChoCH+1 | Engulfing+1 | Discount+1 | Zone:OB+1 | Sess:OFF | Strong1h+1 | NestedOB_1h+2 | QualityRisk:1.15 | TrendPairRisk:1.25,0,0.525,range
XAUUSDT,2543,2545,1777879800,1777882500,SHORT,TRAIL,4605.9,4585.87703724,4545.83111171,4625.92296276,1.330626331818366,0.8705645462367437,0.4600617855816223,16,1.35,37.36,0.23337363966142954,0.00137959642256605,0.8276324356830705,base,adaptive disabled,1.15,1.0,73.3,65,88,70,80,OFF,bearish,neutral,FVG,1.058,4,3.926,2.779,0.0303,10.0,2.578,BOS bearish | Vol 1.4x | FVG | ChoCH | Engulfing | StrongTrend1h | Zone:FVG | MTF 16 | Risk x1.15,BOS+2 | BodyStrong+1 | 1h+2 | 4hN+1 | Vol+1 | RSI+1 | BTCok+1 | FVG+1 | ChoCH+1 | Engulfing+1 | Zone:FVG+1 | Sess:OFF | Strong1h+1 | NestedOB_1h+2 | QualityRisk:1.15,0,0.55,bear
BZUSDT,2546,2552,1777882500,1777888800,LONG,TP2,109.675,112.13,112.37,108.029875,1.6381733910797165,1.5048400577463825,0.1333333333333339,14,1.56,67.58,0.28472222222222204,0.009112325341140327,1.9781035850565647,base,adaptive disabled,1.25,1.0,77.8,80,84,70,80,OFF,bullish,bullish,FVG,2.056,5,2.814,2.008,0.0798,0.0,0.859,BOS bullish | Vol 1.6x | FVG | ChoCH | Engulfing | Zone:FVG | MTF 14 | Risk x1.25,BOS+2 | BodyStrong+1 | 1h+2 | 4h+2 | Vol+1 | RSI+1 | BTCok+1 | FVG+1 | ChoCH+1 | Engulfing+1 | Zone:FVG+1 | Sess:OFF | QualityRisk:1.15 | TrendPairRisk:1.25,0,0.525,range
AMZNUSDT,2551,2568,1777887000,1777903200,LONG,TRAIL,269.3,273.65,275.38025317,267.27324894,1.8741966059539552,1.6084510930343814,0.2657455129195739,18,2.16,61.45,0.17596566523605386,0.002822680194482666,2.7141078170027506,base,adaptive disabled,1.15,1.0,84.7,90,71,90,80,OFF,bullish,bullish,FVG,1.709,3,1.099,4.499,-0.1932,0.0,2.335,BOS bullish | Vol 2.2x | FVG | LiqSweep | StrongTrend1h | Zone:FVG | MTF 18 | Risk x1.15,BOS+2 | BodyStrong+1 | 1h+2 | 4h+2 | Vol+2 | RSI+1 | BTC+2 | FVG+1 | LiqSweep+1 | Zone:FVG+1 | Sess:OFF | Strong1h+1 | NestedOB_1h+2 | TrendPairRisk:1.15,0,0.575,bear
CLUSDT,2555,2562,1777890600,1777897800,LONG,SL,104.58,106.1487,109.2861,103.0113,-1.300439854656723,-1.433773187990057,0.13333333333333397,15,6.29,60.9,0.324459234608986,0.02744252378368026,5.829249427055923,base,adaptive disabled,1.15,1.0,77.3,65,78,90,80,OFF,bullish,neutral,FVG,0.485,2,1.474,1.591,0.069,0.283,1.879,BOS bullish | Vol 6.3x | FVG | ChoCH | BullWick | StrongTrend1h | Zone:FVG | MTF 15 | Risk x1.15,BOS+2 | BodyStrong+1 | 1h+2 | 4hN+1 | Vol+2 | RSI+1 | BTCok+1 | FVG+1 | ChoCH+1 | BullWick+1 | Zone:FVG+1 | Sess:OFF | Strong1h+1 | QualityRisk:1.15,0,0.525,bull
MSFTUSDT,2555,2566,1777890600,1777901400,SHORT,SL,414.325,409.26,401.0748,415.9823,-1.7588849333252785,-2.2588849333252723,0.4999999999999938,16,1.52,39.17,0.18354430379746922,0.004525501981720208,5.235754376074577,base,adaptive disabled,1.15,1.0,69.4,60,62,80,80,OFF,neutral,bearish,OB,1.157,2,1.757,0.271,0.1936,10.0,0.786,BOS bearish | Vol 1.5x | FVG | OB | ChoCH | Zone:OB | MTF 16 | Risk x1.15,BOS+2 | BodyStrong+1 | 1hN+1 | 4h+2 | Vol+1 | RSI+1 | BTC+2 | FVG+1 | OB+1 | ChoCH+1 | Zone:OB+1 | Sess:OFF | NestedOB_1h+2 | QualityRisk:1.15,0,0.375,range
XAUUSDT,2555,2575,1777890600,1777909500,SHORT,TRAIL,4565.85,4520.1842018,4428.8526054,4611.5157982,0.7191677221566812,0.5191996856842549,0.19996803647242634,17,3.17,36.66,0.32626427406198927,0.0055639889835314435,3.3050807894097685,base,adaptive disabled,1.15,1.0,86.3,90,79,90,80,OFF,bearish,bearish,FVG,1.467,2,5.445,0.46,-0.0443,1.083,1.72,BOS bearish | Vol 3.2x | FVG | ChoCH | Engulfing | StrongTrend1h | Zone:FVG | MTF 17 | Risk x1.15,BOS+2 | BodyStrong+1 | 1h+2 | 4h+2 | Vol+2 | RSI+1 | BTC+2 | FVG+1 | ChoCH+1 | Engulfing+1 | Zone:FVG+1 | Sess:OFF | Strong1h+1 | QualityRisk:1.15,0,0.575,bear
EWYUSDT,2568,2576,1777902300,1777910400,LONG,SL,166.12,168.6118,173.5954,163.6282,-1.1999357893891944,-1.333269122722527,0.1333333333333327,15,1.89,66.08,0.18235995232419527,0.005137360919666119,2.3507707341587447,base,adaptive disabled,1.25,1.0,72.7,90,71,50,80,OPEN,bullish,bullish,FVG,1.503,1,-1.0,7.051,0.5147,0.0,1.912,BOS bullish | Vol 1.9x | FVG | ChoCH | BullWick | Session:OPEN | StrongTrend1h | Zone:FVG | MTF 15 | Risk x1.25,BOS+2 | 1h+2 | 4h+2 | Vol+1 | RSI+1 | BTC+2 | FVG+1 | ChoCH+1 | BullWick+1 | Zone:FVG+1 | Sess:OPEN | Strong1h+1 | TrendPairRisk:1.15 | RelStrengthRisk:1.25,0,0.65,bull
MSTRUSDT,2574,2579,1777907700,1777913100,LONG,TRAIL,181.535,184.258025,189.704075,178.811975,1.2224931436162036,1.0891598102828706,0.133333333333333,19,1.55,53.99,0.1942857142857138,0.015760089815081375,2.879883342844494,base,adaptive disabled,1.25,1.0,76.1,90,73,60,80,MIDDAY,bullish,bullish,OB,0.044,2,2.137,3.062,-0.1331,0.971,0.783,BOS bullish | Vol 1.6x | FVG | OB | LiqSweep | ChoCH | BullWick | StrongTrend1h | Zone:OB | 💎PREMIUM | MTF 19 | Risk x1.25,BOS+2 | 1h+2 | 4h+2 | Vol+1 | RSI+1 | BTCok+1 | FVG+1 | OB+1 | LiqSweep+1 | ChoCH+1 | BullWick+1 | Zone:OB+1 | Sess:MIDDAY | Strong1h+1 | 💎Premium+3 | QualityRisk:1.15 | TrendPairRisk:1.25,1,0.575,range
NVDAUSDT,2575,2745,1777908600,1778062500,SHORT,SL,197.855,194.887175,188.951525,200.822825,-1.214694262633414,-1.3480275959667471,0.1333333333333331,16,1.75,35.72,0.20930232558139536,0.007823273398907944,5.567097231189941,base,adaptive disabled,1.15,1.0,80.5,90,65,80,80,MIDDAY,bearish,bearish,OB,0.276,1,2.353,-1.0,0.032,0.0,1.51,BOS bearish | Vol 1.8x | FVG | OB | ChoCH | StrongTrend1h | Zone:OB | MTF 16 | Risk x1.15,BOS+2 | BodyStrong+1 | 1h+2 | 4h+2 | Vol+1 | RSI+1 | BTC+2 | FVG+1 | OB+1 | ChoCH+1 | Zone:OB+1 | Sess:MIDDAY | Strong1h+1 | QualityRisk:1.15,0,0.425,range
SPYUSDT,2578,2580,1777911300,1777914000,SHORT,TRAIL,721.34,718.45464,712.68392,724.22536,1.8115701152051578,1.3115701152051562,0.5000000000000016,15,1.44,35.54,0.25024342745860606,0.002641684671230358,3.8866190064971806,base,adaptive disabled,1.15,1.0,72.8,65,70,80,80,MIDDAY,bearish,neutral,OB,1.733,4,2.699,0.496,0.3942,0.0,0.795,BOS bearish | Vol 1.4x | FVG | OB | ChoCH | StrongTrend1h | Zone:OB | MTF 15 | Risk x1.15,BOS+2 | BodyStrong+1 | 1h+2 | 4hN+1 | Vol+1 | RSI+1 | BTC+2 | FVG+1 | OB+1 | ChoCH+1 | Zone:OB+1 | Sess:MIDDAY | Strong1h+1 | QualityRisk:1.15,0,0.575,bull
XAUUSDT,2578,2703,1777911300,1778024700,SHORT,SL,4550.25,4505.99270964,4417.47812892,4594.50729036,-1.020170905917145,-1.2257980449935362,0.20562713907639102,14,1.36,28.46,0.38208709942481284,0.004614445274567359,2.3208124321584194,base,adaptive disabled,1.15,1.0,76.5,90,90,50,80,MIDDAY,bearish,bearish,FVG,0.593,2,6.534,0.38,-0.1081,0.0,1.194,BOS bearish | Vol 1.4x | FVG | ChoCH | BearWick | StrongTrend1h | Zone:FVG | MTF 14 | Risk x1.15,BOS+2 | 1h+2 | 4h+2 | Vol+1 | BTC+2 | FVG+1 | ChoCH+1 | BearWick+1 | Zone:FVG+1 | Sess:MIDDAY | Strong1h+1 | QualityRisk:1.15,0,0.5,range
